kfm_donor_id,partner_ids,partner_names,auto_slots_moved,bike_slots_moved,total_slots_moved,kfm_donor_name
7,"189,383,58,122,131,116","AMI CHAISE Динамо,Ribambelle Проспект Мира,Печорин Тишинка,Косяк Тишинка,EVA Б.Грузинская,Корнер Дмитровка",26,4,30,Белая Площадь
4,"182,480,98,298","Miss You,Сыроварня Атриум,Печорин Угрешская,Ив. Дурдинъ Волгоградский",16,7,23,Аврора
30,"63,62,140","Печорин Вавилова,Печорин Новочеремушкинская,Клёво Черемушки",21,0,21,Черёмушки
69,"482,483,554,288,424,553","ВАНЛАВ Нежинская,ВАНЛАВ Винницкая,Bocconcino Мичуринский,Биродром и Ив.Дурдинъ Мичуринский,Корнер Ланового,Bocconcino Кутузовский",16,0,16,Опен Мичуринский
6,"146,425,427,432,437,136,292","Maestrello Покровка,Волконский Сретенка,Волконский Бухвостова,San Si,Brasserie Lambic Проспект Мира,Ikura,Узбекистан",14,0,14,Неглинная
12,"61,187,296","Печорин Шелепиха,Биродром и Панчетта Народное ополчение,Клево Авиапарк",8,6,14,Хорошо
8,"181,65,130,139,517","Ribambelle Оболенский,Печорин Усачева,EVA Хамовники,Клёво Усачева,INSPIRO Neurobistro",14,0,14,Усачева
14,"478,550,551","Сыроварня Метрополис,Bocconcino Метрополис,Bocconcino Авиапарк",1,13,14,Метрополис
18,121,Косяк Новая Рига,5,0,5,Новая Рига
33,"381,59,439","Печорин Мытная,Печорин Шаболовка,Brasserie Lambric Шаболовка",2,0,2,Даниловский
9,60,Печорин Карбышева,1,0,1,КИНКИ
11,422,Ribambelle Кутузовский,0,0,0,Кутузовский
128,"382,423","Печорин Звенигородская,Brasserie 2.0 select",0,0,0,Кофемания Лаки
2,"337,338,344,342,438,444,336,340","Mamie,Saray,Eleven coffee,Maya,Brasserie Lambric Красина,ТАКАХУЛИ,Koji,Lucky Izakaya bar",0,0,0,Кудринская
21,68,Печорин Горки-2,0,0,0,Горки-2
29,"144,339,552,66","Печорин Кутузовский,Лондри,Bocconcino Депо Лесная,Печорин Можайский",0,0,0,Украинский
348,67,Печорин Петровский,0,0,0,Рига Холл
35,"555,64","Bocconcino Ленинский,Печорин Ленинский",0,0,0,Ленинский
