Рест без курьеров,Ресты доноры
"ВАНЛАВ
Винницкая и Неженская ","Мичура: возможно брать с Укр., Греб., Сколково, Ленинского"
Корнер,"Ланового - приоритет курьер с Мичуры: также Ленинский, Укр., Греб., Сколково
Дмитровка - приоритет курьер с Белой, Неглинной; при необходимости — авто с
Метрака. Аркус (при наличии автомобиля на смене); курьеры на гарантии
Смоленская - пеший полигон до 5 км; только пешие курьеры"
Ribambelle," Шелепиха-хорошо, метрополис, украинский, аркус, гребной, кинки, Кутузовский (курьер с Укр., Кутузов и Мичуры), Проспект Мира (курьер с Белой, Неглинной), Оболенский-украинский, усачева, мичуринский"
Печорин,"новочеремушкинская-черемушки, даниловский, мичуринский, Ленинский-кфм ленинский, черемушки, мичуринский, Шаболовка-кфм даниловский, аврора, валовая, якиманка, Тишинка-белая, укр, неглинная, печорин угрешская-аврора, символ, даниловский, печорин горки 2-горки 2, печорин петровский-рига холл, печорин карбышева-кинки, гребной, хорошо, аркус, метрополис, белая, Печорин Шелепиха-хорошо, украина, белая, кинки, гребной, Печорин звенигородская-лаки, украинский, кудринская, белая, неглинная, Можайский-украинский, Печорин мытная-даниловский, аврора, черемушки, Печорин Вавилова-черемушки, печорин Мичуринский-мичуринский, Печорин усачева-усачева, украинский, мичуринский, Печорин кутузовский-украинский, мичуринский"
"Сыроварня/bocconchino 
Метрополис",брать курьеров с Метрака.  возможно назначать заказы из Кофемании и Сыроварни. Курьеру необходимо расписывать очерёдность доставки
Биродром народное ополчение,"Хорошо, Гребной, Кинки "
Дурдин волгоградка ,"Аврора, Символ, Даниловский "
Косяк тишинская,"Белая, украинский, неглинная"
Косяк новая рига,"Новая рига, павлово"
Brasserie 2.0 select,"Лаки, кудринская, белая, украинский "
БТ Новинский,"Кудринская, весна"
Saray,"Кудринская, весна, украинский, белая"
"Margarita bistro
Lucky Izakaya bar
Koji
Loro  
Mamie
Eleven coffee
Brasserie Lambric Красина
Maya
Mosto
ТАКАХУЛИ","Кудринская, лаки, весна, неглинная, у данных ресторанов пешая доставка    "
Мясо рыба тверская,"Белая, неглинная, украинский, метрополис, хорошо,марун"
"I Love Cake
Conversation Никитская
Friends Forever Grande
Conversation Остоженка
Friends Forever Botanica 
I love cake x Grande Bibliotheca Slava","Назначаем любому свободному курьеру, который отвезет торт и вернется в свой ресторан ближе к адресу отдачи"
Brasserie Lambic Проспект Мира,"Неглинная, белая,мераки,символ"
Волконский Сретенка,"Неглинная, белая, символ, аврора, украинский"
БТ Мясницкая,"Неглинная, опен покровка"
Покровка,"Опен покровка, неглинная, аврора, символ, украинский, белая"
Ikura,"Неглинная, белая, украинский, аврора, Meraki"
Ami chase динамо,"Белая, аркус, украинский, неглинная, метрополис"
San Si,"Неглинная, аврора, покровка, украинский, кудринская"
Узбекистан,"Неглинная, белая, украинский, Meraki "
Miss You,"Неглинная, Белая,аврора, покровка, украинский, кудринская"
Лондри,"неглинная, украинский, символ, аврора, даниловский, белая, Meraki"
Maestrello Покровка,"неглинная, украинский, символ, аврора, даниловский, белая, Meraki"
Сыроварня Атриум,"Аврора, покровка, символ, неглинная"
БТ Таганка,"Аврора, символ, покровка"
Brasserie Lambric Шаболовка,"Даниловский, аврора, украинская"
INSPIRO Neurobistro,"Усачева, украинский,  мичуринский, аврора, даниловский, черемушки"
EVA Хамовники,"Усачева, украинский,  мичуринский, аврора, даниловский, черемушки"
Ribambelle Оболенский,"Усачева, украинский,  мичуринский, аврора, даниловский, черемушки"
Мясо&Рыба Хамовники,"Усачева, украинский,  мичуринский, аврора, даниловский, черемушки"
Osteria osso,"белая, метрополис, неглинка, хорошо, украинский"
Клёво Черемушки,"Черемушки, ленинский"
Клево усачева,"черемушки, ленинский, мичуринский, украинский, аврора, даниловский"
"Bocconcino Мичуринский
Bocconcino Кутузовский","Мичуринский, украинский, ленинский"
Биродром и Ив.Дурдинъ Мичуринский,"Мичуринский, украинский, ленинский"
Волконский Сретенка,"неглинная, украинский, символ, аврора, белая, Meraki, приоритет куда поедет курьер "
Волконский Бухвостова,"неглинная, украинский, символ, аврора, белая, Meraki, приоритет куда поедет курьер "
Волконский Садовая,"Лаки, кудринская, белая, украинский "
Bocconcino Авиапарк,"Метропоплис, Белая, аркус, украинский"
БТ Царская Площадь,"Опен аркус, белая"
Жажда крови,"Белая, неглинная, украинский, метрополис, хорошо"
EVA Б.Грузинская,"Белая, украинский, лаки, неглинная, кудринская"
Клево Черемушки,"черемушки, ленинский, мичуринский"
Клево Авиапарк,"Белая, украинский, метрополис, хорошо, алия"
Bocconcino Депо Лесная,"Белая, неглинная, украинский"
Bocconcino Ленинский,"Ленинский, мичуринский, черемушки"
Bocconcino Новослободская,"Белая, тверская"