business_group,date,predicted_orders,forecast_segment_slots,auto_long_shift_slots,bike_long_shift_slots,total_long_shift_slots,locations,overcoverage_hours
kfm,2026-09-14,2044.6181277811313,478,119,69,188,50,107
kfm,2026-09-15,2081.384552657035,484,122,70,192,50,137
kfm,2026-09-16,2095.310739125127,487,123,71,194,50,134
kfm,2026-09-17,2091.7207336203473,486,119,70,189,50,110
kfm,2026-09-18,2106.150161017974,493,126,69,195,50,127
kfm,2026-09-19,2084.793554598091,495,128,69,197,50,130
kfm,2026-09-20,2047.4277315425732,481,130,66,196,50,130
non_kfm,2026-09-14,84.2339981512807,7,5,0,5,51,6
non_kfm,2026-09-15,84.31996100235845,7,5,0,5,51,6
non_kfm,2026-09-16,86.3618572490129,8,5,0,5,51,0
non_kfm,2026-09-17,82.77756172172501,6,4,0,4,51,0
non_kfm,2026-09-18,90.86269353055548,8,5,0,5,51,0
non_kfm,2026-09-19,88.20501159234766,8,5,0,5,51,0
non_kfm,2026-09-20,91.08374991889198,8,5,0,5,50,0
