location_id,date,segment,vehicle_type,shifts_count,expected_earnings_mean_rub,expected_earnings_min_rub,expected_earnings_max_rub,earnings_coefficient_of_variation,rub_per_hour_p10,rub_per_hour_median,low_expected_income_shifts
1,2026-09-14,medium,bike,2,3827.661528845363,3775.0474115888496,3880.275646101877,0.013745760135793693,442.17600192724956,533.0811600412036,0
1,2026-09-15,medium,bike,2,3738.310541123262,3514.82810957494,3961.7929726715843,0.059781665832708414,454.75976576007406,513.0019520574441,0
1,2026-09-16,medium,bike,2,3793.8056301421566,3446.5514048441514,4141.059855440161,0.09153189676852082,446.8950309798265,511.19945247705675,0
1,2026-09-17,medium,bike,2,3998.3408401274455,3961.2794055470563,4035.402274707835,0.009269203417687657,463.38464513316956,556.3546009782672,0
1,2026-09-18,medium,bike,2,4019.7735574673134,3961.2794055470563,4078.26770938757,0.014551603736881016,464.09906904449844,559.9267205349117,0
1,2026-09-19,medium,bike,2,3198.2419042350552,2908.1394936881525,3488.344314781958,0.0907068380796194,360.5808356644544,510.39773668309317,0
1,2026-09-20,medium,bike,2,3164.79268417951,3061.7549965648745,3267.830371794146,0.03255748413781129,371.5321070923704,496.88053698857425,0
10,2026-09-14,medium,bike,2,5899.808159923055,5695.045865151527,6104.5704546945835,0.034706602184535876,671.2474274267291,825.1056415107446,0
10,2026-09-15,medium,bike,2,6612.2833690040525,6035.769849210002,7188.796888798103,0.08718826578070349,723.3902664009686,934.3869545781754,0
10,2026-09-16,medium,bike,2,6311.2088817419135,5890.584980874313,6731.832782609513,0.06664712082093316,701.2557111309233,888.2407863771435,0
10,2026-09-17,medium,bike,2,6668.4117453818035,6428.17822693331,6908.645263830296,0.03602559764172728,757.9619104238359,932.8414512599307,0
10,2026-09-18,medium,bike,2,6450.611663963706,6223.139210407265,6678.084117520148,0.03526370294885594,733.6153229993956,902.2369659270826,0
10,2026-09-19,medium,bike,2,5981.285298831044,5786.389425675446,6176.181171986642,0.032584279702171655,671.5840939923066,887.4480011668766,0
10,2026-09-20,medium,bike,2,6410.787304417448,6160.64802147155,6660.926587363345,0.039018496647601326,727.0802452698775,897.3354390286983,0
101,2026-09-14,medium,auto,4,5839.6295039172255,5597.287555362493,6147.808736663038,0.04225832483286915,601.4782228455754,768.4760920828797,0
101,2026-09-15,medium,auto,4,6300.622613810185,4014.516599713857,7599.197727098914,0.21841954159880111,508.99209379293745,773.8730097601863,0
101,2026-09-16,medium,auto,4,6436.631200729765,4277.07717494254,7429.258265183271,0.1997829593912353,520.8240119077806,740.5105960288347,0
101,2026-09-17,medium,auto,4,6762.126689517702,4525.241480265252,7677.044673991616,0.19343081340485904,547.0782438383161,767.7044673991616,0
101,2026-09-18,medium,auto,5,5778.432848747859,4525.241480265252,6371.02866792964,0.11673712921132301,562.1361245062842,726.5540892259227,0
101,2026-09-19,medium,auto,5,5707.767622556393,4897.5628960876975,7023.652473382565,0.17420661589671202,547.8861977621839,780.4058303758407,0
101,2026-09-20,medium,auto,5,5699.675673426527,5099.976210092795,6682.443142671673,0.1291937010113102,594.1697137840686,930.8580848832253,0
11,2026-09-14,medium,auto,5,4269.547848751753,2576.2038648160624,6761.4238757230405,0.47655729863871094,595.9487538968618,965.9176965318629,0
11,2026-09-15,medium,auto,5,5501.336180703209,2957.9949457385583,9147.25075080332,0.5415842631522589,737.1244425134503,1306.7501072576172,0
11,2026-09-16,medium,auto,5,5320.662843998589,2760.844156711164,8808.79631065554,0.537451873443771,699.6183268348733,1258.3994729507915,0
11,2026-09-17,medium,auto,5,5530.111879346062,2543.240072535567,9397.340119072724,0.5724123688098376,749.7232908998773,1307.0485980676576,0
11,2026-09-18,medium,auto,4,6152.706689157308,2543.240072535567,9386.734702901458,0.5273948619220947,765.7996933475889,1306.2910683411387,0
11,2026-09-19,medium,auto,6,4273.067864491801,2902.207021308827,6945.247448574097,0.4423416889552316,636.2442812344435,992.1782069391567,0
11,2026-09-20,medium,auto,4,4493.113256912091,2480.0286692386358,9016.40559654167,0.5852942742219774,679.7374510484009,1240.0143346193179,0
115,2026-09-14,high,auto,4,4781.538597197456,4190.0396704018785,5422.440316445402,0.1103015890859807,582.123503568676,660.7907750079054,0
115,2026-09-14,high,bike,2,5141.084785918933,5051.871831659444,5230.297740178423,0.017352943585726758,736.698007359188,796.7061329905432,0
115,2026-09-15,high,auto,4,4775.3005569118395,4138.651224567507,5344.874907734636,0.11747628880978181,592.0276193812385,654.9041046358429,0
115,2026-09-15,high,bike,2,5084.528558738639,4989.9135061053275,5179.143611371949,0.0186084219097754,727.8793681173603,788.0176942409001,0
115,2026-09-16,high,auto,4,4728.396082545499,4147.704264675409,5286.612928615168,0.10859671988593878,588.9397597593321,653.7053912391997,0
115,2026-09-16,high,bike,2,5086.182358224209,5000.828629089737,5171.5360873586815,0.016781492113914845,729.1559490056109,788.1633855482046,0
115,2026-09-17,high,auto,4,4737.998709754517,4238.445360586787,5291.215777016317,0.10094148732419618,593.1866631899092,660.0917401687332,0
115,2026-09-17,high,bike,2,5140.196605647833,5110.233890726468,5170.159320569198,0.00582909900536547,743.1993936743182,795.8633165278952,0
115,2026-09-18,high,auto,5,3879.489497319036,2123.2009769061956,5034.737212042754,0.25689548785536087,383.006171580976,566.7397001079818,0
115,2026-09-18,high,bike,2,5252.8435196234805,5140.088588353071,5365.598450893891,0.021465503559963687,750.2951736364835,814.2823891235198,0
115,2026-09-19,high,auto,5,3624.7992025212907,1126.5095728528195,4734.870735685959,0.3592524095587602,294.9269173277819,548.135207290383,0
115,2026-09-19,high,bike,2,4971.397153651344,4646.610380010699,5296.183927291988,0.06533108572951127,688.7528994205626,795.6725334568191,0
115,2026-09-20,high,auto,5,3512.2685185728637,1131.23109406799,4756.7520850858255,0.3581010623204141,296.2535358366915,535.7926208277652,0
115,2026-09-20,high,bike,1,8858.89463353654,8858.89463353654,8858.89463353654,0.0,738.2412194613784,738.2412194613784,0
12,2026-09-14,high,auto,4,3548.083760456797,2644.34194015038,5038.598773643365,0.25427232173119285,311.06890515161075,431.684802907198,0
12,2026-09-14,high,bike,2,4728.728037524857,4619.22024321097,4838.235831838744,0.023157981056404018,674.5370094196752,733.1306224063932,0
12,2026-09-15,high,auto,4,3495.3171345460405,1626.9885879040478,5533.069037783028,0.39668967460529164,280.68822738617985,465.02361127173253,0
12,2026-09-15,high,bike,2,4698.775329953776,4688.968661660732,4708.58199824682,0.002087068992324088,683.538591754651,727.0746740607863,0
12,2026-09-16,high,auto,4,3464.4695191293576,1634.1026117141369,5427.207756017141,0.38759490578115663,278.66417242541553,467.1060779661551,0
12,2026-09-16,high,bike,2,4640.473441825288,4489.474170164378,4791.472713486198,0.03253962630190503,657.0759861506663,719.9661192308292,0
12,2026-09-17,high,auto,4,3458.650385026653,1632.4073479185452,5437.618558032,0.3903204470200441,278.7761068936727,459.9119670434601,0
12,2026-09-17,high,bike,2,4625.118250063795,4566.092117928406,4684.144382199184,0.012762080652656828,665.1380596274481,716.4948021781515,0
12,2026-09-18,high,auto,4,3545.0023711503727,1700.2294749897721,5602.5777483640595,0.3905199317898359,288.8345227707066,474.9079401515994,0
12,2026-09-18,high,bike,2,4766.696834598203,4670.854758458559,4862.538910737847,0.020106602006654047,681.580784123636,738.8440586418606,0
12,2026-09-19,high,auto,4,3416.2934199582833,2632.7140539125157,5191.647721423174,0.30546630249903867,297.32754192092125,440.7629168522275,0
12,2026-09-19,high,bike,1,9207.450541604747,9207.450541604747,9207.450541604747,0.0,767.2875451337289,767.2875451337289,0
12,2026-09-20,high,auto,4,3380.21327709684,2550.52753001724,5125.194449974356,0.3027947402991628,306.6667883505657,432.16015203792637,0
12,2026-09-20,high,bike,1,9055.294938550604,9055.294938550604,9055.294938550604,0.0,754.6079115458837,754.6079115458837,0
123,2026-09-14,medium,bike,3,4429.868959319773,3503.380869042808,5052.573894686247,0.15078066234983997,366.3368716003386,430.3320103845697,0
123,2026-09-15,medium,bike,3,4760.775162184149,3643.039349874271,6186.8366198396325,0.22289210969702392,394.5570916539356,515.5697183199694,0
123,2026-09-16,medium,bike,3,5008.5655158451,3811.2202902080003,6264.5018185916215,0.20013804804218951,394.8971584663796,449.997676248698,0
123,2026-09-17,medium,bike,3,4793.6085475213085,3919.7588241717913,5809.650750623172,0.16231382400499453,398.1519071659063,422.85600616081496,0
123,2026-09-18,medium,bike,2,3135.6667936657523,3066.93952621042,3204.394061121085,0.021917911556854852,349.73425602510605,466.91365567709624,0
123,2026-09-19,medium,bike,2,2900.554483869626,2888.496618344924,2912.6123493943273,0.004157089822569097,319.90504381238793,434.48027930420875,0
123,2026-09-20,medium,bike,2,2900.554483869626,2888.496618344924,2912.6123493943273,0.004157089822569097,319.90504381238793,434.48027930420875,0
125,2026-09-14,medium,auto,2,3191.794799300116,3058.4529049605794,3325.1366936396535,0.04177646206102463,478.4917899792032,492.3808392447854,0
125,2026-09-15,medium,auto,2,2410.7234824106254,2334.5519948224355,2486.8949699988157,0.03159694097807588,341.60493454857914,373.9949614157896,0
125,2026-09-16,medium,auto,2,2214.4230847953113,2105.737353779713,2323.1088158109096,0.049080833631954576,309.45614003519256,344.00221230184104,0
125,2026-09-17,medium,auto,2,2769.473445921578,2723.027480206362,2815.919411636794,0.016770684616461657,407.43057283293194,428.05605751506306,0
125,2026-09-18,medium,auto,2,3627.930581210455,3239.8707413888756,4015.9904210320346,0.1069645163089377,516.5963371938814,574.9864754533897,0
125,2026-09-19,medium,auto,2,3375.944321686261,3155.4477534294056,3596.440889943116,0.06531404171580611,514.9903388831765,519.8426144483874,0
125,2026-09-20,medium,auto,2,3130.941910938238,3101.6542881854716,3160.2295336910042,0.009354252996661249,458.0094638966965,484.20187166005155,0
126,2026-09-14,high,bike,5,4027.33683522272,3300.2390520321374,4802.953124931904,0.1359191795109227,468.07099740767933,480.2953124931904,0
126,2026-09-15,high,bike,5,4002.047233877524,3259.807547513192,4790.242526622744,0.13496134273680768,463.56864538053816,479.02425266227436,0
126,2026-09-16,high,bike,5,4104.1265949710305,3354.9230678198314,4922.558984479705,0.13429596340183678,475.3448526565983,492.2558984479705,0
126,2026-09-17,high,bike,5,4086.7170231195405,3390.49215859124,4870.313010937072,0.12798711726685028,473.34247656497257,487.0313010937072,0
126,2026-09-18,high,bike,5,4079.616051942133,3398.81507692597,4785.683203950413,0.1243546092642483,478.44575646039243,485.54501098942427,0
126,2026-09-19,high,bike,5,3429.8681370907734,1177.9758210176537,4339.408022964851,0.3413517005143504,281.0037739221645,500.78062575579924,0
126,2026-09-20,high,bike,5,3388.833898636447,1133.404258665594,4473.855530991236,0.34809167383842937,283.84334299953,505.44258768589873,0
127,2026-09-14,medium,bike,2,1975.3552018054777,1898.259192359827,2052.4512112511284,0.039028934834193264,216.35826221859867,260.810826592542,0
127,2026-09-15,medium,bike,2,1421.9641248287976,1258.6298522896127,1585.2983973679825,0.11486525552031779,154.8788295577181,197.9220032911423,0
127,2026-09-16,medium,bike,2,1956.2656399701866,1922.4710017055831,1990.06027823479,0.017275076336319282,206.19006145741565,261.961906604845,0
127,2026-09-17,medium,bike,2,1459.059985853341,1361.6898980233973,1556.4300736832847,0.06673480787220422,148.4925920501605,197.7870010414436,0
127,2026-09-18,medium,bike,2,1907.6601025924401,1772.7341505373395,2042.5860546475405,0.07072850759511147,202.57536020918192,270.11823571953124,0
127,2026-09-19,medium,bike,2,1565.4470329962742,1470.5110476771058,1660.3830183154428,0.060644648664644044,153.52220063079932,232.87971308959453,0
127,2026-09-20,medium,bike,2,1565.4470329962742,1470.5110476771058,1660.3830183154428,0.060644648664644044,153.52220063079932,232.87971308959453,0
128,2026-09-14,medium,bike,3,6422.899202958405,3970.6391298167273,7653.760805980421,0.26997372616388615,470.7263465049466,765.3760805980421,0
128,2026-09-15,medium,bike,3,6054.03679276523,2684.95790156485,8453.669550627279,0.4051519658979837,422.1988728951628,768.515413693389,0
128,2026-09-16,medium,bike,3,6312.862247007996,4270.80750309191,7401.016802903121,0.2288962662706135,503.14820991466297,807.4180483365509,0
128,2026-09-17,medium,bike,3,6805.806123682033,6321.482913246302,7263.597015769894,0.056580185824906586,580.8041621352899,605.2997513141578,0
128,2026-09-18,medium,bike,3,6513.044053583589,4093.145726563274,8053.98405678176,0.2659795827700683,475.29170567317664,739.2002377405735,0
128,2026-09-19,medium,bike,3,6271.411282886455,3936.703623695551,7754.79904889026,0.2664364155116391,444.4404930969814,647.5210160066865,0
128,2026-09-20,medium,bike,3,7114.503824454266,7048.623339909704,7246.264793543389,0.01309565319487013,587.3852783258086,587.3852783258086,0
14,2026-09-14,medium,auto,5,5912.706143001125,4055.0743212297502,7459.417722940721,0.2625540548638887,480.271531247412,666.4249898874001,0
14,2026-09-15,medium,auto,5,6294.968114186244,3955.9236185175614,8886.407368311882,0.31650386784819295,518.8312145185212,807.1218763543598,0
14,2026-09-16,medium,auto,5,6185.918016251385,3955.9236185175614,7900.693088908348,0.2971022048657693,492.3881011755479,718.2448262643952,0
14,2026-09-17,medium,auto,5,5889.162108669983,3957.9746786593114,7596.784154553216,0.27202220613523975,478.2508389373785,680.6293897135542,0
14,2026-09-18,medium,auto,5,6405.531986986814,4032.9460470256895,8373.11550135963,0.3059453412087554,506.282820977455,753.890488628805,0
14,2026-09-19,medium,auto,5,6768.229989857973,4182.988603447848,8685.535253049113,0.31226898929229335,521.758804368782,763.1653404247754,0
14,2026-09-20,medium,auto,5,6718.166682698624,4752.38118512726,8822.705970314713,0.24779393240283534,565.2757919666367,788.7139379059738,0
142,2026-09-14,medium,bike,2,3287.2112042604535,2962.443159416865,3611.979249104042,0.09879743790805612,356.44397009342055,465.5784462818293,0
142,2026-09-15,medium,bike,2,3565.852491268866,3364.7930425704044,3766.9119399673273,0.05638467917300664,399.2611699231625,500.8422751400775,0
142,2026-09-16,medium,bike,2,3614.7967414116974,3364.7930425704044,3864.80044025299,0.06916120510379184,400.8926449279236,508.99965016388273,0
142,2026-09-17,medium,bike,2,3657.3537912612055,3520.5568690202567,3794.150713502154,0.037403251106799644,415.29153212706154,511.76571884852706,0
142,2026-09-18,medium,bike,2,3771.660294609417,3599.325477393325,3943.9951118255094,0.04569203049977722,426.9460696121624,557.132303330608,0
142,2026-09-19,medium,bike,2,3043.856077014624,2895.6118248682715,3192.1003291609763,0.048702779762093265,345.20126612185334,449.166198944876,0
142,2026-09-20,medium,bike,2,3339.082558399862,3064.538631241972,3613.626485557752,0.0822213654068666,366.6809712168264,471.38768664325556,0
16,2026-09-14,medium,bike,2,3955.787491864548,3771.9026222242464,4139.6723615048495,0.04648502226635738,519.5974638439277,528.1511384672135,0
16,2026-09-15,medium,bike,2,3571.6018896998175,3425.0575954491487,3718.146183950487,0.04103041122060378,428.8989116525345,491.98514317356717,0
16,2026-09-16,medium,bike,2,4590.230502372906,4571.421567414903,4609.039437330908,0.004097601405480512,583.8229590913686,614.5950767913891,0
16,2026-09-17,medium,bike,2,4303.0805480900535,4142.232767314938,4463.928328865169,0.03737968159729389,561.3666908161163,574.8692896479972,0
16,2026-09-18,medium,bike,2,4038.7318783038686,4024.87406554948,4052.5896910582574,0.003431228705434285,513.4145411804751,540.7778603732468,0
16,2026-09-19,medium,bike,2,5174.768819725655,4849.71282810937,5499.8248113419395,0.06281555813222162,624.1616190386176,695.9516811384028,0
16,2026-09-20,medium,bike,2,4982.342597807621,4620.887257811531,5343.797937803713,0.07254726725439195,611.3945814105634,681.9516013622783,0
17,2026-09-14,medium,auto,5,7097.9550208077735,4096.516514499268,10171.211967123943,0.3550402849357943,543.6391076336947,856.2765053958198,0
17,2026-09-15,medium,auto,5,6266.924688404959,3235.322925270917,10912.550228146185,0.5925487446831637,526.7284449733198,1339.513054758232,0
17,2026-09-16,medium,auto,5,6462.659047069907,3603.2672829432327,9732.26682084693,0.37928598022398374,482.8461175352685,768.7246924308072,0
17,2026-09-17,medium,auto,4,7463.983467033328,3926.25169851453,9910.198698621869,0.292726243560568,515.1298709609708,800.9741735498458,0
17,2026-09-18,medium,auto,6,6053.678932691181,3554.2871588953017,9732.436404968294,0.42420682121659353,487.7017368400644,796.3387857246443,0
17,2026-09-19,medium,auto,6,6568.874879333528,3894.9842337380383,10745.865183547983,0.4228276875012263,527.3853672302488,849.1215695619536,0
17,2026-09-20,medium,auto,6,7007.554370017379,5477.634995004408,10124.471941377744,0.30879299208373845,691.3225981347962,1265.558992672218,0
18,2026-09-14,medium,auto,3,7152.784995323076,6721.668025283213,7989.484963163502,0.0827269445062896,807.2004976851605,840.2085031604016,0
18,2026-09-15,medium,auto,4,5558.223248130234,3523.763593959156,7706.063759388755,0.3663110737227867,474.55268150145133,963.2579699235944,0
18,2026-09-16,medium,auto,3,7095.175921817015,6697.477504526805,7889.80659520396,0.07919307864107883,798.6406192593237,837.2804582150346,0
18,2026-09-17,medium,auto,3,7024.5603771334,6487.502283432734,7815.2530242203065,0.08127931711026581,787.4077990234429,810.9377854290917,0
18,2026-09-18,medium,auto,4,5695.639712275746,5115.192094497683,6323.048680969461,0.10207750631008486,547.6403893184403,692.1251087931282,0
18,2026-09-19,medium,auto,4,7248.343449035981,6639.278428229512,7787.8956543584645,0.07474624944295735,789.013613054415,829.909803528689,0
18,2026-09-20,medium,auto,6,5280.156418460479,3734.0590841407634,6089.072951821969,0.20712418477937114,491.4807548003881,668.5930243798557,0
2,2026-09-14,high,bike,5,4592.3501592906205,3433.4780096443947,6493.4050955002085,0.2773647925781073,401.8501283517343,477.9880354044692,0
2,2026-09-15,high,bike,5,4536.91425625211,3417.101445173329,6340.668167719234,0.26714150557026684,400.2125622883912,469.21944380878426,0
2,2026-09-16,high,bike,5,4556.782588591057,3447.5640940654,6386.426985359075,0.2653186451862786,406.6081793735615,466.4346058565777,0
2,2026-09-17,high,bike,5,4589.50753151054,3489.5666644610073,6403.859172012244,0.26227714268052216,409.4745609263208,469.8872443847412,0
2,2026-09-18,high,bike,5,4529.704081199698,3462.80700557295,6404.749410763045,0.2563759787821568,410.4265447129604,446.18496718776487,0
2,2026-09-19,high,bike,4,5033.5797661899405,2486.157129858791,7491.448530437295,0.358838041263308,331.8051555536377,469.7468679928528,0
2,2026-09-20,high,bike,4,4920.700898073159,3991.8596373108912,6924.154755798425,0.24387973893510873,398.1658302043798,399.18596373108915,0
20,2026-09-14,medium,auto,3,6233.028329722773,4122.3493569659695,7547.597037144097,0.24184219856982045,518.47787448588,943.4496296430121,0
20,2026-09-15,medium,auto,3,5963.547812598391,4348.6379389525255,7131.57095941831,0.19774369195918853,531.0463076711832,915.7763627749055,0
20,2026-09-16,medium,auto,3,5531.96984922788,3474.91220104631,6635.370371945889,0.2631690932519197,443.877235382352,829.4212964932361,0
20,2026-09-17,medium,auto,3,5418.900559714661,3982.30850677954,6231.830199802037,0.1880009431679324,469.64875485642335,755.3203715703007,0
20,2026-09-18,medium,auto,3,6921.282973318401,6010.235778743266,7989.477693212928,0.1178433276969618,760.8131317385851,798.9477693212928,0
20,2026-09-19,medium,auto,3,6476.934266605247,5627.520951544965,7739.120080920947,0.14051828163792912,736.1068615756743,866.3088239071183,0
20,2026-09-20,medium,auto,4,5298.66925797981,3761.1696657035855,7076.967738073194,0.2919410698645551,489.33271504025475,942.1957089198395,0
21,2026-09-14,high,auto,6,6718.217911105626,5914.151752670605,9496.669126795276,0.188934336503207,718.7141190539547,779.8655847346513,0
21,2026-09-15,high,auto,7,5796.144200622168,3943.8591967269554,9157.909407863075,0.27813960693774264,565.1813026189894,749.5679014436032,0
21,2026-09-16,high,auto,7,5673.479364338318,3790.7801109300217,8814.091679582247,0.27524152787502376,556.7928255290947,737.4402226423981,0
21,2026-09-17,high,auto,7,5746.927640123295,1496.8981655949485,9048.337745056893,0.3563273012028047,428.15534455165925,760.8925769056885,0
21,2026-09-18,high,auto,7,5742.499540087355,3837.4576668733075,9018.09987943444,0.2797563834993643,561.6636408195589,745.5449191189953,0
21,2026-09-19,high,auto,7,6564.837236250939,5771.229190973796,9168.487967527975,0.16931149310101573,691.0528063795299,742.7221564161946,0
21,2026-09-20,high,auto,7,6357.24260682021,5638.154456539598,9369.834017365863,0.19491940369790373,650.3424293840499,758.8444572806476,0
25,2026-09-14,medium,bike,2,5781.376762247795,5731.468498072993,5831.285026422598,0.00863259154821082,613.0202486002794,772.5138437721995,0
25,2026-09-15,medium,bike,2,5897.21966065573,5694.614489981635,6099.8248313298245,0.03435604951699667,643.8944763193781,779.5424490649609,0
25,2026-09-16,medium,bike,2,5918.455791899623,5470.270193352148,6366.641390447099,0.07572677980646418,598.4350072424784,804.0669588715324,0
25,2026-09-17,medium,bike,2,5966.279657786374,5904.752128025976,6027.80718754677,0.010312545386654775,631.8911446481173,797.5548720301963,0
25,2026-09-18,medium,bike,2,5537.472571236062,5501.760129956503,5573.185012515622,0.006449231272957365,588.0448285713456,739.5200908741269,0
25,2026-09-19,medium,bike,2,5138.353241817461,5122.904346336743,5153.802137298178,0.0030065849414535697,546.9580934586098,685.628728758352,0
25,2026-09-20,medium,bike,2,5850.423744413929,5310.460934258672,6390.386554569187,0.09229464971162508,663.6424721488713,762.057738916682,0
26,2026-09-14,medium,bike,2,4867.148768285715,4720.307503636768,5013.990032934661,0.03016987391175762,580.0707950207455,671.9139604661007,0
26,2026-09-15,medium,bike,2,4668.586797269383,4509.391853988877,4827.781740549889,0.03409917180368535,557.9347049548035,643.9927511962892,0
26,2026-09-16,medium,bike,2,5730.499670027319,5438.049783578872,6022.949556475766,0.05103392431519902,692.9291187072245,787.7791239913374,0
26,2026-09-17,medium,bike,2,5058.669348707905,5005.460083116944,5111.878614298865,0.010518431216412934,594.6121961485022,701.1149299430156,0
26,2026-09-18,medium,bike,2,5182.010756498902,5133.2391534827675,5230.782359515037,0.009411713967395527,600.5036213401941,721.0784829308512,0
26,2026-09-19,medium,bike,2,4963.916607139492,4672.675763803891,5255.157450475092,0.058671582620206705,554.8535338883073,697.5228855286961,0
26,2026-09-20,medium,bike,2,4339.436294864549,3966.032115394001,4712.840474335098,0.08604900593020555,475.1505527783184,613.0718237164805,0
29,2026-09-14,mega,auto,13,4606.509284175517,3098.618119771246,7088.622278085735,0.23215794261049824,523.9348602390239,608.4807786008034,0
29,2026-09-14,mega,bike,1,3788.680290731889,3788.680290731889,3788.680290731889,0.0,631.4467151219815,631.4467151219815,0
29,2026-09-15,mega,auto,14,4386.434761933081,2653.0560737363226,6898.840065550936,0.2786753972602054,522.4210811160648,616.0262343317962,0
29,2026-09-15,mega,bike,1,3815.751225334791,3815.751225334791,3815.751225334791,0.0,635.9585375557984,635.9585375557984,0
29,2026-09-16,mega,auto,14,4392.036990133852,2679.5660690170575,6820.788615318791,0.2737041535316668,507.9140666390857,608.4119353933447,0
29,2026-09-16,mega,bike,1,4475.278900641392,4475.278900641392,4475.278900641392,0.0,639.3255572344846,639.3255572344846,0
29,2026-09-17,mega,auto,14,4339.289344461929,2686.0533208706365,5603.878730117688,0.23431528462185608,499.28857485837847,649.9623070372038,0
29,2026-09-17,mega,bike,1,4473.233761468667,4473.233761468667,4473.233761468667,0.0,639.0333944955238,639.0333944955238,0
29,2026-09-18,mega,auto,14,4438.391080110926,2669.3751014752725,6977.964692978924,0.27905161378002724,524.9464392745939,653.3537539905465,0
29,2026-09-18,mega,bike,1,4487.982434520769,4487.982434520769,4487.982434520769,0.0,641.1403477886813,641.1403477886813,0
29,2026-09-19,mega,auto,15,4260.3688949548605,3015.1695228433714,5423.798289780086,0.20743205426583067,505.7283464064499,632.8337130047026,0
29,2026-09-19,mega,bike,1,5035.467483200313,5035.467483200313,5035.467483200313,0.0,719.3524976000447,719.3524976000447,0
29,2026-09-20,mega,auto,14,4448.741587099953,3532.3050081711267,5755.559003654484,0.18185496408253837,496.8755912135809,639.5065559616093,0
29,2026-09-20,mega,bike,1,4744.828401339944,4744.828401339944,4744.828401339944,0.0,677.8326287628491,677.8326287628491,0
30,2026-09-14,high,auto,8,3753.4936088826234,2079.7849267987654,4829.882523059797,0.21522179710884562,385.3480953133044,500.09901236749994,0
30,2026-09-14,high,bike,1,8460.608519828913,8460.608519828913,8460.608519828913,0.0,705.0507099857427,705.0507099857427,0
30,2026-09-15,high,auto,8,3688.3238172404717,2030.089590500299,4782.828856894932,0.21732448144081434,380.49019599162057,474.6168864488345,0
30,2026-09-15,high,bike,1,8404.349693335553,8404.349693335553,8404.349693335553,0.0,700.3624744446294,700.3624744446294,0
30,2026-09-16,high,auto,7,4289.065980382108,2107.833412247641,6086.755520195589,0.2581492573248602,369.6596799500687,500.9466812448934,0
30,2026-09-16,high,bike,2,4457.900966376466,4430.89175757688,4484.910175176053,0.006058727863921191,644.4345860366284,690.234782996353,0
30,2026-09-17,high,auto,8,3695.354402505058,2023.361816406773,4745.925049862494,0.21596063354750733,377.8894803792309,492.58371210976117,0
30,2026-09-17,high,bike,1,8298.413928204098,8298.413928204098,8298.413928204098,0.0,691.5344940170081,691.5344940170081,0
30,2026-09-18,high,auto,8,3813.1856961747903,2048.4546470840014,5887.915572507283,0.2703602807118058,404.84117608028464,505.75517704012924,0
30,2026-09-18,high,bike,1,8619.356399392138,8619.356399392138,8619.356399392138,0.0,718.2796999493448,718.2796999493448,0
30,2026-09-19,high,auto,7,4594.8006511715,3379.44150406952,6029.55802274266,0.20717579289176066,450.5894760119976,490.60596628859673,0
30,2026-09-19,high,bike,2,4856.1703238514,4374.952189474838,5337.3884582279625,0.09909416315425096,651.4503272362784,757.2789564814852,0
30,2026-09-20,high,auto,8,3877.647287958336,3009.022762751297,5819.520325404514,0.21521568090340357,396.44999893819,478.19838133108226,0
30,2026-09-20,high,bike,1,8909.884100103654,8909.884100103654,8909.884100103654,0.0,742.4903416753045,742.4903416753045,0
33,2026-09-14,high,auto,5,3616.7527284002754,2209.234035097144,4294.556928880652,0.20995744530510607,367.26307221810043,536.8196161100815,0
33,2026-09-14,high,bike,2,5573.376870528012,5068.514593685027,6078.239147370997,0.09058462913439322,785.1721959529377,886.74140607919,0
33,2026-09-15,high,auto,5,3597.880483433385,2170.467654666239,4299.4995556543045,0.21379791875719273,363.69994524737615,537.4374444567881,0
33,2026-09-15,high,bike,2,5539.364664542576,5040.516430028272,6038.21289905688,0.0900551353312099,780.1092797444644,881.4399491938823,0
33,2026-09-16,high,auto,5,3589.5388391250926,2090.5540852293198,4325.567047657186,0.2243247263089062,357.18847830941536,540.6958809571482,0
33,2026-09-16,high,bike,2,5519.305975777361,5063.632718174382,5974.97923338034,0.08255988336265416,773.4578181187759,879.7994739037094,0
33,2026-09-17,high,auto,5,3711.457382099178,2253.523812592125,4371.926929005503,0.20937312388007245,378.20119470002874,544.2166682151988,0
33,2026-09-17,high,bike,2,5751.337190647968,5219.901723921799,6282.772657374137,0.09240207087671999,811.2099584330265,914.6634634780635,0
33,2026-09-18,high,auto,5,3780.0609190810937,3236.964840229118,4447.94333749073,0.11361926220514289,451.1736792487819,555.9929171863413,0
33,2026-09-18,high,bike,2,5790.231739568658,5340.512743121883,6239.950736015432,0.07766856607370884,808.8047126641737,924.0481953131527,0
33,2026-09-19,high,auto,5,3736.0943219071246,3376.6286017967705,4129.094072672963,0.08686338671784213,447.91590074631114,511.53063793352675,0
33,2026-09-19,high,bike,2,5787.34317202515,5694.2872712596145,5880.399072790687,0.016079209060100245,775.4306411141446,936.9536691753794,0
33,2026-09-20,high,auto,5,3567.2403110307364,3064.2318412369814,4240.776584762133,0.1148808710014186,422.69248177166645,530.0970730952666,0
33,2026-09-20,high,bike,2,5461.579219574205,5206.520200382871,5716.638238765539,0.04670059866150201,747.2522058687806,877.9419099611333,0
34,2026-09-14,medium,auto,2,5153.514571930089,1961.5039919619617,8345.525151898217,0.61938518566615,1001.898584267143,1086.4849374117916,0
34,2026-09-15,medium,auto,2,5555.741418232139,2304.959585203583,8806.523251260694,0.5851211545520362,1163.0392883596223,1205.2772713909453,0
34,2026-09-16,medium,auto,2,5707.089250749979,2607.655250239264,8806.523251260694,0.5430849009595238,1262.6500376740526,1280.9511876498657,0
34,2026-09-17,medium,auto,2,4818.546406062834,2607.342633736112,7029.750178389555,0.4588943606612403,1034.1921546226056,1153.9606711761392,0
34,2026-09-18,medium,auto,2,4644.956840786692,1649.463175167624,7640.450506405759,0.6448916035809144,851.4077217740845,958.1122585351745,0
34,2026-09-19,medium,auto,2,4663.992821101463,1595.6633741851138,7732.322268017811,0.6578761084352875,828.51026506927,951.2245769761221,0
34,2026-09-20,medium,auto,2,4514.1921548494465,1858.9070221580141,7169.47728754088,0.5882082644264375,938.9292640788332,976.8322760781379,0
348,2026-09-14,medium,auto,2,3712.321981762035,3689.260733324951,3735.383230199119,0.006212081966591196,536.5899100260505,574.8005596588516,0
348,2026-09-15,medium,auto,2,3810.6778913403264,3708.023561655817,3913.3322210248357,0.026938600588044665,564.9431068260283,588.5256935445207,0
348,2026-09-16,medium,auto,3,2715.4159706154246,2438.603847787335,3049.616885174124,0.09307018768592011,282.22021882796173,435.65955502487486,0
348,2026-09-17,medium,auto,2,3681.8021815368393,3612.557483637078,3751.0468794366006,0.018807283630555515,542.4867473215143,568.9783769295136,0
348,2026-09-18,medium,auto,2,3499.619308911653,3368.827413010927,3630.4112048123798,0.03737317815331214,484.99797031301034,499.9456155588076,0
348,2026-09-19,medium,auto,2,4855.153826290096,4608.002407128912,5102.305245451281,0.050904961614787206,603.4386915595239,713.1922542331638,0
348,2026-09-20,medium,auto,2,4205.466830536446,4013.5941044999827,4397.339556572909,0.045624596214444035,539.4761278877062,690.5835871885398,0
35,2026-09-14,high,auto,6,4222.177014205575,2332.3839672617405,6590.623565769754,0.31174808469085535,397.09249686903604,579.0445894706228,0
35,2026-09-14,high,bike,1,7069.262301821171,7069.262301821171,7069.262301821171,0.0,589.1051918184309,589.1051918184309,0
35,2026-09-15,high,auto,6,4381.3771638839635,2399.47145061773,6822.105808056964,0.29374151312323543,416.04118329457924,550.3286263000113,0
35,2026-09-15,high,bike,1,7312.812024059367,7312.812024059367,7312.812024059367,0.0,609.4010020049473,609.4010020049473,0
35,2026-09-16,high,auto,6,4405.3209128695635,3423.9023858748888,6567.219544968604,0.24234450553613743,407.0948848801165,570.7055574892875,0
35,2026-09-16,high,bike,1,6386.1098105628,6386.1098105628,6386.1098105628,0.0,638.61098105628,638.61098105628,0
35,2026-09-17,high,auto,6,4324.091359991683,3332.6246597519853,6451.223618899804,0.24155296414751137,395.17594825765275,551.5479577501849,0
35,2026-09-17,high,bike,1,6306.837264022048,6306.837264022048,6306.837264022048,0.0,630.6837264022048,630.6837264022048,0
35,2026-09-18,high,auto,6,4295.098836356809,3306.766207390997,6370.983810411664,0.24686684175392015,388.72609890262794,564.8431297000665,0
35,2026-09-18,high,bike,1,6166.4484031031725,6166.4484031031725,6166.4484031031725,0.0,616.6448403103172,616.6448403103172,0
35,2026-09-19,high,auto,7,3933.586776318744,2364.3430775468437,6444.493423394557,0.329936020929548,408.92518559779836,537.0411186162131,0
35,2026-09-19,high,bike,1,6924.696284838711,6924.696284838711,6924.696284838711,0.0,692.4696284838711,692.4696284838711,0
35,2026-09-20,high,auto,8,3362.032615770399,2398.2215121107456,5189.958675306549,0.3055634174266216,392.50914935658966,588.2647504656552,0
35,2026-09-20,high,bike,1,6566.834645097073,6566.834645097073,6566.834645097073,0.0,656.6834645097073,656.6834645097073,0
37,2026-09-14,medium,bike,2,3282.295274997397,2935.7357938914747,3628.8547561033192,0.10558449257926592,312.7736600768234,496.32801169630807,0
37,2026-09-15,medium,bike,2,3653.6961185559467,3301.0139964422547,4006.378240669638,0.0965274917972879,350.2105281586682,550.683914814339,0
37,2026-09-16,medium,bike,2,3195.718418101804,2976.802769751809,3414.6340664517993,0.0685027964635341,311.8492715814567,476.7726234520803,0
37,2026-09-17,medium,bike,2,3416.52708172708,3301.686658854124,3531.3675046000358,0.03361320432294167,340.7653494527927,503.21341677155465,0
37,2026-09-18,medium,bike,2,3388.2095028132962,3020.093902047968,3756.3251035786243,0.10864605640816323,357.226730319596,534.0252837384387,0
37,2026-09-19,medium,bike,2,3677.6055428759823,3448.623188033877,3906.587897718088,0.06226397914960596,379.2096720297035,593.8523942424882,0
37,2026-09-20,medium,bike,2,2748.8955787472473,2528.6702191353793,2969.1209383591154,0.08011412340087186,285.90082585531815,439.7971498235522,0
38,2026-09-14,medium,bike,2,1532.5333990744293,1504.615675168329,1560.4511229805296,0.018216714835031407,162.11619695192198,263.4480119711266,0
38,2026-09-15,medium,bike,2,1483.165660734871,1429.0700069313932,1537.2613145383486,0.036473102928148086,162.93026548808925,302.2308892609967,0
38,2026-09-16,medium,bike,2,1898.6325202493751,1865.284857195185,1931.9801833035654,0.01756404290905655,211.1839136412246,283.1274948846968,0
38,2026-09-17,medium,bike,2,1922.746464311961,1798.983442076343,2046.5094865475792,0.064367832438015,203.14074104064505,416.04255784444416,0
38,2026-09-18,medium,bike,2,4461.2340695557195,4055.1992072769344,4867.268931834504,0.09101402346262015,554.3135466380659,608.3370968194392,0
38,2026-09-19,medium,bike,2,4106.214673851722,4004.098869009963,4208.330478693482,0.024868598685799524,487.5680290195143,567.4710434560237,0
38,2026-09-20,medium,bike,2,3119.0066155163245,2915.9702858357387,3322.0429451969103,0.06509647291882224,380.80379928362,427.55546521947326,0
39,2026-09-14,high,auto,7,6157.090653059524,1543.7579976405927,9191.20885018477,0.4003412149702379,425.05879463882474,763.8968491778658,0
39,2026-09-15,high,auto,7,6301.659646186708,1545.6347632624063,9376.4454081159,0.40054305561917025,432.12733418138055,791.8107386875183,0
39,2026-09-16,high,auto,7,6214.689161742587,4970.560042683788,9712.539695413234,0.24644194315473536,738.8269936835599,809.3783079511028,0
39,2026-09-17,high,auto,8,5481.3109952429,1609.4229918774727,7853.003009482996,0.3089162077820328,437.42583184310075,730.0271372147158,0
39,2026-09-18,high,auto,9,4913.9288731202,1578.443527969221,6871.373401546075,0.3177750351617347,340.30676145508204,751.9077213057535,0
39,2026-09-19,high,auto,8,5599.025966840025,3298.7048624953727,9341.608070621021,0.32415769587441473,573.370484601031,757.9508299644384,0
39,2026-09-20,high,auto,7,6218.9864751861505,4888.425750633723,9593.372084261471,0.2438247621039703,738.7869909582729,826.3885678286528,0
4,2026-09-14,high,auto,3,3998.845158340444,3075.808606229124,5791.9887471608145,0.3171235827999343,454.10321682960137,482.66572893006787,0
4,2026-09-14,high,bike,4,5436.433736282542,2678.9844166821476,8248.746723736978,0.3639389797839034,427.17976296844114,664.9788243369628,0
4,2026-09-15,high,auto,3,4334.3604777168175,3578.894238033971,5759.365158007266,0.2326158454848045,414.1133515698074,479.9470965006055,0
4,2026-09-15,high,bike,4,5381.426703195422,4124.671746470404,7471.896951220571,0.23485577743124988,461.3742973097435,599.0744980622158,0
4,2026-09-16,high,auto,4,3283.1740964637447,1638.8399570816032,4191.707969089897,0.2968755406319484,257.7178044925466,393.8421219444663,0
4,2026-09-16,high,bike,4,5435.068862648435,1497.3513338162447,8785.626657893425,0.4802781227297835,293.4441770744763,661.0403070416546,0
4,2026-09-17,high,auto,3,4444.721574717373,3723.655721613994,5871.542274484232,0.22699598572367805,430.2116359573054,489.2951895403526,0
4,2026-09-17,high,bike,4,5518.448106340363,4110.177374265898,7664.845636832809,0.2400272302201562,468.6489846236992,620.929515576511,0
4,2026-09-18,high,auto,3,4486.167986138455,3782.6881485974473,5883.185615140209,0.2201988379246003,434.2920401276655,490.26546792835074,0
4,2026-09-18,high,bike,4,5569.906868554465,2676.6395617972926,8400.889292561715,0.36492841983742536,434.3686460067709,683.6415277725844,0
4,2026-09-19,high,auto,3,3235.1093005199896,2690.3284225447283,4053.332531382693,0.18208971328094445,342.7297973705218,368.48477558024484,0
4,2026-09-19,high,bike,3,5355.500899406758,4346.680024286888,7266.1690417911905,0.2524044106966492,577.4775276104233,660.5608219810173,0
4,2026-09-20,high,auto,3,3201.68237565334,2730.9538321514506,4022.029356632519,0.1818344822213606,358.3342003018327,365.6390324211381,0
4,2026-09-20,high,bike,3,5300.164924774009,4520.906203068503,6658.192918991529,0.18183448222136042,593.1976182987727,605.2902653628663,0
434,2026-09-14,medium,auto,3,8928.7698593025,7776.8601204090755,10041.748417030478,0.10360290291907395,997.963949715538,1004.1748417030478,0
434,2026-09-15,medium,auto,4,7960.870538251532,5250.404113230815,9608.003981840997,0.20595397283369804,655.768407381387,966.2504074999326,0
434,2026-09-16,medium,auto,4,6673.291224573857,4631.174202411565,9104.6326728047,0.3087801637364923,598.1097530130427,1138.0790841005876,0
434,2026-09-17,medium,auto,4,7398.614441306779,4633.57536525799,8792.325205138559,0.21933736881656368,588.120031722216,885.7816408101339,0
434,2026-09-18,medium,auto,4,7069.220371770413,4633.57536525799,8792.325205138559,0.2174060132175013,588.120031722216,879.7945916654928,0
434,2026-09-19,medium,auto,4,7761.6512285824365,5522.1678520291025,9198.433278803599,0.1756486057009469,662.5047480061452,920.5371762015402,0
434,2026-09-20,medium,auto,4,7721.321304095651,4632.640416976473,9297.666505000247,0.2350495812308358,603.2148243383605,939.1317570443925,0
479,2026-09-14,medium,auto,2,2741.8984153971323,1276.5460355457417,4207.250795248523,0.5344298576572726,130.80137595966832,228.4915346164277,0
479,2026-09-15,medium,auto,2,3357.091250561812,1479.2210049953303,5234.961496128294,0.5593742038594329,154.56625450905221,279.75760421348434,0
479,2026-09-16,medium,auto,2,2514.7444060869725,1136.6506916754356,3892.8381204985094,0.548005479632778,117.6891195464786,209.56203384058105,0
479,2026-09-17,medium,auto,2,3268.9039484793675,1478.163469715068,5059.6444272436665,0.5478106750727008,153.02596378899398,272.4086623732806,0
479,2026-09-18,medium,auto,2,2903.0651934619823,1979.1192254709297,3827.0111614530347,0.3182656628145586,180.325701589095,241.92209945516515,0
479,2026-09-19,medium,auto,2,2411.572842688759,1176.9865834400405,3646.1591019374773,0.5119423462540857,118.65865294081534,200.96440355739657,0
479,2026-09-20,medium,auto,2,3034.367774473506,1665.217661968406,4403.517886978606,0.45121429380545724,161.58730703911885,252.86398120612552,0
54,2026-09-14,medium,auto,3,5722.971264287201,4331.606319880233,6986.468450021701,0.19004249328930745,510.0538816050969,975.1398371599452,0
54,2026-09-15,medium,auto,3,6617.567235732105,5199.92118098934,7828.901246605123,0.16367735381174933,601.8589786502802,1118.4144638007317,0
54,2026-09-16,medium,auto,3,7110.685140941575,5191.0405298020205,10351.812599137047,0.32413141204403884,781.4765493642811,941.0738726488224,0
54,2026-09-17,medium,auto,2,7674.186774274835,7496.501989709933,7851.871558839738,0.023153565295091844,1033.2655901636692,1240.3921713984769,0
54,2026-09-18,medium,auto,3,6970.493730194658,5341.632785649794,9652.332725057351,0.2741361982596253,767.2485266250893,877.4847931870319,0
54,2026-09-19,medium,auto,3,7311.380140695623,5679.6963400782715,10330.045294138785,0.2922642532757088,836.9271584997804,939.0950267398895,0
54,2026-09-20,medium,auto,3,8323.143455421667,6127.582491977182,11971.457537774253,0.31208281500535145,917.9580062634177,1088.3143216158412,0
6,2026-09-14,mega,auto,5,5145.543615096526,3343.903708452806,7130.51405756278,0.27898930524068044,521.9609077928691,537.7996332051399,0
6,2026-09-14,mega,bike,2,9118.693626879864,8746.762686080143,9490.624567679584,0.04078774394868928,905.8414488432077,1030.5021697839811,0
6,2026-09-15,mega,auto,5,5271.582853911139,3838.2953418773623,6858.678128925395,0.2100286065304203,487.97721748480353,531.753475298656,0
6,2026-09-15,mega,bike,2,9236.163287455207,8366.337239777324,10105.98933513309,0.09417612276942995,739.764063373667,910.0412369425602,0
6,2026-09-16,mega,auto,5,5178.364609149002,3916.918570672791,6327.86624753395,0.18271235895195262,483.5047439924028,527.3221872944958,0
6,2026-09-16,mega,bike,2,9091.014695649605,8104.362193045569,10077.667198253639,0.10853051453939301,719.8012444590137,897.5521579465453,0
6,2026-09-17,mega,auto,5,5292.27701445803,3967.6802835461567,6691.5123422266615,0.19816914376505002,504.3309632599529,528.6206395273673,0
6,2026-09-17,mega,bike,2,9221.465305873557,8226.914701972455,10216.01590977466,0.10785168852369151,730.5298905343193,910.3445520141113,0
6,2026-09-18,mega,auto,5,5269.586409905982,3873.651734253726,6625.392826603287,0.19605507676746803,495.31865692933087,535.7306420415036,0
6,2026-09-18,mega,bike,2,9197.769194618191,8236.92262694322,10158.615762293162,0.10446517490753983,730.6427054906655,907.5726518055876,0
6,2026-09-19,mega,auto,5,4578.60134618485,2890.1663835105696,5978.3766084440995,0.25592078802193235,355.39153588552915,486.4441351030352,0
6,2026-09-19,mega,bike,2,7294.499754749813,6804.5780457245655,7784.421463775062,0.06716316752306911,972.1795884617752,972.5676304662675,0
6,2026-09-20,mega,auto,5,4564.455731284646,2412.4028446355055,5989.7447643806545,0.29398725116162305,321.19502791636376,497.6310596633868,0
6,2026-09-20,mega,bike,2,7322.375744298608,6885.171057100887,7759.580431496329,0.05970803772780164,971.3123850733497,976.7717096185839,0
69,2026-09-14,mega,auto,9,3943.3730408079373,987.4356385565984,4888.427107914789,0.28296153704252286,406.088687899324,611.0533884893487,0
69,2026-09-14,mega,bike,4,6957.278411477453,6270.617716609264,7666.341148841804,0.08276852551161272,940.1515245356451,1001.697798186718,0
69,2026-09-15,mega,auto,9,3966.5285404928745,972.8523266108768,4971.840283991523,0.28811137959259836,416.65876551716235,621.4800354989404,0
69,2026-09-15,mega,bike,4,6998.131573579503,6152.884613250925,7812.072938479266,0.08657114480528162,973.0336002817108,1000.9949430925312,0
69,2026-09-16,mega,auto,9,4036.1270279423634,967.830568497792,5050.624491269595,0.2890026488105991,423.6456069169408,631.3280614086993,0
69,2026-09-16,mega,bike,5,5696.73914121618,696.0058877903781,7952.159725436555,0.4529617787410873,444.5319243164222,990.3483485784349,0
69,2026-09-17,mega,auto,8,4449.561600014635,3910.41283096601,4583.4839440509,0.051192898723291066,569.7506263831099,630.268671899815,0
69,2026-09-17,mega,bike,4,6978.084450368195,6132.557187250637,7908.338948726598,0.09373338035783922,964.8958814909921,1005.3176165662987,0
69,2026-09-18,mega,auto,9,3971.600515384358,1008.1431417894685,4971.851021682283,0.28448145187122326,417.2084684205157,621.4813777102854,0
69,2026-09-18,mega,bike,4,7007.080040044866,6213.185422894845,7838.661280903246,0.08669332798243205,965.0643668922863,1007.6817819643566,0
69,2026-09-19,mega,auto,9,4539.8577758606725,2893.361405858869,6287.006318649081,0.23130439503481806,548.5914950251432,659.4398195840729,0
69,2026-09-19,mega,bike,5,6407.72337150273,5454.7109095416745,7277.145060358209,0.09206068106081701,837.8210741624359,909.1184849236124,0
69,2026-09-20,mega,auto,9,4459.533655676054,3910.075869850712,5108.166360731828,0.09758122749807274,582.1937033959779,639.5217968671723,0
69,2026-09-20,mega,bike,5,6294.350933947722,5203.529900887421,7096.791729322598,0.11343519793532585,741.4294052943278,887.0989661653248,0
7,2026-09-14,mega,auto,9,3967.558436370886,1599.7947731009942,7747.347192557121,0.5385875606896485,285.7196515245978,513.0571646613976,0
7,2026-09-14,mega,bike,2,7317.540753010846,6791.92449293328,7843.157013088412,0.07182963208797957,897.5144428577293,1001.7246529160185,0
7,2026-09-15,mega,auto,9,4192.783005254942,1535.5713758686209,9140.725979807565,0.5625586716051749,352.9637848915893,490.05284780026307,0
7,2026-09-15,mega,bike,2,7627.484928091921,7239.82015354107,8015.149702642771,0.050824718528526595,922.1786394899616,1048.6044407196875,0
7,2026-09-16,mega,auto,9,4141.376113182352,1560.434017032205,8748.081160875394,0.5433680919452673,352.57632632671107,488.76786489552273,0
7,2026-09-16,mega,bike,2,7553.6958444704205,7198.496549061285,7908.895139879556,0.04702324566975442,910.8644564723104,1039.2577757484157,0
7,2026-09-17,mega,auto,9,4120.277689203354,1865.5162585249961,8189.817430355213,0.5237922925403128,303.59350722949586,521.7319234908144,0
7,2026-09-17,mega,bike,2,7581.240371539334,7128.037216587458,8034.44352649121,0.05977955225549132,922.2449729255786,1040.3610750762443,0
7,2026-09-18,mega,auto,9,4146.743602937857,1890.3417823117804,8284.960300455954,0.5168538586207739,358.42359391461775,544.9387469553677,0
7,2026-09-18,mega,bike,2,8573.727811989516,8465.985566366227,8681.470057612803,0.012566557743134912,831.2447465709547,999.3255300864813,0
7,2026-09-19,mega,auto,8,4281.908021871874,2325.477779049722,7922.396613441757,0.42205651041053405,391.6902258447242,489.8236135866455,0
7,2026-09-19,mega,bike,2,6801.06379697732,6699.25056236281,6902.877031591829,0.014970192554252982,732.9131088826448,903.4147317764923,0
7,2026-09-20,mega,auto,8,4256.269695087818,1949.4541710531362,7854.062029440984,0.45168238144675543,376.3926595070228,510.98065198108435,0
7,2026-09-20,mega,bike,2,6800.8168973395195,6450.804832698041,7150.828961980998,0.05146617971414635,751.0880204565906,895.1085174905534,0
8,2026-09-14,mega,auto,2,1772.3161456947614,1654.1005916521476,1890.5316997373752,0.06670116634088012,244.17893773185142,275.6943505723156,0
8,2026-09-14,mega,bike,4,7033.215713567162,6809.329375462983,7257.1020516713415,0.031832713117599915,725.7102051671342,930.2992172054824,0
8,2026-09-15,mega,auto,1,3346.0457487003237,3346.0457487003237,3346.0457487003237,0.0,278.83714572502697,278.83714572502697,0
8,2026-09-15,mega,bike,5,5759.008317552868,817.1263258405023,7595.735667066673,0.4380327674775002,395.206426561204,900.9090012477334,0
8,2026-09-16,mega,auto,2,1794.8271365493247,1692.4963374593374,1897.1579356393122,0.05701429235504274,249.2259708863795,278.98909016941917,0
8,2026-09-16,mega,bike,4,7111.110443088135,6833.195795043292,7389.025091132977,0.03908175105267425,738.9025091132977,938.8842374769231,0
8,2026-09-17,mega,auto,1,3282.9998488889078,3282.9998488889078,3282.9998488889078,0.0,273.5833207407423,273.5833207407423,0
8,2026-09-17,mega,bike,5,5707.040085418486,757.0026388666703,7302.772105954584,0.43729700639748814,349.50083294425787,731.814087573144,0
8,2026-09-18,mega,auto,1,3354.813108192221,3354.813108192221,3354.813108192221,0.0,279.56775901601844,279.56775901601844,0
8,2026-09-18,mega,bike,5,5823.126874630054,768.5311639119385,7517.895921604888,0.4390331500777676,358.35567415759095,751.7895921604888,0
8,2026-09-19,mega,auto,1,3325.4470787855,3325.4470787855,3325.4470787855,0.0,277.12058989879165,277.12058989879165,0
8,2026-09-19,mega,bike,5,5702.683275229625,2575.153361713178,7089.260179839221,0.28826504798082,508.21473234356483,831.6860112892028,0
8,2026-09-20,mega,auto,2,1460.430902219173,1342.8767277402683,1577.9850766980778,0.08049280133711038,182.63333340474173,241.72830315357453,0
8,2026-09-20,mega,bike,4,7012.420749682229,6931.445277210296,7093.396222154162,0.011547434953272404,709.3396222154163,932.2902508752328,0
9,2026-09-14,medium,auto,4,7876.564609043475,7395.293673297459,8563.079082464967,0.0638193206153675,728.1301861531781,951.4532313849963,0
9,2026-09-15,medium,auto,4,7226.41812114325,6508.789101759679,8444.720726444242,0.11073331608511927,638.7747813415187,827.0415060677105,0
9,2026-09-16,medium,auto,4,7869.201198745769,4602.4787635285375,10303.163564276632,0.2640010540180355,603.1688833818149,961.1254043995052,0
9,2026-09-17,medium,auto,3,9721.71891780726,8548.283480802806,11565.885750758354,0.13578602452152116,952.6121830284442,963.8238125631962,0
9,2026-09-18,medium,auto,4,8220.954486197528,4731.210977490234,11230.20788700778,0.2864603607968025,674.4915517911669,902.1096473932766,0
9,2026-09-19,medium,auto,5,7451.181109504093,5142.510095671752,8172.494176123385,0.1558830897478506,702.7607832303537,985.5254437251212,0
9,2026-09-20,medium,auto,5,6906.498364308083,4951.024054640443,7445.216873979847,0.14171483359554246,664.3372937519337,918.1896261837676,0
99,2026-09-14,mega,bike,10,4273.929099316512,892.4289915551586,7051.928441097023,0.4657572771388198,330.63160889530855,626.1926213757304,0
99,2026-09-15,mega,bike,10,4361.544668668526,893.7100030032427,7384.871329449599,0.4757030999666721,331.03745558672995,634.5261670165534,0
99,2026-09-16,mega,bike,10,4345.535627680794,884.4876971938426,7027.190192110627,0.4672892792023488,334.04706770748965,638.6411635229688,0
99,2026-09-17,mega,bike,10,4440.422756138207,930.1362862209253,6590.049977006763,0.4336457279638526,428.4805614504962,656.8567775246618,0
99,2026-09-18,mega,bike,10,4495.173994124435,965.9753081677129,6768.273024423985,0.4317167366484736,432.6469468056582,654.9974479107757,0
99,2026-09-19,mega,bike,11,4297.933503299532,2435.4693160484558,6583.931054753346,0.3706304317628384,536.4756901725165,659.5377519250893,0
99,2026-09-20,mega,bike,11,4185.799663029219,2306.32281429635,7038.7905050607715,0.41446602813978023,448.56302430653017,649.5265680819325,0
