segment,time_segment,rows,mean_orders,mean_pred,signed_bias,underprediction_rate,under_abs_error_mean,over_abs_error_mean,mae
mega,deep_night,290,7.051724137931035,5.797547726977499,-1.2541764109535345,0.596551724137931,2.1519648505412503,0.8977884395877156,3.0497532901289657
mega,opening,725,5.506206896551724,5.043711879458608,-0.4624950170931158,0.5186206896551724,1.1922333010343686,0.7297382839412527,1.9219715849756214
high,deep_night,145,0.4482758620689655,0.0,-0.4482758620689655,0.32413793103448274,0.4482758620689655,0.0,0.4482758620689655
medium,block_12_18,5781,6.564781179726691,6.207573723097856,-0.357207456628835,0.46652828230409965,1.5287110348484358,1.1715035782196008,2.7002146130680367
medium,block_18_24,5918,3.4589388306860425,3.140518233654298,-0.31842059703174475,0.44153430212909767,1.0960505857891056,0.777629988757361,1.8736805745464666
medium,block_06_12,5058,5.248714907077896,5.075095335635064,-0.17361957144283247,0.3981810992487149,1.1104554877324362,0.9368359162896038,2.0472914040220402
high,late_evening,2043,4.432697014194812,4.411366864352683,-0.02133014984212917,0.4713656387665198,0.8867488067847059,0.8654186569425767,1.7521674637272826
mega,late_evening,1021,6.726738491674829,6.720667929631008,-0.006070562043820685,0.4524975514201763,1.0967080115602275,1.0906374495164066,2.1873454610766343
low,block_06_12,4539,0.13064551663361973,0.20243172308092683,0.07178620644730709,0.09715796430931924,0.1027552046335687,0.17454141108087579,0.2772966157144444
mega,early_morning,1015,6.096551724137931,6.191911918488427,0.09536019435049585,0.44729064039408867,1.0442592938449071,1.139619488195403,2.18387878204031
low,block_12_18,5920,0.28783783783783784,0.4075288012960389,0.11969096345820104,0.1516891891891892,0.20581325384199706,0.32550421730019813,0.5313174711421952
mega,afternoon,1015,17.889655172413793,18.050022554529516,0.16036738211572063,0.4729064039408867,1.9884852084552846,2.148852590571005,4.13733779902629
high,early_morning,1801,3.034425319267074,3.2056225554989224,0.17119723623184846,0.42309827873403666,0.5752272638470984,0.7464245000789469,1.3216517639260452
high,afternoon,2030,11.340394088669951,11.523916781122205,0.18352269245225428,0.45566502463054187,1.3336081702182556,1.5171308626705098,2.8507390328887654
high,opening,435,1.8022988505747126,2.041534356109086,0.23923550553437342,0.2735632183908046,0.2896240054524679,0.5288595109868414,0.8184835164393093
low,block_18_24,5736,0.18113668061366806,0.4204566684295163,0.23931998781584823,0.09797768479776849,0.12386160004624618,0.3631815878620944,0.4870431879083406
high,morning,2030,8.985714285714286,9.238429131166578,0.2527148454522924,0.432512315270936,1.091082176938099,1.3437970223903914,2.4348791993284906
high,dinner,2030,10.746305418719212,11.131293303402025,0.3849878846828129,0.4320197044334975,1.2474863500990225,1.6324742347818353,2.8799605848808576
mega,dinner,1015,17.364532019704434,17.952748209191498,0.5882161894870632,0.4246305418719212,1.6860165305015242,2.274232719988588,3.960249250490112
medium,block_00_06,480,7.314583333333333,7.944745266032772,0.6301619326994384,0.44375,1.154238848668952,1.7844007813683904,2.9386396300373425
mega,morning,1015,15.0935960591133,15.782732129423357,0.6891360703100552,0.41773399014778323,1.4351997301402777,2.124335800450333,3.55953553059061
high,lunch,2030,20.582758620689656,21.343100765392986,0.76034214470333,0.43448275862068964,1.6680603391271493,2.4284024838304794,4.096462822957629
mega,lunch,1015,33.060098522167486,34.89733491725468,1.8372363950871955,0.43054187192118226,2.408668215855964,4.2459046109431595,6.654572826799123
low,block_00_06,44,0.0,5.540433270436089,5.540433270436089,0.0,0.0,5.540433270436089,5.540433270436089
