planning_location_id,hour_from,orders_count,sum_c_rate_total_rub,avg_c_rate_total_rub
1,8,13,4617.0,355.15384615384613
1,9,41,14014.0,341.8048780487805
1,10,50,16922.0,338.44
1,11,46,15054.0,327.2608695652174
1,12,42,14362.0,341.95238095238096
1,13,52,17258.0,331.88461538461536
1,14,45,14811.0,329.1333333333333
1,15,42,13636.0,324.6666666666667
1,16,22,7220.0,328.1818181818182
1,17,17,5586.0,328.5882352941176
1,18,22,7425.0,337.5
1,19,33,11158.0,338.1212121212121
1,20,30,10296.0,343.2
1,21,16,5961.0,372.5625
1,22,13,5151.0,396.2307692307692
10,8,66,22413.0,339.59090909090907
10,9,79,27786.0,351.72151898734177
10,10,108,37295.0,345.3240740740741
10,11,82,28806.0,351.2926829268293
10,12,99,33641.0,339.80808080808083
10,13,86,29649.0,344.75581395348837
10,14,78,26798.0,343.56410256410254
10,15,85,28614.0,336.63529411764705
10,16,48,17148.0,357.25
10,17,68,24275.0,356.9852941176471
10,18,47,16197.0,344.6170212765957
10,19,49,17344.0,353.9591836734694
10,20,50,17371.0,347.42
10,21,36,12446.0,345.72222222222223
10,22,10,3707.0,370.7
10,23,1,377.0,377.0
101,8,32,22819.5,713.109375
101,9,72,46130.0,640.6944444444445
101,10,52,33118.0,636.8846153846154
101,11,93,64213.5,690.4677419354839
101,12,67,44994.5,671.5597014925373
101,13,72,51497.5,715.2430555555555
101,14,73,54776.5,750.3630136986301
101,15,82,56711.5,691.6036585365854
101,16,47,34066.0,724.8085106382979
101,17,52,38637.0,743.0192307692307
101,18,50,40037.0,800.74
101,19,58,42525.5,733.198275862069
101,20,42,30098.5,716.6309523809524
101,21,47,28921.0,615.3404255319149
101,22,12,8544.0,712.0
11,0,138,106817.0,774.036231884058
11,1,86,64142.5,745.8430232558139
11,2,60,44302.0,738.3666666666667
11,3,28,20397.0,728.4642857142857
11,4,24,17504.0,729.3333333333334
11,5,61,63814.5,1046.139344262295
11,6,202,196596.5,973.25
11,7,66,56881.0,861.8333333333334
11,8,12,9351.0,779.25
11,9,4,2381.0,595.25
11,10,11,6154.0,559.4545454545455
11,11,8,3790.0,473.75
11,12,10,6730.0,673.0
11,13,9,7070.5,785.6111111111111
11,14,12,7599.0,633.25
11,15,3,2137.5,712.5
11,16,8,5144.0,643.0
11,17,5,3855.0,771.0
11,18,2,1206.0,603.0
11,19,3,1614.0,538.0
11,20,1,372.0,372.0
11,21,5,2449.5,489.9
11,22,32,16720.5,522.515625
11,23,68,48535.0,713.75
115,7,33,21081.5,638.8333333333334
115,8,81,40933.0,505.34567901234567
115,9,124,65426.0,527.6290322580645
115,10,107,54926.0,513.3271028037383
115,11,97,49709.5,512.4690721649484
115,12,123,70496.0,573.1382113821138
115,13,118,62708.0,531.4237288135594
115,14,127,61806.0,486.66141732283467
115,15,97,47785.0,492.62886597938143
115,16,74,41108.0,555.5135135135135
115,17,60,31952.5,532.5416666666666
115,18,56,31463.5,561.8482142857143
115,19,61,30467.0,499.4590163934426
115,20,59,33773.0,572.4237288135594
115,21,47,26359.5,560.8404255319149
115,22,3,2238.0,746.0
12,8,25,10397.5,415.9
12,9,98,39536.5,403.43367346938777
12,10,119,49195.5,413.4075630252101
12,11,111,44216.0,398.34234234234236
12,12,120,49921.5,416.0125
12,13,124,52463.0,423.08870967741933
12,14,101,41756.0,413.4257425742574
12,15,94,39938.0,424.8723404255319
12,16,76,33830.5,445.1381578947368
12,17,67,29709.0,443.4179104477612
12,18,58,26817.5,462.37068965517244
12,19,88,36885.5,419.15340909090907
12,20,71,33294.5,468.9366197183099
12,21,66,32756.0,496.3030303030303
12,22,12,5133.0,427.75
120,17,1,631.0,631.0
120,18,1,1761.0,1761.0
123,8,50,16056.0,321.12
123,9,64,20448.0,319.5
123,10,101,31808.0,314.9306930693069
123,11,91,28888.0,317.45054945054943
123,12,96,30088.0,313.4166666666667
123,13,78,24251.0,310.9102564102564
123,14,78,23625.0,302.88461538461536
123,15,56,17369.0,310.1607142857143
123,16,37,11432.0,308.97297297297297
123,17,25,7819.0,312.76
123,18,15,4906.0,327.06666666666666
123,19,1,324.0,324.0
123,21,1,321.0,321.0
125,10,14,9919.5,708.5357142857143
125,11,22,19051.5,865.9772727272727
125,12,18,12531.0,696.1666666666666
125,13,22,16879.0,767.2272727272727
125,14,17,15734.5,925.5588235294117
125,15,26,23531.0,905.0384615384615
125,16,15,13385.5,892.3666666666667
125,17,14,12141.0,867.2142857142857
125,18,27,24411.5,904.1296296296297
125,19,31,28775.5,928.241935483871
125,20,35,32930.0,940.8571428571429
125,21,18,14850.0,825.0
125,22,1,860.0,860.0
126,8,81,28437.0,351.0740740740741
126,9,111,37821.0,340.72972972972974
126,10,101,34148.0,338.0990099009901
126,11,82,28162.0,343.4390243902439
126,12,78,26388.0,338.3076923076923
126,13,104,35205.0,338.50961538461536
126,14,79,26702.0,338.0
126,15,63,21569.0,342.36507936507934
126,16,55,18541.0,337.1090909090909
126,17,52,17219.0,331.13461538461536
126,18,49,16242.0,331.46938775510205
126,19,48,15865.0,330.5208333333333
126,20,43,14444.0,335.90697674418607
126,21,36,12485.0,346.80555555555554
126,22,2,724.0,362.0
127,8,26,8824.0,339.38461538461536
127,9,24,8279.0,344.9583333333333
127,10,17,5938.0,349.29411764705884
127,11,17,5747.0,338.05882352941177
127,12,24,8270.0,344.5833333333333
127,13,19,6594.0,347.05263157894734
127,14,15,5007.0,333.8
127,15,10,3480.0,348.0
127,16,10,3419.0,341.9
127,17,4,1367.0,341.75
127,18,6,1984.0,330.6666666666667
127,19,5,1728.0,345.6
127,20,1,367.0,367.0
127,21,1,307.0,307.0
128,8,88,28132.0,319.6818181818182
128,9,143,45008.0,314.7412587412587
128,10,126,41386.0,328.46031746031747
128,11,132,42463.0,321.68939393939394
128,12,118,37363.0,316.635593220339
128,13,102,33821.5,331.5833333333333
128,14,94,30237.0,321.67021276595744
128,15,80,25799.0,322.4875
128,16,90,31077.0,345.3
128,17,65,21467.0,330.26153846153846
128,18,73,23890.0,327.26027397260276
128,19,82,26846.0,327.390243902439
128,20,99,31577.0,318.95959595959596
128,21,68,21433.0,315.19117647058823
128,22,42,13991.0,333.1190476190476
128,23,19,6880.0,362.10526315789474
13,0,1,140.0,140.0
13,9,1,380.0,380.0
13,10,1,312.0,312.0
13,11,1,130.0,130.0
13,12,2,1678.5,839.25
13,15,1,587.0,587.0
13,17,2,1253.0,626.5
13,20,1,600.0,600.0
137,9,5,1973.0,394.6
137,10,10,3927.0,392.7
137,11,16,6331.0,395.6875
137,12,16,6233.0,389.5625
137,13,19,7626.0,401.36842105263156
137,14,24,9372.0,390.5
137,15,8,3157.0,394.625
137,16,9,3534.0,392.6666666666667
137,17,4,1611.0,402.75
137,18,2,755.0,377.5
137,19,6,2271.0,378.5
137,20,1,370.0,370.0
138,8,16,5900.0,368.75
138,9,21,7725.0,367.85714285714283
138,10,15,5434.0,362.26666666666665
138,11,19,7703.0,405.42105263157896
138,12,24,8885.0,370.2083333333333
138,13,19,7014.0,369.1578947368421
138,14,17,6621.0,389.47058823529414
138,15,15,5466.0,364.4
138,16,12,4282.0,356.8333333333333
138,17,9,3585.0,398.3333333333333
138,18,2,685.0,342.5
138,19,3,1072.0,357.3333333333333
138,20,4,1357.0,339.25
14,9,48,34909.5,727.28125
14,10,80,53250.5,665.63125
14,11,102,77416.5,758.9852941176471
14,12,132,104433.5,791.1628787878788
14,13,123,94529.5,768.5325203252032
14,14,116,93809.5,808.7025862068965
14,15,100,79782.5,797.825
14,16,90,71911.0,799.0111111111111
14,17,77,64578.0,838.6753246753246
14,18,76,60818.0,800.2368421052631
14,19,95,75281.0,792.4315789473684
14,20,85,67068.5,789.0411764705882
14,21,80,57391.0,717.3875
14,22,35,24373.0,696.3714285714286
14,23,1,449.0,449.0
142,8,33,11534.0,349.5151515151515
142,9,59,20098.0,340.64406779661016
142,10,51,18439.0,361.54901960784315
142,11,61,20109.0,329.655737704918
142,12,75,25470.0,339.6
142,13,64,22186.0,346.65625
142,14,43,14861.0,345.6046511627907
142,15,40,14274.0,356.85
142,16,31,11724.5,378.2096774193548
142,17,48,16881.0,351.6875
142,18,43,15432.0,358.8837209302326
142,19,29,11253.0,388.0344827586207
142,20,32,11592.0,362.25
142,21,17,6167.0,362.7647058823529
16,8,72,25906.5,359.8125
16,9,93,31135.5,334.7903225806452
16,10,82,27693.5,337.7256097560976
16,11,75,25215.0,336.2
16,12,83,27127.0,326.8313253012048
16,13,85,27617.0,324.90588235294115
16,14,84,27899.0,332.1309523809524
16,15,66,21956.0,332.6666666666667
16,16,51,16983.0,333.0
16,17,63,20361.0,323.1904761904762
16,18,57,18810.0,330.0
16,19,66,21396.0,324.1818181818182
16,20,65,21142.0,325.26153846153846
16,21,32,11066.0,345.8125
16,22,27,10773.0,399.0
17,8,25,28769.5,1150.78
17,9,69,73263.0,1061.7826086956522
17,10,63,68845.0,1092.7777777777778
17,11,65,70349.5,1082.3
17,12,69,71116.0,1030.6666666666667
17,13,48,47161.5,982.53125
17,14,59,63676.0,1079.2542372881355
17,15,54,59427.5,1100.5092592592594
17,16,49,49518.5,1010.5816326530612
17,17,47,45424.5,966.4787234042553
17,18,46,44377.0,964.7173913043479
17,19,57,57459.0,1008.0526315789474
17,20,54,55873.5,1034.6944444444443
17,21,26,28231.0,1085.8076923076924
17,22,3,3392.5,1130.8333333333333
18,7,1,1589.0,1589.0
18,8,133,80403.0,604.5338345864661
18,9,110,68609.5,623.7227272727273
18,10,94,59514.0,633.1276595744681
18,11,86,53535.0,622.5
18,12,83,50833.0,612.4457831325301
18,13,71,42889.0,604.0704225352113
18,14,72,48128.5,668.4513888888889
18,15,73,46298.0,634.2191780821918
18,16,54,35015.0,648.425925925926
18,17,72,44855.0,622.9861111111111
18,18,81,48450.0,598.1481481481482
18,19,67,41727.0,622.7910447761194
18,20,62,39027.0,629.4677419354839
18,21,38,22518.5,592.5921052631579
19,10,13,15225.0,1171.1538461538462
19,11,7,7475.5,1067.9285714285713
19,12,2,2419.0,1209.5
19,13,6,5749.5,958.25
19,14,6,7455.5,1242.5833333333333
19,15,3,2691.0,897.0
19,16,4,4055.0,1013.75
19,17,6,5269.0,878.1666666666666
19,18,10,10607.0,1060.7
19,19,4,3903.5,975.875
19,20,3,2280.0,760.0
19,21,1,1108.0,1108.0
19,22,1,1068.0,1068.0
2,0,4,2847.5,711.875
2,1,1,2350.0,2350.0
2,3,2,4308.0,2154.0
2,4,2,4600.5,2300.25
2,5,5,11834.0,2366.8
2,6,1,2565.0,2565.0
2,7,118,77507.5,656.8432203389831
2,8,141,49586.5,351.677304964539
2,9,108,38817.5,359.4212962962963
2,10,107,39860.0,372.5233644859813
2,11,100,34460.5,344.605
2,12,117,38582.0,329.7606837606838
2,13,116,42249.0,364.2155172413793
2,14,100,33574.0,335.74
2,15,66,24277.0,367.8333333333333
2,16,69,22983.0,333.0869565217391
2,17,57,21473.0,376.719298245614
2,18,84,30920.5,368.1011904761905
2,19,50,16250.0,325.0
2,20,57,18522.0,324.94736842105266
2,21,60,19108.0,318.46666666666664
2,22,44,13332.0,303.0
2,23,40,19335.5,483.3875
20,8,11,7512.0,682.9090909090909
20,9,53,36370.0,686.2264150943396
20,10,59,39207.5,664.5338983050848
20,11,59,39722.0,673.2542372881356
20,12,72,52425.5,728.1319444444445
20,13,56,40163.0,717.1964285714286
20,14,50,37135.5,742.71
20,15,48,41672.5,868.1770833333334
20,16,35,33167.0,947.6285714285714
20,17,43,49624.0,1154.046511627907
20,18,49,49569.5,1011.6224489795918
20,19,36,26588.0,738.5555555555555
20,20,28,18386.5,656.6607142857143
20,21,24,13695.0,570.625
20,22,2,906.0,453.0
21,0,1,634.0,634.0
21,7,1,972.0,972.0
21,8,47,32163.0,684.3191489361702
21,9,97,72113.5,743.4381443298969
21,10,108,85252.5,789.375
21,11,148,123019.0,831.2094594594595
21,12,140,107530.0,768.0714285714286
21,13,116,92856.5,800.4870689655172
21,14,106,84405.0,796.2735849056604
21,15,109,83561.0,766.6146788990826
21,16,88,72754.5,826.7556818181819
21,17,83,65863.5,793.5361445783133
21,18,74,62659.5,846.75
21,19,102,82159.5,805.4852941176471
21,20,79,58732.5,743.4493670886076
21,21,53,43282.0,816.6415094339623
21,22,172,116900.0,679.6511627906976
21,23,3,1921.0,640.3333333333334
22,13,1,990.0,990.0
22,14,2,670.0,335.0
22,15,1,928.0,928.0
22,16,1,1433.0,1433.0
22,17,1,394.0,394.0
22,19,2,1813.0,906.5
22,20,4,2650.0,662.5
22,21,4,1373.0,343.25
22,23,1,844.0,844.0
23,10,1,846.0,846.0
23,15,1,1055.0,1055.0
23,16,2,2407.0,1203.5
23,19,1,2842.5,2842.5
24,19,1,725.0,725.0
24,20,1,506.0,506.0
25,0,6,3688.0,614.6666666666666
25,8,40,12819.0,320.475
25,9,67,21268.0,317.43283582089555
25,10,102,32374.0,317.3921568627451
25,11,121,37528.0,310.1487603305785
25,12,82,25801.0,314.6463414634146
25,13,82,25553.0,311.6219512195122
25,14,62,19588.0,315.93548387096774
25,15,63,20730.0,329.04761904761904
25,16,44,14252.0,323.90909090909093
25,17,38,12305.0,323.8157894736842
25,18,24,7841.0,326.7083333333333
25,19,34,11014.0,323.94117647058823
25,20,35,11322.0,323.48571428571427
25,21,26,8682.0,333.9230769230769
25,22,25,8320.0,332.8
25,23,22,8217.0,373.5
26,8,67,20042.0,299.13432835820896
26,9,91,28438.5,312.510989010989
26,10,85,27164.0,319.5764705882353
26,11,63,19270.0,305.87301587301585
26,12,59,18207.0,308.59322033898303
26,13,85,26028.0,306.21176470588233
26,14,81,25106.0,309.95061728395063
26,15,67,20529.0,306.4029850746269
26,16,40,12145.0,303.625
26,17,37,11763.0,317.9189189189189
26,18,39,11782.0,302.1025641025641
26,19,45,14199.0,315.53333333333336
26,20,48,15115.0,314.8958333333333
26,21,19,5661.0,297.94736842105266
26,22,14,4472.0,319.42857142857144
29,0,9,11034.5,1226.0555555555557
29,1,9,12229.0,1358.7777777777778
29,2,3,4281.5,1427.1666666666667
29,3,2,2935.0,1467.5
29,4,1,1644.5,1644.5
29,5,5,5735.5,1147.1
29,6,2,4092.0,2046.0
29,7,179,131859.0,736.6424581005587
29,8,171,109253.5,638.9093567251462
29,9,221,140556.5,636.0022624434389
29,10,220,142373.0,647.15
29,11,218,135391.0,621.059633027523
29,12,216,132320.5,612.5949074074074
29,13,186,119178.0,640.741935483871
29,14,156,101740.5,652.1826923076923
29,15,151,100537.5,665.8112582781457
29,16,154,103757.5,673.75
29,17,152,99201.0,652.6381578947369
29,18,141,92258.0,654.3120567375887
29,19,149,101419.5,680.6677852348994
29,20,138,95581.5,692.6195652173913
29,21,88,61078.5,694.0738636363636
29,22,13,10097.5,776.7307692307693
29,23,12,13492.0,1124.3333333333333
30,0,4,8350.0,2087.5
30,8,96,41688.0,434.25
30,9,159,70104.0,440.9056603773585
30,10,180,86774.0,482.0777777777778
30,11,183,89816.0,490.7978142076503
30,12,166,80686.5,486.06325301204816
30,13,181,99915.5,552.0193370165746
30,14,147,79594.5,541.4591836734694
30,15,124,67003.5,540.3508064516129
30,16,96,50362.5,524.609375
30,17,90,47000.5,522.2277777777778
30,18,106,61734.5,582.4009433962265
30,19,111,59852.0,539.2072072072073
30,20,96,55057.5,573.515625
30,21,85,43394.0,510.5176470588235
30,22,39,20673.5,530.0897435897435
30,23,64,47743.0,745.984375
33,7,1,540.5,540.5
33,8,134,67882.0,506.5820895522388
33,9,136,61963.0,455.6102941176471
33,10,113,62491.0,553.0176991150443
33,11,143,69653.0,487.0839160839161
33,12,136,70786.5,520.4889705882352
33,13,147,79798.5,542.8469387755102
33,14,100,52338.0,523.38
33,15,92,48617.5,528.4510869565217
33,16,68,40879.5,601.1691176470588
33,17,65,35426.0,545.0153846153846
33,18,77,40418.0,524.9090909090909
33,19,91,47621.0,523.3076923076923
33,20,59,31972.5,541.9067796610169
33,21,40,26458.5,661.4625
33,22,25,16070.5,642.82
34,0,46,32910.0,715.4347826086956
34,1,30,22945.5,764.85
34,2,13,7241.0,557.0
34,3,16,13302.5,831.40625
34,4,18,13492.0,749.5555555555555
34,5,21,21390.5,1018.5952380952381
34,6,46,42679.5,927.8152173913044
34,7,16,15052.5,940.78125
34,8,5,1878.0,375.6
34,9,1,344.0,344.0
34,11,2,693.0,346.5
34,12,3,1081.0,360.3333333333333
34,13,3,1029.0,343.0
34,14,1,386.0,386.0
34,15,2,867.0,433.5
34,17,3,1363.0,454.3333333333333
34,18,1,384.0,384.0
34,19,2,1255.0,627.5
34,20,1,357.0,357.0
34,21,4,1382.0,345.5
34,22,11,5327.0,484.27272727272725
34,23,65,40077.5,616.5769230769231
343,16,1,746.0,746.0
348,8,42,20240.0,481.9047619047619
348,9,59,30117.0,510.45762711864404
348,10,34,17026.0,500.7647058823529
348,11,26,14463.5,556.2884615384615
348,12,29,15789.5,544.4655172413793
348,13,22,11344.0,515.6363636363636
348,14,46,23781.0,516.9782608695652
348,15,26,15113.5,581.2884615384615
348,16,27,13864.0,513.4814814814815
348,17,17,9855.5,579.7352941176471
348,18,15,8841.0,589.4
348,19,21,10584.0,504.0
348,20,22,12957.5,588.9772727272727
348,21,6,2880.5,480.0833333333333
35,8,97,43205.5,445.41752577319585
35,9,147,64433.5,438.32312925170066
35,10,155,75384.0,486.3483870967742
35,11,183,88295.0,482.4863387978142
35,12,154,75344.0,489.24675324675326
35,13,153,87052.5,568.9705882352941
35,14,147,74477.5,506.6496598639456
35,15,124,62402.5,503.2459677419355
35,16,94,48050.5,511.1755319148936
35,17,94,50462.0,536.8297872340426
35,18,90,43521.5,483.5722222222222
35,19,109,50823.0,466.26605504587155
35,20,103,50620.5,491.4611650485437
35,21,60,32254.0,537.5666666666667
35,22,46,31776.0,690.7826086956521
35,23,1,947.0,947.0
36,8,10,10365.0,1036.5
36,9,8,8272.5,1034.0625
36,10,4,4620.5,1155.125
36,12,6,6997.0,1166.1666666666667
36,13,3,3522.0,1174.0
36,14,6,6642.5,1107.0833333333333
36,15,7,8899.5,1271.357142857143
36,16,3,4355.0,1451.6666666666667
36,17,3,2482.0,827.3333333333334
36,18,4,3775.0,943.75
36,19,1,1037.0,1037.0
36,20,8,8445.5,1055.6875
36,21,1,1286.5,1286.5
37,7,23,8031.0,349.17391304347825
37,8,59,19815.0,335.8474576271187
37,9,55,19258.5,350.1545454545454
37,10,61,20660.0,338.6885245901639
37,11,60,20035.0,333.9166666666667
37,12,44,15296.0,347.6363636363636
37,13,53,17855.0,336.8867924528302
37,14,35,12297.0,351.34285714285716
37,15,19,6257.0,329.3157894736842
37,16,22,7388.0,335.8181818181818
37,17,11,3752.0,341.09090909090907
37,18,16,5238.0,327.375
37,19,8,2708.0,338.5
37,20,7,2514.0,359.14285714285717
37,21,1,898.5,898.5
38,8,43,13852.0,322.13953488372096
38,9,40,12850.0,321.25
38,10,45,13946.0,309.9111111111111
38,11,51,16008.0,313.88235294117646
38,12,56,17532.0,313.07142857142856
38,13,56,17556.0,313.5
38,14,65,19077.0,293.4923076923077
38,15,37,11140.0,301.0810810810811
38,16,39,12249.0,314.0769230769231
38,17,33,10448.0,316.6060606060606
38,18,31,9955.0,321.1290322580645
38,19,44,14186.0,322.40909090909093
38,20,52,16528.0,317.84615384615387
38,21,66,20308.0,307.6969696969697
38,22,44,13842.0,314.59090909090907
38,23,18,7004.0,389.1111111111111
39,8,60,45978.0,766.3
39,9,106,71128.0,671.0188679245283
39,10,96,66662.5,694.4010416666666
39,11,116,77251.5,665.9612068965517
39,12,109,76085.0,698.0275229357799
39,13,68,49473.0,727.5441176470588
39,14,75,54735.0,729.8
39,15,77,52222.5,678.2142857142857
39,16,74,52845.0,714.1216216216217
39,17,66,46947.0,711.3181818181819
39,18,67,48942.5,730.4850746268656
39,19,64,42846.0,669.46875
39,20,58,42127.0,726.3275862068965
39,21,42,31365.0,746.7857142857143
39,22,33,25370.5,768.8030303030303
4,7,1,336.0,336.0
4,8,63,25214.5,400.23015873015873
4,9,83,37491.0,451.69879518072287
4,10,169,74052.5,438.1804733727811
4,11,138,59460.0,430.8695652173913
4,12,161,73069.0,453.8447204968944
4,13,182,80636.5,443.0576923076923
4,14,176,83671.5,475.40625
4,15,137,66425.5,484.85766423357666
4,16,134,65399.5,488.0559701492537
4,17,134,65726.5,490.49626865671644
4,18,94,48354.5,514.4095744680851
4,19,139,70887.0,509.978417266187
4,20,116,53653.5,462.5301724137931
4,21,79,36351.0,460.1392405063291
4,22,43,24389.5,567.1976744186046
4,23,25,16016.0,640.64
41,18,1,1005.0,1005.0
434,9,59,47658.5,807.771186440678
434,10,115,81885.5,712.0478260869565
434,11,108,75583.5,699.8472222222222
434,12,102,71718.5,703.1225490196078
434,13,89,61782.0,694.1797752808989
434,14,72,53472.5,742.6736111111111
434,15,72,54142.5,751.9791666666666
434,16,48,37025.0,771.3541666666666
434,17,66,50925.5,771.5984848484849
434,18,75,55651.0,742.0133333333333
434,19,78,56231.0,720.9102564102565
434,20,79,57651.0,729.7594936708861
434,21,51,38569.0,756.2549019607843
434,22,2,937.0,468.5
47,8,29,10996.0,379.17241379310343
47,9,57,21603.5,379.00877192982455
47,10,43,15191.0,353.27906976744185
47,11,39,14221.0,364.64102564102564
47,12,33,12232.0,370.6666666666667
47,13,23,8756.0,380.69565217391306
47,14,17,6709.0,394.6470588235294
47,15,18,7167.0,398.1666666666667
47,16,11,4327.0,393.3636363636364
47,17,11,4039.0,367.1818181818182
47,18,10,3738.0,373.8
47,19,4,1556.0,389.0
47,20,6,2268.0,378.0
47,21,2,763.0,381.5
479,0,25,18860.5,754.42
479,1,11,9639.0,876.2727272727273
479,2,6,4324.0,720.6666666666666
479,3,6,4662.0,777.0
479,4,5,4902.5,980.5
479,5,16,14544.0,909.0
479,6,82,63898.5,779.25
479,7,92,58793.5,639.0597826086956
479,8,23,10296.0,447.6521739130435
479,9,7,4952.0,707.4285714285714
479,10,9,4030.0,447.77777777777777
479,11,6,2500.0,416.6666666666667
479,12,10,4123.0,412.3
479,13,11,3768.0,342.54545454545456
479,14,8,3024.0,378.0
479,15,1,440.0,440.0
479,16,1,369.0,369.0
479,17,2,1308.0,654.0
479,18,1,379.0,379.0
479,19,7,3687.0,526.7142857142857
479,20,4,1794.0,448.5
479,21,9,3380.0,375.55555555555554
479,22,34,16541.5,486.5147058823529
479,23,25,16754.5,670.18
51,8,4,1400.0,350.0
51,9,9,3185.0,353.8888888888889
51,10,7,2488.0,355.42857142857144
51,11,10,3484.0,348.4
51,12,11,3752.0,341.09090909090907
51,13,11,3980.0,361.8181818181818
51,14,6,2171.0,361.8333333333333
51,15,6,2257.0,376.1666666666667
51,16,3,1059.0,353.0
51,17,2,781.0,390.5
51,18,1,368.0,368.0
54,10,10,9435.0,943.5
54,11,31,30889.0,996.4193548387096
54,12,49,43486.0,887.469387755102
54,13,47,41793.5,889.2234042553191
54,14,74,68487.5,925.5067567567568
54,15,78,71915.5,921.9935897435897
54,16,83,78552.0,946.4096385542168
54,17,89,85158.0,956.8314606741573
54,18,87,79879.0,918.1494252873563
54,19,105,94952.0,904.3047619047619
54,20,106,96879.5,913.9575471698113
54,21,92,83346.0,905.9347826086956
54,22,39,33845.5,867.8333333333334
54,23,4,3005.0,751.25
556,13,2,1335.0,667.5
556,14,3,2116.0,705.3333333333334
556,16,3,2806.5,935.5
556,17,2,1596.0,798.0
556,18,2,1830.0,915.0
556,19,1,775.0,775.0
556,20,1,568.0,568.0
556,21,2,1562.0,781.0
556,22,1,702.0,702.0
557,11,4,5404.0,1351.0
557,12,3,3210.0,1070.0
557,13,1,915.0,915.0
557,14,2,1943.0,971.5
557,17,2,2114.0,1057.0
557,18,2,2094.0,1047.0
557,20,1,1419.0,1419.0
557,21,1,1054.5,1054.5
558,18,1,850.0,850.0
558,20,1,936.0,936.0
558,21,1,801.0,801.0
560,13,1,711.0,711.0
560,20,1,1813.5,1813.5
598,15,1,1224.0,1224.0
598,19,1,1905.0,1905.0
599,15,1,1512.5,1512.5
599,20,1,1329.5,1329.5
599,22,3,2706.5,902.1666666666666
6,0,37,24530.5,662.9864864864865
6,1,28,18132.5,647.5892857142857
6,2,5,3796.0,759.2
6,3,11,8778.0,798.0
6,4,4,2474.5,618.625
6,5,19,15249.0,802.578947368421
6,6,35,26809.5,765.9857142857143
6,7,89,61976.0,696.3595505617977
6,8,116,56556.5,487.5560344827586
6,9,104,49803.5,478.8798076923077
6,10,116,57019.5,491.54741379310343
6,11,119,56113.5,471.5420168067227
6,12,135,70765.5,524.1888888888889
6,13,129,76023.5,589.3294573643411
6,14,148,80590.5,544.5304054054054
6,15,128,72868.0,569.28125
6,16,95,53663.0,564.8736842105263
6,17,97,54025.0,556.9587628865979
6,18,98,54431.5,555.4234693877551
6,19,88,53187.0,604.3977272727273
6,20,77,46558.5,604.6558441558442
6,21,90,52797.0,586.6333333333333
6,22,50,29132.0,582.64
6,23,28,14547.0,519.5357142857143
69,2,1,481.0,481.0
69,7,229,208603.0,910.9301310043668
69,8,221,112908.0,510.89592760180994
69,9,239,104217.0,436.0543933054393
69,10,247,104394.0,422.64777327935224
69,11,256,111378.0,435.0703125
69,12,240,100736.0,419.73333333333335
69,13,260,125259.0,481.7653846153846
69,14,212,106981.0,504.62735849056605
69,15,202,102162.0,505.7524752475247
69,16,177,84914.0,479.7401129943503
69,17,167,77734.0,465.47305389221555
69,18,171,78323.0,458.02923976608184
69,19,213,99686.0,468.0093896713615
69,20,183,80531.5,440.06284153005464
69,21,149,71067.5,476.96308724832215
69,22,114,54308.0,476.3859649122807
69,23,26,15185.5,584.0576923076923
7,0,73,59416.5,813.9246575342465
7,1,42,32530.5,774.5357142857143
7,2,20,14316.5,715.825
7,3,16,12258.5,766.15625
7,4,6,4780.5,796.75
7,5,28,24531.0,876.1071428571429
7,6,61,45117.5,739.6311475409836
7,7,143,126006.5,881.1643356643357
7,8,154,109982.0,714.1688311688312
7,9,152,90204.0,593.4473684210526
7,10,136,76480.5,562.3566176470588
7,11,131,69082.5,527.3473282442748
7,12,161,79145.5,491.5869565217391
7,13,145,71595.5,493.76206896551724
7,14,151,73769.0,488.5364238410596
7,15,96,48488.5,505.0885416666667
7,16,85,40589.5,477.5235294117647
7,17,78,42601.0,546.1666666666666
7,18,105,61363.5,584.4142857142857
7,19,92,47415.0,515.3804347826087
7,20,86,45059.5,523.9476744186046
7,21,68,37476.5,551.125
7,22,71,45390.0,639.2957746478874
7,23,79,53338.5,675.1708860759494
8,7,49,25436.5,519.1122448979592
8,8,198,73135.0,369.3686868686869
8,9,222,73721.0,332.0765765765766
8,10,228,78126.0,342.6578947368421
8,11,193,64324.0,333.2849740932642
8,12,171,57055.0,333.65497076023394
8,13,222,73150.0,329.5045045045045
8,14,187,62300.0,333.1550802139037
8,15,171,61283.0,358.3801169590643
8,16,115,43212.5,375.7608695652174
8,17,108,39046.0,361.537037037037
8,18,117,41936.5,358.4316239316239
8,19,151,54092.0,358.2251655629139
8,20,137,50494.5,368.5729927007299
8,21,86,33990.0,395.2325581395349
8,22,66,26729.0,404.9848484848485
8,23,31,14749.5,475.7903225806452
9,8,73,63911.0,875.4931506849315
9,9,50,45691.5,913.83
9,10,42,33143.0,789.1190476190476
9,11,31,30151.0,972.6129032258065
9,12,50,43124.0,862.48
9,13,61,54013.5,885.4672131147541
9,14,70,56311.0,804.4428571428572
9,15,67,57021.5,851.0671641791045
9,16,53,42667.5,805.0471698113207
9,17,58,46316.5,798.5603448275862
9,18,64,46925.0,733.203125
9,19,83,69888.0,842.0240963855422
9,20,74,58066.0,784.6756756756756
9,21,71,54954.0,774.0
9,22,44,39003.5,886.4431818181819
9,23,28,30619.5,1093.5535714285713
99,7,103,62870.5,610.3932038834952
99,8,131,65744.5,501.86641221374043
99,9,163,63228.0,387.90184049079755
99,10,172,66483.0,386.52906976744185
99,11,212,81391.0,383.9198113207547
99,12,209,82567.5,395.0598086124402
99,13,221,83881.5,379.5542986425339
99,14,191,71920.5,376.5471204188482
99,15,138,51639.5,374.1992753623188
99,16,118,45235.0,383.3474576271187
99,17,116,44153.5,380.6336206896552
99,18,144,56287.0,390.88194444444446
99,19,138,50278.5,364.3369565217391
99,20,123,45296.5,368.2642276422764
99,21,90,33070.5,367.45
99,22,43,16414.0,381.72093023255815
99,23,3,1953.0,651.0
