period_from,2025-12-29
period_to,2026-01-28
total_orders,55796
total_c_rate_total_rub,32035453.00

location_id,location_name,hour_from,hour_to,orders_count,avg_c_rate_total_rub,sum_c_rate_total_rub
1,Wall Street,8,9,12,363.5833333333333,4363.0
1,Wall Street,9,10,66,427.1439393939394,28191.5
1,Wall Street,10,11,67,395.6641791044776,26509.5
1,Wall Street,11,12,76,372.25657894736844,28291.5
1,Wall Street,12,13,77,367.6233766233766,28307.0
1,Wall Street,13,14,76,351.8092105263158,26737.5
1,Wall Street,14,15,70,377.23571428571427,26406.5
1,Wall Street,15,16,44,351.89772727272725,15483.5
1,Wall Street,16,17,53,377.07547169811323,19985.0
1,Wall Street,17,18,33,377.06060606060606,12443.0
1,Wall Street,18,19,35,385.4428571428571,13490.5
1,Wall Street,19,20,46,386.70652173913044,17788.5
1,Wall Street,20,21,21,377.0238095238095,7917.5
1,Wall Street,21,22,17,374.3235294117647,6363.5
1,Wall Street,22,23,10,441.4,4414.0
1,Wall Street,23,0,1,548.0,548.0
2,Кудринская,0,1,8,851.625,6813.0
2,Кудринская,2,3,1,909.0,909.0
2,Кудринская,3,4,1,2557.5,2557.5
2,Кудринская,7,8,75,590.7933333333333,44309.5
2,Кудринская,8,9,79,397.43037974683546,31397.0
2,Кудринская,9,10,109,415.9403669724771,45337.5
2,Кудринская,10,11,140,387.33214285714286,54226.5
2,Кудринская,11,12,124,354.85483870967744,44002.0
2,Кудринская,12,13,147,369.13945578231295,54263.5
2,Кудринская,13,14,128,373.40625,47796.0
2,Кудринская,14,15,117,352.52564102564105,41245.5
2,Кудринская,15,16,99,392.7070707070707,38878.0
2,Кудринская,16,17,106,424.0566037735849,44950.0
2,Кудринская,17,18,74,395.3445945945946,29255.5
2,Кудринская,18,19,92,408.17391304347825,37552.0
2,Кудринская,19,20,67,358.36567164179104,24010.5
2,Кудринская,20,21,49,395.8061224489796,19394.5
2,Кудринская,21,22,56,358.51785714285717,20077.0
2,Кудринская,22,23,31,555.6774193548387,17226.0
2,Кудринская,23,0,63,661.3571428571429,41665.5
4,Аврора,0,1,3,562.0,1686.0
4,Аврора,8,9,49,393.59183673469386,19286.0
4,Аврора,9,10,62,447.1532258064516,27723.5
4,Аврора,10,11,139,478.6438848920863,66531.5
4,Аврора,11,12,167,434.7215568862275,72598.5
4,Аврора,12,13,159,432.00314465408803,68688.5
4,Аврора,13,14,158,422.9335443037975,66823.5
4,Аврора,14,15,158,465.36392405063293,73527.5
4,Аврора,15,16,129,475.73643410852713,61370.0
4,Аврора,16,17,90,500.6666666666667,45060.0
4,Аврора,17,18,107,490.93457943925233,52530.0
4,Аврора,18,19,116,516.8146551724138,59950.5
4,Аврора,19,20,103,453.8543689320388,46747.0
4,Аврора,20,21,73,473.7328767123288,34582.5
4,Аврора,21,22,56,485.39285714285717,27182.0
4,Аврора,22,23,42,516.3928571428571,21688.5
4,Аврора,23,0,28,693.375,19414.5
5,Покровка (не использовать),0,1,53,918.5283018867924,48682.0
5,Покровка (не использовать),1,2,34,858.5,29189.0
5,Покровка (не использовать),2,3,23,693.3260869565217,15946.5
5,Покровка (не использовать),3,4,18,809.2777777777778,14567.0
5,Покровка (не использовать),4,5,11,712.3181818181819,7835.5
5,Покровка (не использовать),5,6,19,895.2631578947369,17010.0
5,Покровка (не использовать),6,7,62,784.991935483871,48669.5
5,Покровка (не использовать),7,8,125,703.44,87930.0
5,Покровка (не использовать),8,9,49,592.5612244897959,29035.5
5,Покровка (не использовать),9,10,6,776.6666666666666,4660.0
5,Покровка (не использовать),10,11,6,569.5,3417.0
5,Покровка (не использовать),11,12,3,403.0,1209.0
5,Покровка (не использовать),12,13,8,814.0,6512.0
5,Покровка (не использовать),13,14,4,365.5,1462.0
5,Покровка (не использовать),14,15,5,694.2,3471.0
5,Покровка (не использовать),15,16,4,575.0,2300.0
5,Покровка (не использовать),16,17,6,394.0,2364.0
5,Покровка (не использовать),17,18,7,491.14285714285717,3438.0
5,Покровка (не использовать),18,19,2,418.25,836.5
5,Покровка (не использовать),19,20,3,356.8333333333333,1070.5
5,Покровка (не использовать),20,21,3,965.3333333333334,2896.0
5,Покровка (не использовать),21,22,1,410.5,410.5
5,Покровка (не использовать),22,23,25,513.0,12825.0
5,Покровка (не использовать),23,0,38,665.8815789473684,25303.5
6,Неглинная,0,1,22,634.6818181818181,13963.0
6,Неглинная,1,2,18,715.3055555555555,12875.5
6,Неглинная,2,3,12,601.125,7213.5
6,Неглинная,3,4,14,752.5357142857143,10535.5
6,Неглинная,4,5,1,510.0,510.0
6,Неглинная,5,6,15,812.4,12186.0
6,Неглинная,6,7,26,775.9423076923077,20174.5
6,Неглинная,7,8,65,633.876923076923,41202.0
6,Неглинная,8,9,75,562.56,42192.0
6,Неглинная,9,10,145,528.8172413793103,76678.5
6,Неглинная,10,11,153,512.40522875817,78398.0
6,Неглинная,11,12,155,544.4741935483871,84393.5
6,Неглинная,12,13,155,520.241935483871,80637.5
6,Неглинная,13,14,160,530.60625,84897.0
6,Неглинная,14,15,144,552.4722222222222,79556.0
6,Неглинная,15,16,153,537.7973856209151,82283.0
6,Неглинная,16,17,124,535.5241935483871,66405.0
6,Неглинная,17,18,95,533.2526315789473,50659.0
6,Неглинная,18,19,82,607.2073170731708,49791.0
6,Неглинная,19,20,84,551.9880952380952,46367.0
6,Неглинная,20,21,52,521.5096153846154,27118.5
6,Неглинная,21,22,48,501.9270833333333,24092.5
6,Неглинная,22,23,36,548.4305555555555,19743.5
6,Неглинная,23,0,17,656.4705882352941,11160.0
7,Белая Площадь,0,1,73,733.2876712328767,53530.0
7,Белая Площадь,1,2,66,719.4924242424242,47486.5
7,Белая Площадь,2,3,29,788.551724137931,22868.0
7,Белая Площадь,3,4,38,670.8815789473684,25493.5
7,Белая Площадь,4,5,18,707.9166666666666,12742.5
7,Белая Площадь,5,6,23,947.9565217391304,21803.0
7,Белая Площадь,6,7,67,844.0149253731344,56549.0
7,Белая Площадь,7,8,158,839.123417721519,132581.5
7,Белая Площадь,8,9,181,677.5165745856353,122630.5
7,Белая Площадь,9,10,132,638.4431818181819,84274.5
7,Белая Площадь,10,11,141,555.2872340425532,78295.5
7,Белая Площадь,11,12,143,525.1643356643357,75098.5
7,Белая Площадь,12,13,182,482.5412087912088,87822.5
7,Белая Площадь,13,14,152,478.81907894736844,72780.5
7,Белая Площадь,14,15,145,489.99655172413793,71049.5
7,Белая Площадь,15,16,112,464.3080357142857,52002.5
7,Белая Площадь,16,17,110,573.4681818181818,63081.5
7,Белая Площадь,17,18,100,468.09,46809.0
7,Белая Площадь,18,19,112,555.2410714285714,62187.0
7,Белая Площадь,19,20,114,558.5526315789474,63675.0
7,Белая Площадь,20,21,107,508.74766355140184,54436.0
7,Белая Площадь,21,22,81,506.41358024691357,41019.5
7,Белая Площадь,22,23,84,628.7083333333334,52811.5
7,Белая Площадь,23,0,70,737.0785714285714,51595.5
8,Усачева,7,8,31,529.2741935483871,16407.5
8,Усачева,8,9,162,437.5617283950617,70885.0
8,Усачева,9,10,193,395.5699481865285,76345.0
8,Усачева,10,11,217,382.52764976958525,83008.5
8,Усачева,11,12,257,376.4280155642023,96742.0
8,Усачева,12,13,270,378.3388888888889,102151.5
8,Усачева,13,14,229,371.76200873362444,85133.5
8,Усачева,14,15,224,378.2857142857143,84736.0
8,Усачева,15,16,178,371.80337078651684,66181.0
8,Усачева,16,17,143,400.38461538461536,57255.0
8,Усачева,17,18,143,387.9755244755245,55480.5
8,Усачева,18,19,158,382.7879746835443,60480.5
8,Усачева,19,20,154,377.14285714285717,58080.0
8,Усачева,20,21,128,396.99609375,50815.5
8,Усачева,21,22,97,401.30927835051546,38927.0
8,Усачева,22,23,50,408.07,20403.5
8,Усачева,23,0,23,536.4782608695652,12339.0
9,КИНКИ,0,1,1,1012.0,1012.0
9,КИНКИ,8,9,54,888.1666666666666,47961.0
9,КИНКИ,9,10,62,832.9193548387096,51641.0
9,КИНКИ,10,11,33,806.5757575757576,26617.0
9,КИНКИ,11,12,49,789.6020408163265,38690.5
9,КИНКИ,12,13,59,740.6864406779661,43700.5
9,КИНКИ,13,14,73,806.0,58838.0
9,КИНКИ,14,15,75,783.9933333333333,58799.5
9,КИНКИ,15,16,66,825.6666666666666,54494.0
9,КИНКИ,16,17,80,840.1625,67213.0
9,КИНКИ,17,18,79,770.0189873417721,60831.5
9,КИНКИ,18,19,93,861.8387096774194,80151.0
9,КИНКИ,19,20,88,872.9829545454545,76822.5
9,КИНКИ,20,21,72,796.75,57366.0
9,КИНКИ,21,22,88,738.0454545454545,64948.0
9,КИНКИ,22,23,36,788.5694444444445,28388.5
9,КИНКИ,23,0,10,942.25,9422.5
10,Якиманка,8,9,31,353.0483870967742,10944.5
10,Якиманка,9,10,49,363.31632653061223,17802.5
10,Якиманка,10,11,95,358.79473684210524,34085.5
10,Якиманка,11,12,100,375.51,37551.0
10,Якиманка,12,13,119,363.29831932773106,43232.5
10,Якиманка,13,14,96,360.625,34620.0
10,Якиманка,14,15,90,373.7111111111111,33634.0
10,Якиманка,15,16,72,372.8958333333333,26848.5
10,Якиманка,16,17,65,427.84615384615387,27810.0
10,Якиманка,17,18,47,393.43617021276594,18491.5
10,Якиманка,18,19,50,360.37,18018.5
10,Якиманка,19,20,61,362.6475409836066,22121.5
10,Якиманка,20,21,51,351.98039215686276,17951.0
10,Якиманка,21,22,30,356.45,10693.5
10,Якиманка,22,23,13,402.84615384615387,5237.0
11,Кутузовский,0,1,156,863.9615384615385,134778.0
11,Кутузовский,1,2,102,778.3872549019608,79395.5
11,Кутузовский,2,3,75,768.6266666666667,57647.0
11,Кутузовский,3,4,57,874.3859649122807,49840.0
11,Кутузовский,4,5,37,725.9459459459459,26860.0
11,Кутузовский,5,6,78,932.1987179487179,72711.5
11,Кутузовский,6,7,229,883.8558951965066,202403.0
11,Кутузовский,7,8,113,779.1061946902655,88039.0
11,Кутузовский,8,9,49,665.6020408163265,32614.5
11,Кутузовский,9,10,13,608.0384615384615,7904.5
11,Кутузовский,10,11,3,1054.3333333333333,3163.0
11,Кутузовский,11,12,5,835.5,4177.5
11,Кутузовский,12,13,7,668.6428571428571,4680.5
11,Кутузовский,13,14,8,865.5,6924.0
11,Кутузовский,14,15,9,712.0,6408.0
11,Кутузовский,15,16,8,654.625,5237.0
11,Кутузовский,16,17,4,657.0,2628.0
11,Кутузовский,17,18,9,686.7222222222222,6180.5
11,Кутузовский,18,19,6,806.1666666666666,4837.0
11,Кутузовский,19,20,9,800.6111111111111,7205.5
11,Кутузовский,20,21,10,780.35,7803.5
11,Кутузовский,21,22,22,661.6590909090909,14556.5
11,Кутузовский,22,23,43,629.2441860465117,27057.5
11,Кутузовский,23,0,112,811.6741071428571,90907.5
12,Хорошо,8,9,35,486.35714285714283,17022.5
12,Хорошо,9,10,96,480.65625,46143.0
12,Хорошо,10,11,117,475.55555555555554,55640.0
12,Хорошо,11,12,140,461.82142857142856,64655.0
12,Хорошо,12,13,151,498.69867549668874,75303.5
12,Хорошо,13,14,155,439.6225806451613,68141.5
12,Хорошо,14,15,165,479.1242424242424,79055.5
12,Хорошо,15,16,108,454.88425925925924,49127.5
12,Хорошо,16,17,101,479.05940594059405,48385.0
12,Хорошо,17,18,114,517.1578947368421,58956.0
12,Хорошо,18,19,106,507.3443396226415,53778.5
12,Хорошо,19,20,98,513.8979591836735,50362.0
12,Хорошо,20,21,94,492.0691489361702,46254.5
12,Хорошо,21,22,59,513.3813559322034,30289.5
12,Хорошо,22,23,15,492.06666666666666,7381.0
13,Офис,16,17,2,522.5,1045.0
13,Офис,18,19,2,707.25,1414.5
13,Офис,19,20,2,439.0,878.0
13,Офис,20,21,1,934.0,934.0
14,Метрополис,9,10,56,757.1517857142857,42400.5
14,Метрополис,10,11,95,808.7684210526315,76833.0
14,Метрополис,11,12,105,741.6142857142858,77869.5
14,Метрополис,12,13,116,781.0,90596.0
14,Метрополис,13,14,118,774.3601694915254,91374.5
14,Метрополис,14,15,110,779.6727272727272,85764.0
14,Метрополис,15,16,92,721.2391304347826,66354.0
14,Метрополис,16,17,83,820.0240963855422,68062.0
14,Метрополис,17,18,63,792.7301587301587,49942.0
14,Метрополис,18,19,81,744.0308641975308,60266.5
14,Метрополис,19,20,57,771.5087719298245,43976.0
14,Метрополис,20,21,44,776.4772727272727,34165.0
14,Метрополис,21,22,32,836.890625,26780.5
14,Метрополис,22,23,16,881.9375,14111.0
14,Метрополис,23,0,1,514.0,514.0
16,Мосфильм,17,18,1,935.0,935.0
17,Внуково,8,9,26,1310.6538461538462,34077.0
17,Внуково,9,10,80,1140.85625,91268.5
17,Внуково,10,11,64,1203.9296875,77051.5
17,Внуково,11,12,94,1056.0478723404256,99268.5
17,Внуково,12,13,68,1013.9264705882352,68947.0
17,Внуково,13,14,100,1019.075,101907.5
17,Внуково,14,15,85,1087.7176470588236,92456.0
17,Внуково,15,16,87,1065.5,92698.5
17,Внуково,16,17,81,1267.0864197530864,102634.0
17,Внуково,17,18,76,1232.7302631578948,93687.5
17,Внуково,18,19,66,1082.3560606060605,71435.5
17,Внуково,19,20,54,1052.4351851851852,56831.5
17,Внуково,20,21,44,975.9204545454545,42940.5
17,Внуково,21,22,24,977.8541666666666,23468.5
17,Внуково,22,23,1,1811.0,1811.0
18,Новая Рига,8,9,60,726.625,43597.5
18,Новая Рига,9,10,105,641.3476190476191,67341.5
18,Новая Рига,10,11,107,718.5,76879.5
18,Новая Рига,11,12,99,642.5050505050505,63608.0
18,Новая Рига,12,13,100,690.245,69024.5
18,Новая Рига,13,14,88,706.7840909090909,62197.0
18,Новая Рига,14,15,87,671.7241379310345,58440.0
18,Новая Рига,15,16,76,780.1644736842105,59292.5
18,Новая Рига,16,17,58,742.5775862068965,43069.5
18,Новая Рига,17,18,67,682.6194029850747,45735.5
18,Новая Рига,18,19,90,729.9666666666667,65697.0
18,Новая Рига,19,20,59,681.9406779661017,40234.5
18,Новая Рига,20,21,55,725.290909090909,39891.0
18,Новая Рига,21,22,40,714.9375,28597.5
18,Новая Рига,22,23,6,991.8333333333334,5951.0
19,Conversation Никитская,8,9,6,1273.3333333333333,7640.0
19,Conversation Никитская,9,10,7,1317.2142857142858,9220.5
19,Conversation Никитская,10,11,9,1146.5555555555557,10319.0
19,Conversation Никитская,11,12,2,1199.5,2399.0
19,Conversation Никитская,12,13,6,1148.5,6891.0
19,Conversation Никитская,13,14,4,1066.375,4265.5
19,Conversation Никитская,14,15,5,1478.5,7392.5
19,Conversation Никитская,15,16,8,1299.1875,10393.5
19,Conversation Никитская,16,17,5,1103.2,5516.0
19,Conversation Никитская,17,18,3,1508.3333333333333,4525.0
19,Conversation Никитская,18,19,6,1498.9166666666667,8993.5
19,Conversation Никитская,19,20,4,1156.25,4625.0
19,Conversation Никитская,20,21,2,623.0,1246.0
19,Conversation Никитская,21,22,4,1413.0,5652.0
19,Conversation Никитская,22,23,2,1313.25,2626.5
20,Павлово,8,9,4,773.375,3093.5
20,Павлово,9,10,49,771.8367346938776,37820.0
20,Павлово,10,11,58,757.9827586206897,43963.0
20,Павлово,11,12,60,670.875,40252.5
20,Павлово,12,13,72,767.6805555555555,55273.0
20,Павлово,13,14,49,672.5,32952.5
20,Павлово,14,15,50,796.64,39832.0
20,Павлово,15,16,40,851.025,34041.0
20,Павлово,16,17,44,885.7272727272727,38972.0
20,Павлово,17,18,55,828.4909090909091,45567.0
20,Павлово,18,19,65,751.876923076923,48872.0
20,Павлово,19,20,40,792.9,31716.0
20,Павлово,20,21,31,777.3870967741935,24099.0
20,Павлово,21,22,25,687.98,17199.5
20,Павлово,22,23,6,853.6666666666666,5122.0
21,Горки-2,8,9,50,924.57,46228.5
21,Горки-2,9,10,104,830.6778846153846,86390.5
21,Горки-2,10,11,114,798.9736842105264,91083.0
21,Горки-2,11,12,152,794.0592105263158,120697.0
21,Горки-2,12,13,145,776.4655172413793,112587.5
21,Горки-2,13,14,138,858.1992753623189,118431.5
21,Горки-2,14,15,115,818.104347826087,94082.0
21,Горки-2,15,16,114,852.0964912280701,97139.0
21,Горки-2,16,17,97,794.7628865979382,77092.0
21,Горки-2,17,18,118,804.5254237288135,94934.0
21,Горки-2,18,19,107,837.7570093457944,89640.0
21,Горки-2,19,20,111,760.6396396396397,84431.0
21,Горки-2,20,21,67,839.5,56246.5
21,Горки-2,21,22,53,830.0,43990.0
21,Горки-2,22,23,146,754.7123287671233,110188.0
21,Горки-2,23,0,7,679.5714285714286,4757.0
22,Жажда Крови,0,1,1,372.0,372.0
22,Жажда Крови,12,13,3,488.3333333333333,1465.0
22,Жажда Крови,13,14,2,538.5,1077.0
22,Жажда Крови,14,15,4,815.25,3261.0
22,Жажда Крови,15,16,4,537.0,2148.0
22,Жажда Крови,16,17,2,587.0,1174.0
22,Жажда Крови,17,18,6,399.0,2394.0
22,Жажда Крови,18,19,2,531.5,1063.0
22,Жажда Крови,19,20,5,417.3,2086.5
22,Жажда Крови,20,21,7,733.7142857142857,5136.0
22,Жажда Крови,21,22,4,371.75,1487.0
22,Жажда Крови,22,23,1,375.0,375.0
22,Жажда Крови,23,0,1,978.0,978.0
23,I Love Cake,14,15,3,1046.6666666666667,3140.0
23,I Love Cake,15,16,1,1065.0,1065.0
23,I Love Cake,16,17,3,1953.6666666666667,5861.0
23,I Love Cake,17,18,1,833.0,833.0
23,I Love Cake,18,19,1,1750.0,1750.0
23,I Love Cake,21,22,1,918.0,918.0
24,Conversation Остоженка,11,12,1,951.0,951.0
24,Conversation Остоженка,13,14,1,1111.0,1111.0
24,Conversation Остоженка,14,15,1,533.0,533.0
24,Conversation Остоженка,15,16,2,1411.0,2822.0
25,Весна,0,1,5,354.5,1772.5
25,Весна,8,9,46,350.75,16134.5
25,Весна,9,10,76,360.86842105263156,27426.0
25,Весна,10,11,87,363.4942528735632,31624.0
25,Весна,11,12,116,346.73706896551727,40221.5
25,Весна,12,13,115,362.74782608695654,41716.0
25,Весна,13,14,119,350.06302521008405,41657.5
25,Весна,14,15,84,354.6547619047619,29791.0
25,Весна,15,16,84,345.4047619047619,29014.0
25,Весна,16,17,58,376.0258620689655,21809.5
25,Весна,17,18,63,371.44444444444446,23401.0
25,Весна,18,19,58,371.2758620689655,21534.0
25,Весна,19,20,60,366.3,21978.0
25,Весна,20,21,29,354.13793103448273,10270.0
25,Весна,21,22,26,339.59615384615387,8829.5
25,Весна,22,23,22,355.09090909090907,7812.0
25,Весна,23,0,14,451.14285714285717,6316.0
26,Тверская,8,9,44,345.27272727272725,15192.0
26,Тверская,9,10,82,354.3170731707317,29054.0
26,Тверская,10,11,96,359.1666666666667,34480.0
26,Тверская,11,12,119,355.11764705882354,42259.0
26,Тверская,12,13,113,351.83185840707966,39757.0
26,Тверская,13,14,105,356.56666666666666,37439.5
26,Тверская,14,15,74,358.9189189189189,26560.0
26,Тверская,15,16,73,351.6849315068493,25673.0
26,Тверская,16,17,65,377.83076923076925,24559.0
26,Тверская,17,18,57,356.5438596491228,20323.0
26,Тверская,18,19,47,402.9255319148936,18937.5
26,Тверская,19,20,48,369.9895833333333,17759.5
26,Тверская,20,21,31,364.8709677419355,11311.0
26,Тверская,21,22,31,349.01612903225805,10819.5
26,Тверская,22,23,21,367.76190476190476,7723.0
29,Украинский,7,8,120,784.3,94116.0
29,Украинский,8,9,143,649.1818181818181,92833.0
29,Украинский,9,10,182,644.7967032967033,117353.0
29,Украинский,10,11,222,704.6644144144144,156435.5
29,Украинский,11,12,234,666.1688034188035,155883.5
29,Украинский,12,13,225,622.7511111111111,140119.0
29,Украинский,13,14,226,642.962389380531,145309.5
29,Украинский,14,15,193,621.0284974093264,119858.5
29,Украинский,15,16,157,658.4904458598726,103383.0
29,Украинский,16,17,165,639.8969696969697,105583.0
29,Украинский,17,18,148,616.5743243243243,91253.0
29,Украинский,18,19,166,630.0512048192771,104588.5
29,Украинский,19,20,150,646.2133333333334,96932.0
29,Украинский,20,21,125,632.072,79009.0
29,Украинский,21,22,79,669.1392405063291,52862.0
29,Украинский,22,23,15,705.6,10584.0
30,Черёмушки,0,1,9,632.7222222222222,5694.5
30,Черёмушки,7,8,1,1527.0,1527.0
30,Черёмушки,8,9,89,491.9325842696629,43782.0
30,Черёмушки,9,10,129,483.1666666666667,62328.5
30,Черёмушки,10,11,173,521.0982658959538,90150.0
30,Черёмушки,11,12,168,487.5386904761905,81906.5
30,Черёмушки,12,13,217,496.778801843318,107801.0
30,Черёмушки,13,14,189,516.4497354497355,97609.0
30,Черёмушки,14,15,149,496.3758389261745,73960.0
30,Черёмушки,15,16,161,531.2049689440994,85524.0
30,Черёмушки,16,17,120,510.1458333333333,61217.5
30,Черёмушки,17,18,103,568.4174757281553,58547.0
30,Черёмушки,18,19,133,529.4248120300751,70413.5
30,Черёмушки,19,20,118,514.7627118644068,60742.0
30,Черёмушки,20,21,110,539.1454545454545,59306.0
30,Черёмушки,21,22,53,521.2358490566038,27625.5
30,Черёмушки,22,23,35,499.0571428571429,17467.0
30,Черёмушки,23,0,40,686.45,27458.0
33,Даниловский,8,9,89,599.5842696629213,53363.0
33,Даниловский,9,10,134,577.7350746268656,77416.5
33,Даниловский,10,11,132,607.1590909090909,80145.0
33,Даниловский,11,12,150,573.66,86049.0
33,Даниловский,12,13,171,572.5233918128655,97901.5
33,Даниловский,13,14,151,550.1026490066225,83065.5
33,Даниловский,14,15,146,566.4657534246576,82704.0
33,Даниловский,15,16,117,576.4358974358975,67443.0
33,Даниловский,16,17,99,636.6414141414141,63027.5
33,Даниловский,17,18,92,525.2391304347826,48322.0
33,Даниловский,18,19,106,596.6745283018868,63247.5
33,Даниловский,19,20,90,618.9277777777778,55703.5
33,Даниловский,20,21,66,664.1439393939394,43833.5
33,Даниловский,21,22,61,623.516393442623,38034.5
33,Даниловский,22,23,40,642.3,25692.0
33,Даниловский,23,0,5,724.6,3623.0
34,Аркус,0,1,66,746.2878787878788,49255.0
34,Аркус,1,2,40,805.6375,32225.5
34,Аркус,2,3,25,557.08,13927.0
34,Аркус,3,4,18,709.0555555555555,12763.0
34,Аркус,4,5,21,808.3333333333334,16975.0
34,Аркус,5,6,25,927.0,23175.0
34,Аркус,6,7,54,844.2685185185185,45590.5
34,Аркус,7,8,21,767.8809523809524,16125.5
34,Аркус,8,9,2,390.5,781.0
34,Аркус,9,10,3,941.6666666666666,2825.0
34,Аркус,10,11,2,762.0,1524.0
34,Аркус,11,12,1,318.0,318.0
34,Аркус,13,14,4,646.75,2587.0
34,Аркус,14,15,3,895.3333333333334,2686.0
34,Аркус,15,16,5,473.8,2369.0
34,Аркус,16,17,2,928.0,1856.0
34,Аркус,17,18,5,545.0,2725.0
34,Аркус,18,19,1,342.0,342.0
34,Аркус,19,20,2,850.25,1700.5
34,Аркус,20,21,1,343.0,343.0
34,Аркус,21,22,1,351.0,351.0
34,Аркус,22,23,9,716.1111111111111,6445.0
34,Аркус,23,0,61,653.5,39863.5
35,Ленинский,8,9,65,486.73846153846154,31638.0
35,Ленинский,9,10,137,526.9525547445255,72192.5
35,Ленинский,10,11,190,529.7894736842105,100660.0
35,Ленинский,11,12,200,511.245,102249.0
35,Ленинский,12,13,229,525.6965065502184,120384.5
35,Ленинский,13,14,208,510.7451923076923,106235.0
35,Ленинский,14,15,221,522.0361990950227,115370.0
35,Ленинский,15,16,160,549.890625,87982.5
35,Ленинский,16,17,153,550.6372549019608,84247.5
35,Ленинский,17,18,147,523.0680272108843,76891.0
35,Ленинский,18,19,156,569.5352564102565,88847.5
35,Ленинский,19,20,144,504.1111111111111,72592.0
35,Ленинский,20,21,107,525.355140186916,56213.0
35,Ленинский,21,22,77,571.5064935064935,44006.0
35,Ленинский,22,23,54,570.3796296296297,30800.5
35,Ленинский,23,0,3,781.1666666666666,2343.5
36,Friends Forever Botanica,7,8,1,2823.0,2823.0
36,Friends Forever Botanica,8,9,10,1890.9,18909.0
36,Friends Forever Botanica,9,10,18,1277.8055555555557,23000.5
36,Friends Forever Botanica,10,11,6,973.9166666666666,5843.5
36,Friends Forever Botanica,11,12,11,1122.6363636363637,12349.0
36,Friends Forever Botanica,12,13,12,1176.4166666666667,14117.0
36,Friends Forever Botanica,13,14,9,1198.388888888889,10785.5
36,Friends Forever Botanica,14,15,3,1537.3333333333333,4612.0
36,Friends Forever Botanica,15,16,8,870.875,6967.0
36,Friends Forever Botanica,16,17,3,954.3333333333334,2863.0
36,Friends Forever Botanica,17,18,4,1213.0,4852.0
36,Friends Forever Botanica,18,19,4,1116.625,4466.5
36,Friends Forever Botanica,19,20,2,805.5,1611.0
36,Friends Forever Botanica,20,21,6,1433.5,8601.0
36,Friends Forever Botanica,21,22,3,1586.0,4758.0
37,БТ Усачева,7,8,11,346.54545454545456,3812.0
37,БТ Усачева,8,9,53,368.99056603773585,19556.5
37,БТ Усачева,9,10,62,365.0967741935484,22636.0
37,БТ Усачева,10,11,75,388.41333333333336,29131.0
37,БТ Усачева,11,12,67,372.77611940298505,24976.0
37,БТ Усачева,12,13,72,379.5,27324.0
37,БТ Усачева,13,14,69,376.55797101449275,25982.5
37,БТ Усачева,14,15,39,364.71794871794873,14224.0
37,БТ Усачева,15,16,45,381.43333333333334,17164.5
37,БТ Усачева,16,17,26,385.36538461538464,10019.5
37,БТ Усачева,17,18,20,363.05,7261.0
37,БТ Усачева,18,19,18,405.72222222222223,7303.0
37,БТ Усачева,19,20,12,377.3333333333333,4528.0
37,БТ Усачева,20,21,2,390.75,781.5
37,БТ Усачева,21,22,2,370.75,741.5
38,Нева,0,1,3,427.3333333333333,1282.0
38,Нева,8,9,12,341.4583333333333,4097.5
38,Нева,9,10,12,396.1666666666667,4754.0
38,Нева,10,11,23,405.95652173913044,9337.0
38,Нева,11,12,35,349.62857142857143,12237.0
38,Нева,12,13,38,342.34210526315786,13009.0
38,Нева,13,14,44,346.03409090909093,15225.5
38,Нева,14,15,22,366.40909090909093,8061.0
38,Нева,15,16,27,333.74074074074076,9011.0
38,Нева,16,17,40,408.075,16323.0
38,Нева,17,18,35,369.0285714285714,12916.0
38,Нева,18,19,39,385.5897435897436,15038.0
38,Нева,19,20,46,338.4130434782609,15567.0
38,Нева,20,21,47,328.3085106382979,15430.5
38,Нева,21,22,43,330.43023255813955,14208.5
38,Нева,22,23,31,328.19354838709677,10174.0
38,Нева,23,0,24,399.2708333333333,9582.5
39,Гребной,7,8,1,1193.0,1193.0
39,Гребной,8,9,48,963.9583333333334,46270.0
39,Гребной,9,10,108,777.9953703703703,84023.5
39,Гребной,10,11,174,704.5603448275862,122593.5
39,Гребной,11,12,168,706.7172619047619,118728.5
39,Гребной,12,13,175,680.8085714285714,119141.5
39,Гребной,13,14,169,730.2840236686391,123418.0
39,Гребной,14,15,160,693.946875,111031.5
39,Гребной,15,16,125,737.588,92198.5
39,Гребной,16,17,119,746.0420168067227,88779.0
39,Гребной,17,18,86,684.2732558139535,58847.5
39,Гребной,18,19,111,699.5540540540541,77650.5
39,Гребной,19,20,101,705.9207920792079,71298.0
39,Гребной,20,21,72,648.1666666666666,46668.0
39,Гребной,21,22,13,753.9615384615385,9801.5
41,Friends Forever Grande,9,10,1,822.0,822.0
41,Friends Forever Grande,12,13,1,521.0,521.0
41,Friends Forever Grande,15,16,2,1429.0,2858.0
41,Friends Forever Grande,21,22,1,1402.0,1402.0
47,БТ Царская Площадь,8,9,11,386.09090909090907,4247.0
47,БТ Царская Площадь,9,10,24,377.2916666666667,9055.0
47,БТ Царская Площадь,10,11,25,375.04,9376.0
47,БТ Царская Площадь,11,12,24,448.9375,10774.5
47,БТ Царская Площадь,12,13,42,397.98809523809524,16715.5
47,БТ Царская Площадь,13,14,49,388.7551020408163,19049.0
47,БТ Царская Площадь,14,15,35,392.8857142857143,13751.0
47,БТ Царская Площадь,15,16,23,418.30434782608694,9621.0
47,БТ Царская Площадь,16,17,16,447.75,7164.0
47,БТ Царская Площадь,17,18,8,415.75,3326.0
47,БТ Царская Площадь,18,19,8,402.5,3220.0
47,БТ Царская Площадь,19,20,6,372.0,2232.0
47,БТ Царская Площадь,20,21,3,469.6666666666667,1409.0
51,БТ Новинский,8,9,10,372.8,3728.0
51,БТ Новинский,9,10,14,370.64285714285717,5189.0
51,БТ Новинский,10,11,11,375.8636363636364,4134.5
51,БТ Новинский,11,12,16,386.8125,6189.0
51,БТ Новинский,12,13,17,364.0,6188.0
51,БТ Новинский,13,14,8,356.0,2848.0
51,БТ Новинский,14,15,13,360.88461538461536,4691.5
51,БТ Новинский,15,16,13,408.0,5304.0
51,БТ Новинский,16,17,9,367.1111111111111,3304.0
51,БТ Новинский,17,18,3,365.0,1095.0
51,БТ Новинский,18,19,4,377.0,1508.0
51,БТ Новинский,19,20,3,368.5,1105.5
51,БТ Новинский,20,21,1,399.0,399.0
54,Maroon,7,8,2,2748.25,5496.5
54,Maroon,9,10,1,2513.0,2513.0
54,Maroon,10,11,5,1450.4,7252.0
54,Maroon,11,12,22,981.0,21582.0
54,Maroon,12,13,30,1038.65,31159.5
54,Maroon,13,14,34,1012.2352941176471,34416.0
54,Maroon,14,15,38,1027.2368421052631,39035.0
54,Maroon,15,16,40,1080.4125,43216.5
54,Maroon,16,17,37,1197.8918918918919,44322.0
54,Maroon,17,18,46,1196.358695652174,55032.5
54,Maroon,18,19,47,1082.2340425531916,50865.0
54,Maroon,19,20,37,1111.2702702702702,41117.0
54,Maroon,20,21,33,1298.5151515151515,42851.0
54,Maroon,21,22,45,1316.8777777777777,59259.5
54,Maroon,22,23,9,721.1111111111111,6490.0
54,Maroon,23,0,2,1728.5,3457.0
58,Печорин Тишинка,8,9,4,876.25,3505.0
58,Печорин Тишинка,9,10,10,902.05,9020.5
58,Печорин Тишинка,10,11,12,1091.75,13101.0
58,Печорин Тишинка,11,12,12,818.6666666666666,9824.0
58,Печорин Тишинка,12,13,11,694.2727272727273,7637.0
58,Печорин Тишинка,13,14,10,651.2,6512.0
58,Печорин Тишинка,14,15,10,725.3,7253.0
58,Печорин Тишинка,15,16,7,760.7142857142857,5325.0
58,Печорин Тишинка,16,17,7,808.9285714285714,5662.5
58,Печорин Тишинка,17,18,12,693.8333333333334,8326.0
58,Печорин Тишинка,18,19,6,922.6666666666666,5536.0
58,Печорин Тишинка,19,20,4,530.25,2121.0
58,Печорин Тишинка,20,21,2,416.0,832.0
59,Печорин Шаболовка,8,9,2,666.0,1332.0
59,Печорин Шаболовка,9,10,2,857.5,1715.0
59,Печорин Шаболовка,10,11,11,995.6363636363636,10952.0
59,Печорин Шаболовка,11,12,5,627.3,3136.5
59,Печорин Шаболовка,12,13,8,719.1875,5753.5
59,Печорин Шаболовка,13,14,10,996.1,9961.0
59,Печорин Шаболовка,14,15,7,577.4285714285714,4042.0
59,Печорин Шаболовка,15,16,8,858.0,6864.0
59,Печорин Шаболовка,16,17,7,1019.1428571428571,7134.0
59,Печорин Шаболовка,17,18,8,851.625,6813.0
59,Печорин Шаболовка,18,19,6,657.25,3943.5
59,Печорин Шаболовка,19,20,3,785.0,2355.0
59,Печорин Шаболовка,20,21,1,856.0,856.0
60,Печорин Карбышева,8,9,1,2063.0,2063.0
60,Печорин Карбышева,9,10,3,727.6666666666666,2183.0
60,Печорин Карбышева,10,11,1,1244.0,1244.0
60,Печорин Карбышева,11,12,9,1084.0,9756.0
60,Печорин Карбышева,12,13,3,1010.1666666666666,3030.5
60,Печорин Карбышева,13,14,2,1389.5,2779.0
60,Печорин Карбышева,14,15,1,498.0,498.0
60,Печорин Карбышева,15,16,1,1416.5,1416.5
60,Печорин Карбышева,16,17,1,1311.0,1311.0
60,Печорин Карбышева,17,18,1,1216.0,1216.0
60,Печорин Карбышева,18,19,1,1505.5,1505.5
60,Печорин Карбышева,19,20,1,2069.0,2069.0
60,Печорин Карбышева,20,21,1,1095.0,1095.0
61,Печорин Шелепиха,13,14,1,1759.0,1759.0
61,Печорин Шелепиха,14,15,1,1137.0,1137.0
61,Печорин Шелепиха,15,16,2,1369.5,2739.0
61,Печорин Шелепиха,16,17,1,841.0,841.0
61,Печорин Шелепиха,17,18,1,1199.0,1199.0
62,Печорин Новочеремушкинская ,8,9,6,965.0,5790.0
62,Печорин Новочеремушкинская ,9,10,2,1193.5,2387.0
62,Печорин Новочеремушкинская ,10,11,17,833.6764705882352,14172.5
62,Печорин Новочеремушкинская ,11,12,17,742.1470588235294,12616.5
62,Печорин Новочеремушкинская ,12,13,22,891.3863636363636,19610.5
62,Печорин Новочеремушкинская ,13,14,12,1025.5,12306.0
62,Печорин Новочеремушкинская ,14,15,5,771.6,3858.0
62,Печорин Новочеремушкинская ,15,16,9,929.1111111111111,8362.0
62,Печорин Новочеремушкинская ,16,17,10,902.45,9024.5
62,Печорин Новочеремушкинская ,17,18,5,1231.1,6155.5
62,Печорин Новочеремушкинская ,18,19,8,835.875,6687.0
62,Печорин Новочеремушкинская ,19,20,5,655.6,3278.0
62,Печорин Новочеремушкинская ,20,21,2,579.0,1158.0
63,Печорин Вавилова,12,13,1,541.0,541.0
63,Печорин Вавилова,14,15,1,670.5,670.5
63,Печорин Вавилова,15,16,1,1032.0,1032.0
63,Печорин Вавилова,17,18,1,382.0,382.0
63,Печорин Вавилова,19,20,1,511.0,511.0
66,Печорин Можайский,11,12,1,691.0,691.0
66,Печорин Можайский,15,16,2,932.75,1865.5
66,Печорин Можайский,17,18,1,870.0,870.0
68,Печорин Горки-2,10,11,5,1149.6,5748.0
68,Печорин Горки-2,11,12,1,570.0,570.0
68,Печорин Горки-2,12,13,1,888.0,888.0
68,Печорин Горки-2,13,14,2,709.5,1419.0
68,Печорин Горки-2,14,15,2,1326.0,2652.0
68,Печорин Горки-2,18,19,1,1427.5,1427.5
69,Опен Мичуринский,7,8,156,931.7019230769231,145345.5
69,Опен Мичуринский,8,9,237,562.457805907173,133302.5
69,Опен Мичуринский,9,10,278,483.2571942446043,134345.5
69,Опен Мичуринский,10,11,309,467.3948220064725,144425.0
69,Опен Мичуринский,11,12,348,439.9683908045977,153109.0
69,Опен Мичуринский,12,13,349,457.2177650429799,159569.0
69,Опен Мичуринский,13,14,335,464.4089552238806,155577.0
69,Опен Мичуринский,14,15,303,449.63201320132015,136238.5
69,Опен Мичуринский,15,16,288,451.43055555555554,130012.0
69,Опен Мичуринский,16,17,280,471.25,131950.0
69,Опен Мичуринский,17,18,245,476.9551020408163,116854.0
69,Опен Мичуринский,18,19,273,467.0274725274725,127498.5
69,Опен Мичуринский,19,20,248,463.0241935483871,114830.0
69,Опен Мичуринский,20,21,215,447.7279069767442,96261.5
69,Опен Мичуринский,21,22,179,466.3100558659218,83469.5
69,Опен Мичуринский,22,23,126,540.781746031746,68138.5
69,Опен Мичуринский,23,0,45,667.7,30046.5
72,КО Магадан,10,11,4,1073.25,4293.0
72,КО Магадан,11,12,2,1019.0,2038.0
72,КО Магадан,12,13,17,1351.4411764705883,22974.5
72,КО Магадан,13,14,6,1196.5,7179.0
72,КО Магадан,14,15,3,1530.0,4590.0
72,КО Магадан,15,16,4,1247.75,4991.0
72,КО Магадан,16,17,4,1748.75,6995.0
72,КО Магадан,17,18,3,1359.3333333333333,4078.0
72,КО Магадан,18,19,5,1079.0,5395.0
72,КО Магадан,19,20,1,1844.5,1844.5
72,КО Магадан,20,21,1,919.0,919.0
94,КО Высота 5642,9,10,1,1047.0,1047.0
94,КО Высота 5642,10,11,1,788.0,788.0
94,КО Высота 5642,11,12,1,1413.0,1413.0
94,КО Высота 5642,12,13,8,681.4375,5451.5
94,КО Высота 5642,13,14,13,848.5384615384615,11031.0
94,КО Высота 5642,14,15,10,1044.45,10444.5
94,КО Высота 5642,15,16,13,1213.2692307692307,15772.5
94,КО Высота 5642,16,17,14,1014.25,14199.5
94,КО Высота 5642,17,18,12,739.0,8868.0
94,КО Высота 5642,18,19,16,671.03125,10736.5
94,КО Высота 5642,19,20,12,967.5833333333334,11611.0
94,КО Высота 5642,20,21,6,906.3333333333334,5438.0
94,КО Высота 5642,21,22,9,997.3333333333334,8976.0
94,КО Высота 5642,22,23,2,781.5,1563.0
98,Печорин Угрешская,10,11,1,2484.0,2484.0
98,Печорин Угрешская,11,12,1,1440.0,1440.0
98,Печорин Угрешская,13,14,1,1665.0,1665.0
99,Опен Аркус,7,8,76,575.3684210526316,43728.0
99,Опен Аркус,8,9,132,450.42045454545456,59455.5
99,Опен Аркус,9,10,210,419.4809523809524,88091.0
99,Опен Аркус,10,11,222,406.3063063063063,90200.0
99,Опен Аркус,11,12,284,404.4964788732394,114877.0
99,Опен Аркус,12,13,288,413.1979166666667,119001.0
99,Опен Аркус,13,14,239,414.5774058577406,99084.0
99,Опен Аркус,14,15,234,401.5042735042735,93952.0
99,Опен Аркус,15,16,208,412.72596153846155,85847.0
99,Опен Аркус,16,17,191,438.9267015706806,83835.0
99,Опен Аркус,17,18,168,413.7767857142857,69514.5
99,Опен Аркус,18,19,209,422.8373205741627,88373.0
99,Опен Аркус,19,20,213,413.1079812206573,87992.0
99,Опен Аркус,20,21,131,395.50763358778624,51811.5
99,Опен Аркус,21,22,103,411.8203883495146,42417.5
99,Опен Аркус,22,23,88,412.39772727272725,36291.0
99,Опен Аркус,23,0,11,446.90909090909093,4916.0
100,Колбасный Цех / Магадан,11,12,1,2110.5,2110.5
100,Колбасный Цех / Магадан,12,13,5,1447.8,7239.0
100,Колбасный Цех / Магадан,13,14,11,1358.0454545454545,14938.5
100,Колбасный Цех / Магадан,14,15,4,1853.625,7414.5
100,Колбасный Цех / Магадан,15,16,4,1700.5,6802.0
100,Колбасный Цех / Магадан,16,17,8,1401.0625,11208.5
100,Колбасный Цех / Магадан,17,18,3,1821.0,5463.0
100,Колбасный Цех / Магадан,18,19,7,1041.642857142857,7291.5
100,Колбасный Цех / Магадан,19,20,6,1583.5,9501.0
100,Колбасный Цех / Магадан,20,21,6,1468.75,8812.5
100,Колбасный Цех / Магадан,21,22,4,1106.75,4427.0
100,Колбасный Цех / Магадан,22,23,1,1246.0,1246.0
101,Алия,8,9,25,737.94,18448.5
101,Алия,9,10,61,716.8852459016393,43730.0
101,Алия,10,11,82,709.030487804878,58140.5
101,Алия,11,12,109,676.1559633027523,73701.0
101,Алия,12,13,123,711.7154471544716,87541.0
101,Алия,13,14,99,723.0,71577.0
101,Алия,14,15,94,753.8031914893617,70857.5
101,Алия,15,16,99,747.2070707070707,73973.5
101,Алия,16,17,82,751.2439024390244,61602.0
101,Алия,17,18,72,681.0902777777778,49038.5
101,Алия,18,19,80,722.5125,57801.0
101,Алия,19,20,82,735.5548780487804,60315.5
101,Алия,20,21,60,676.3333333333334,40580.0
101,Алия,21,22,42,712.6309523809524,29930.5
101,Алия,22,23,26,824.4038461538462,21434.5
101,Алия,23,0,2,933.5,1867.0
102,Мясо&Рыба Тверская,0,1,8,1342.0625,10736.5
102,Мясо&Рыба Тверская,1,2,15,1110.3333333333333,16655.0
102,Мясо&Рыба Тверская,2,3,7,735.9285714285714,5151.5
102,Мясо&Рыба Тверская,3,4,6,1095.1666666666667,6571.0
102,Мясо&Рыба Тверская,5,6,2,908.5,1817.0
102,Мясо&Рыба Тверская,6,7,1,946.0,946.0
102,Мясо&Рыба Тверская,7,8,5,1236.8,6184.0
102,Мясо&Рыба Тверская,8,9,8,1432.6875,11461.5
102,Мясо&Рыба Тверская,9,10,2,1264.0,2528.0
102,Мясо&Рыба Тверская,10,11,8,1388.0,11104.0
102,Мясо&Рыба Тверская,11,12,10,1380.85,13808.5
102,Мясо&Рыба Тверская,12,13,8,1212.5625,9700.5
102,Мясо&Рыба Тверская,13,14,15,1157.8333333333333,17367.5
102,Мясо&Рыба Тверская,14,15,18,1145.4444444444443,20618.0
102,Мясо&Рыба Тверская,15,16,19,1172.1052631578948,22270.0
102,Мясо&Рыба Тверская,16,17,12,1231.0416666666667,14772.5
102,Мясо&Рыба Тверская,17,18,18,1193.0555555555557,21475.0
102,Мясо&Рыба Тверская,18,19,17,1180.4117647058824,20067.0
102,Мясо&Рыба Тверская,19,20,16,1227.90625,19646.5
102,Мясо&Рыба Тверская,20,21,20,1252.375,25047.5
102,Мясо&Рыба Тверская,21,22,12,1065.0,12780.0
102,Мясо&Рыба Тверская,22,23,6,1365.0,8190.0
102,Мясо&Рыба Тверская,23,0,9,1333.7777777777778,12004.0
115,Опен Символ,7,8,34,758.3382352941177,25783.5
115,Опен Символ,8,9,58,633.6810344827586,36753.5
115,Опен Символ,9,10,109,666.9174311926605,72694.0
115,Опен Символ,10,11,156,590.1891025641025,92069.5
115,Опен Символ,11,12,138,593.445652173913,81895.5
115,Опен Символ,12,13,144,605.5173611111111,87194.5
115,Опен Символ,13,14,149,597.1912751677852,88981.5
115,Опен Символ,14,15,137,606.7737226277372,83128.0
115,Опен Символ,15,16,117,600.6324786324786,70274.0
115,Опен Символ,16,17,105,584.4761904761905,61370.0
115,Опен Символ,17,18,89,591.5,52643.5
115,Опен Символ,18,19,89,645.2247191011236,57425.0
115,Опен Символ,19,20,88,621.8693181818181,54724.5
115,Опен Символ,20,21,63,626.1666666666666,39448.5
115,Опен Символ,21,22,37,619.6216216216217,22926.0
115,Опен Символ,22,23,6,593.0833333333334,3558.5
116,Корнер Дмитровка,13,14,1,1058.0,1058.0
116,Корнер Дмитровка,14,15,7,785.5714285714286,5499.0
116,Корнер Дмитровка,16,17,4,995.25,3981.0
116,Корнер Дмитровка,17,18,6,891.5833333333334,5349.5
116,Корнер Дмитровка,18,19,3,1005.3333333333334,3016.0
116,Корнер Дмитровка,19,20,9,950.5,8554.5
116,Корнер Дмитровка,20,21,10,1061.15,10611.5
116,Корнер Дмитровка,21,22,4,1070.625,4282.5
116,Корнер Дмитровка,22,23,4,1011.25,4045.0
117,Корнер Смоленская,12,13,2,493.5,987.0
117,Корнер Смоленская,13,14,1,516.0,516.0
117,Корнер Смоленская,14,15,3,446.8333333333333,1340.5
117,Корнер Смоленская,15,16,5,432.1,2160.5
117,Корнер Смоленская,16,17,2,616.75,1233.5
117,Корнер Смоленская,17,18,4,497.25,1989.0
117,Корнер Смоленская,18,19,5,535.9,2679.5
117,Корнер Смоленская,19,20,1,423.0,423.0
117,Корнер Смоленская,20,21,5,623.3,3116.5
117,Корнер Смоленская,21,22,7,739.2857142857143,5175.0
117,Корнер Смоленская,22,23,3,743.3333333333334,2230.0
121,Косяк Новая Рига,10,11,1,716.0,716.0
121,Косяк Новая Рига,13,14,3,833.0,2499.0
121,Косяк Новая Рига,14,15,3,902.0,2706.0
121,Косяк Новая Рига,15,16,1,650.0,650.0
121,Косяк Новая Рига,16,17,2,406.75,813.5
121,Косяк Новая Рига,17,18,5,704.6,3523.0
121,Косяк Новая Рига,18,19,4,956.5,3826.0
121,Косяк Новая Рига,19,20,5,796.0,3980.0
121,Косяк Новая Рига,20,21,2,628.5,1257.0
121,Косяк Новая Рига,21,22,2,513.5,1027.0
122,Косяк Тишинка,11,12,2,428.5,857.0
122,Косяк Тишинка,13,14,5,403.9,2019.5
122,Косяк Тишинка,14,15,3,377.6666666666667,1133.0
122,Косяк Тишинка,15,16,1,399.0,399.0
122,Косяк Тишинка,16,17,3,394.6666666666667,1184.0
122,Косяк Тишинка,17,18,2,376.5,753.0
122,Косяк Тишинка,18,19,6,459.6666666666667,2758.0
122,Косяк Тишинка,19,20,8,383.75,3070.0
122,Косяк Тишинка,20,21,6,412.8333333333333,2477.0
122,Косяк Тишинка,21,22,2,418.5,837.0
123,Опен Нева,8,9,29,324.08620689655174,9398.5
123,Опен Нева,9,10,72,322.7638888888889,23239.0
123,Опен Нева,10,11,101,320.6039603960396,32381.0
123,Опен Нева,11,12,113,324.2654867256637,36642.0
123,Опен Нева,12,13,105,324.95714285714286,34120.5
123,Опен Нева,13,14,90,324.35555555555555,29192.0
123,Опен Нева,14,15,103,332.6601941747573,34264.0
123,Опен Нева,15,16,67,326.7835820895522,21894.5
123,Опен Нева,16,17,52,320.5192307692308,16667.0
123,Опен Нева,17,18,30,320.35,9610.5
123,Опен Нева,18,19,21,336.5952380952381,7068.5
123,Опен Нева,19,20,6,410.1666666666667,2461.0
123,Опен Нева,20,21,2,312.5,625.0
123,Опен Нева,21,22,2,314.5,629.0
123,Опен Нева,22,23,2,312.0,624.0
125,Meraki,10,11,4,877.75,3511.0
125,Meraki,11,12,15,830.2,12453.0
125,Meraki,12,13,8,1200.1875,9601.5
125,Meraki,13,14,12,1133.0,13596.0
125,Meraki,14,15,15,1010.5,15157.5
125,Meraki,15,16,13,1105.576923076923,14372.5
125,Meraki,16,17,17,904.9705882352941,15384.5
125,Meraki,17,18,14,1161.9285714285713,16267.0
125,Meraki,18,19,20,932.25,18645.0
125,Meraki,19,20,17,1067.3235294117646,18144.5
125,Meraki,20,21,11,1058.9545454545455,11648.5
125,Meraki,21,22,8,1020.875,8167.0
126,Опен Покровка,8,9,58,426.8965517241379,24760.0
126,Опен Покровка,9,10,125,400.612,50076.5
126,Опен Покровка,10,11,153,400.97058823529414,61348.5
126,Опен Покровка,11,12,118,440.27966101694915,51953.0
126,Опен Покровка,12,13,130,388.31538461538463,50481.0
126,Опен Покровка,13,14,169,379.3698224852071,64113.5
126,Опен Покровка,14,15,151,376.27152317880797,56817.0
126,Опен Покровка,15,16,104,371.09615384615387,38594.0
126,Опен Покровка,16,17,94,389.17021276595744,36582.0
126,Опен Покровка,17,18,86,379.7848837209302,32661.5
126,Опен Покровка,18,19,86,385.9011627906977,33187.5
126,Опен Покровка,19,20,64,376.6875,24108.0
126,Опен Покровка,20,21,51,377.44117647058823,19249.5
126,Опен Покровка,21,22,45,386.6777777777778,17400.5
126,Опен Покровка,22,23,3,420.3333333333333,1261.0
127,БТ Покровка,8,9,16,374.96875,5999.5
127,БТ Покровка,9,10,50,368.79,18439.5
127,БТ Покровка,10,11,50,398.99,19949.5
127,БТ Покровка,11,12,39,377.0,14703.0
127,БТ Покровка,12,13,32,380.359375,12171.5
127,БТ Покровка,13,14,21,377.9047619047619,7936.0
127,БТ Покровка,14,15,18,385.25,6934.5
127,БТ Покровка,15,16,17,362.29411764705884,6159.0
127,БТ Покровка,16,17,10,478.85,4788.5
127,БТ Покровка,17,18,13,371.34615384615387,4827.5
127,БТ Покровка,18,19,10,411.5,4115.0
127,БТ Покровка,19,20,3,370.3333333333333,1111.0
127,БТ Покровка,20,21,5,370.6,1853.0
127,БТ Покровка,21,22,3,372.3333333333333,1117.0
128,Кофемания Лаки,8,9,46,356.25,16387.5
128,Кофемания Лаки,9,10,146,372.2808219178082,54353.0
128,Кофемания Лаки,10,11,151,358.9701986754967,54204.5
128,Кофемания Лаки,11,12,181,353.2513812154696,63938.5
128,Кофемания Лаки,12,13,161,356.5124223602484,57398.5
128,Кофемания Лаки,13,14,156,359.9647435897436,56154.5
128,Кофемания Лаки,14,15,130,351.15,45649.5
128,Кофемания Лаки,15,16,91,347.16483516483515,31592.0
128,Кофемания Лаки,16,17,108,366.03703703703707,39532.0
128,Кофемания Лаки,17,18,104,359.59615384615387,37398.0
128,Кофемания Лаки,18,19,138,356.20652173913044,49156.5
128,Кофемания Лаки,19,20,145,355.53793103448277,51553.0
128,Кофемания Лаки,20,21,104,343.9375,35769.5
128,Кофемания Лаки,21,22,63,350.6666666666667,22092.0
128,Кофемания Лаки,22,23,61,356.38524590163934,21739.5
128,Кофемания Лаки,23,0,27,375.77777777777777,10146.0
130,EVA Хамовники,10,11,1,380.0,380.0
130,EVA Хамовники,12,13,2,1062.5,2125.0
130,EVA Хамовники,13,14,2,1399.5,2799.0
130,EVA Хамовники,14,15,10,935.15,9351.5
130,EVA Хамовники,15,16,4,904.0,3616.0
130,EVA Хамовники,16,17,6,953.5,5721.0
130,EVA Хамовники,17,18,5,960.1,4800.5
130,EVA Хамовники,18,19,9,686.7222222222222,6180.5
130,EVA Хамовники,19,20,4,966.0,3864.0
130,EVA Хамовники,20,21,7,1089.9285714285713,7629.5
130,EVA Хамовники,21,22,3,1128.1666666666667,3384.5
130,EVA Хамовники,22,23,3,1003.1666666666666,3009.5
131,EVA Б.Грузинская,10,11,1,350.0,350.0
131,EVA Б.Грузинская,12,13,3,656.6666666666666,1970.0
131,EVA Б.Грузинская,14,15,6,798.9166666666666,4793.5
131,EVA Б.Грузинская,15,16,7,647.4285714285714,4532.0
131,EVA Б.Грузинская,16,17,3,948.0,2844.0
131,EVA Б.Грузинская,18,19,1,1204.0,1204.0
131,EVA Б.Грузинская,19,20,4,735.125,2940.5
131,EVA Б.Грузинская,20,21,6,757.9166666666666,4547.5
131,EVA Б.Грузинская,21,22,4,1040.75,4163.0
131,EVA Б.Грузинская,22,23,1,793.0,793.0
135,Гастродача Вселуг,13,14,1,778.0,778.0
135,Гастродача Вселуг,14,15,2,526.5,1053.0
135,Гастродача Вселуг,15,16,2,793.0,1586.0
135,Гастродача Вселуг,16,17,3,1123.8333333333333,3371.5
135,Гастродача Вселуг,17,18,3,696.6666666666666,2090.0
135,Гастродача Вселуг,19,20,1,1015.0,1015.0
135,Гастродача Вселуг,21,22,4,1343.875,5375.5
135,Гастродача Вселуг,22,23,5,1295.2,6476.0
136,Ikura,13,14,11,665.9545454545455,7325.5
136,Ikura,14,15,7,1450.2142857142858,10151.5
136,Ikura,15,16,10,738.4,7384.0
136,Ikura,16,17,9,955.3333333333334,8598.0
136,Ikura,17,18,10,903.25,9032.5
136,Ikura,18,19,4,1021.125,4084.5
136,Ikura,19,20,11,876.9090909090909,9646.0
136,Ikura,20,21,3,886.0,2658.0
136,Ikura,21,22,6,1010.25,6061.5
136,Ikura,22,23,4,785.25,3141.0
136,Ikura,23,0,1,1248.5,1248.5
137,БТ Мясницкая,9,10,14,433.7857142857143,6073.0
137,БТ Мясницкая,10,11,17,416.94117647058823,7088.0
137,БТ Мясницкая,11,12,19,423.57894736842104,8048.0
137,БТ Мясницкая,12,13,18,399.80555555555554,7196.5
137,БТ Мясницкая,13,14,21,409.2857142857143,8595.0
137,БТ Мясницкая,14,15,20,400.55,8011.0
137,БТ Мясницкая,15,16,11,460.09090909090907,5061.0
137,БТ Мясницкая,16,17,10,406.6,4066.0
137,БТ Мясницкая,17,18,4,437.75,1751.0
137,БТ Мясницкая,18,19,3,452.0,1356.0
137,БТ Мясницкая,19,20,5,413.8,2069.0
137,БТ Мясницкая,20,21,2,357.0,714.0
138,БТ Таганка,8,9,2,449.75,899.5
138,БТ Таганка,9,10,18,412.8333333333333,7431.0
138,БТ Таганка,10,11,20,408.475,8169.5
138,БТ Таганка,11,12,19,400.89473684210526,7617.0
138,БТ Таганка,12,13,26,381.11538461538464,9909.0
138,БТ Таганка,13,14,24,404.5833333333333,9710.0
138,БТ Таганка,14,15,21,403.5,8473.5
138,БТ Таганка,15,16,14,447.75,6268.5
138,БТ Таганка,16,17,9,361.22222222222223,3251.0
138,БТ Таганка,17,18,11,392.1818181818182,4314.0
138,БТ Таганка,18,19,4,446.375,1785.5
138,БТ Таганка,19,20,5,646.4,3232.0
138,БТ Таганка,20,21,3,638.1666666666666,1914.5
138,БТ Таганка,22,23,1,438.0,438.0
139,Клёво Усачева,11,12,2,1605.0,3210.0
139,Клёво Усачева,12,13,3,1185.3333333333333,3556.0
139,Клёво Усачева,13,14,12,1150.75,13809.0
139,Клёво Усачева,14,15,5,1481.3,7406.5
139,Клёво Усачева,15,16,12,1125.3333333333333,13504.0
139,Клёво Усачева,16,17,13,1083.423076923077,14084.5
139,Клёво Усачева,17,18,10,1446.6,14466.0
139,Клёво Усачева,18,19,8,1351.375,10811.0
139,Клёво Усачева,19,20,4,1363.75,5455.0
139,Клёво Усачева,20,21,3,919.6666666666666,2759.0
139,Клёво Усачева,21,22,3,918.6666666666666,2756.0
139,Клёво Усачева,23,0,1,566.0,566.0
140,Клёво Черемушки,11,12,14,889.2142857142857,12449.0
140,Клёво Черемушки,12,13,7,793.5714285714286,5555.0
140,Клёво Черемушки,13,14,3,1165.0,3495.0
140,Клёво Черемушки,14,15,4,1149.5,4598.0
140,Клёво Черемушки,15,16,6,772.0,4632.0
140,Клёво Черемушки,16,17,10,767.6,7676.0
140,Клёво Черемушки,17,18,5,891.6,4458.0
140,Клёво Черемушки,18,19,14,691.7142857142857,9684.0
140,Клёво Черемушки,19,20,9,610.5,5494.5
140,Клёво Черемушки,20,21,7,999.5714285714286,6997.0
140,Клёво Черемушки,21,22,2,608.0,1216.0
142,RED7,8,9,22,388.47727272727275,8546.5
142,RED7,9,10,48,385.15625,18487.5
142,RED7,10,11,52,366.4423076923077,19055.0
142,RED7,11,12,52,364.1730769230769,18937.0
142,RED7,12,13,65,359.17692307692306,23346.5
142,RED7,13,14,43,367.6046511627907,15807.0
142,RED7,14,15,46,360.4891304347826,16582.5
142,RED7,15,16,35,367.6,12866.0
142,RED7,16,17,22,396.75,8728.5
142,RED7,17,18,26,419.96153846153845,10919.0
142,RED7,18,19,37,378.77027027027026,14014.5
142,RED7,19,20,40,375.5125,15020.5
142,RED7,20,21,17,383.5882352941176,6521.0
142,RED7,21,22,19,381.0526315789474,7240.0
142,RED7,22,23,5,491.2,2456.0
144,Печорин Кутузовский,10,11,1,778.0,778.0
144,Печорин Кутузовский,17,18,1,1189.0,1189.0
146,Maestrello Покровка,10,11,3,687.1666666666666,2061.5
146,Maestrello Покровка,11,12,5,978.9,4894.5
146,Maestrello Покровка,12,13,9,1160.0555555555557,10440.5
146,Maestrello Покровка,13,14,1,931.0,931.0
146,Maestrello Покровка,14,15,3,1275.3333333333333,3826.0
146,Maestrello Покровка,15,16,1,800.0,800.0
146,Maestrello Покровка,16,17,3,443.6666666666667,1331.0
179,Клево на Петровке,13,14,1,1797.0,1797.0
179,Клево на Петровке,19,20,3,1260.1666666666667,3780.5
179,Клево на Петровке,20,21,1,1134.0,1134.0
179,Клево на Петровке,21,22,1,1616.0,1616.0
181,Ribambelle Оболенский,9,10,5,635.6,3178.0
181,Ribambelle Оболенский,10,11,1,836.0,836.0
181,Ribambelle Оболенский,11,12,3,838.3333333333334,2515.0
181,Ribambelle Оболенский,12,13,1,382.0,382.0
181,Ribambelle Оболенский,13,14,2,913.0,1826.0
181,Ribambelle Оболенский,14,15,3,839.3333333333334,2518.0
181,Ribambelle Оболенский,17,18,1,369.0,369.0
181,Ribambelle Оболенский,18,19,2,899.5,1799.0
181,Ribambelle Оболенский,19,20,2,743.0,1486.0
181,Ribambelle Оболенский,21,22,1,1242.0,1242.0
182,Miss You,9,10,1,521.5,521.5
182,Miss You,10,11,5,945.7,4728.5
182,Miss You,11,12,2,863.0,1726.0
182,Miss You,12,13,5,1182.6,5913.0
182,Miss You,13,14,7,1076.4285714285713,7535.0
182,Miss You,14,15,3,1157.0,3471.0
182,Miss You,15,16,3,839.8333333333334,2519.5
182,Miss You,16,17,5,1261.4,6307.0
182,Miss You,17,18,6,1265.5833333333333,7593.5
182,Miss You,18,19,5,1438.2,7191.0
182,Miss You,19,20,7,1405.7857142857142,9840.5
182,Miss You,20,21,3,1187.3333333333333,3562.0
182,Miss You,21,22,1,1427.5,1427.5
182,Miss You,22,23,1,1805.5,1805.5
187,Биродром и Панчетта Народное ополчение,12,13,4,575.25,2301.0
187,Биродром и Панчетта Народное ополчение,13,14,12,576.0833333333334,6913.0
187,Биродром и Панчетта Народное ополчение,14,15,8,552.75,4422.0
187,Биродром и Панчетта Народное ополчение,15,16,9,527.0555555555555,4743.5
187,Биродром и Панчетта Народное ополчение,16,17,12,626.7083333333334,7520.5
187,Биродром и Панчетта Народное ополчение,17,18,5,491.4,2457.0
187,Биродром и Панчетта Народное ополчение,18,19,13,685.5,8911.5
187,Биродром и Панчетта Народное ополчение,19,20,12,498.4166666666667,5981.0
187,Биродром и Панчетта Народное ополчение,20,21,10,552.5,5525.0
187,Биродром и Панчетта Народное ополчение,21,22,6,556.0,3336.0
187,Биродром и Панчетта Народное ополчение,22,23,2,783.0,1566.0
189,AMI CHAISE Динамо,10,11,1,1094.0,1094.0
189,AMI CHAISE Динамо,11,12,1,417.0,417.0
189,AMI CHAISE Динамо,14,15,1,952.0,952.0
189,AMI CHAISE Динамо,17,18,1,941.0,941.0
189,AMI CHAISE Динамо,21,22,1,919.5,919.5
288,Биродром и Ив.Дурдинъ Мичуринский,12,13,7,566.6428571428571,3966.5
288,Биродром и Ив.Дурдинъ Мичуринский,13,14,4,681.875,2727.5
288,Биродром и Ив.Дурдинъ Мичуринский,14,15,4,613.25,2453.0
288,Биродром и Ив.Дурдинъ Мичуринский,15,16,6,704.4166666666666,4226.5
288,Биродром и Ив.Дурдинъ Мичуринский,16,17,7,640.1428571428571,4481.0
288,Биродром и Ив.Дурдинъ Мичуринский,17,18,13,709.0769230769231,9218.0
288,Биродром и Ив.Дурдинъ Мичуринский,18,19,12,666.7916666666666,8001.5
288,Биродром и Ив.Дурдинъ Мичуринский,19,20,8,577.1875,4617.5
288,Биродром и Ив.Дурдинъ Мичуринский,20,21,10,561.3,5613.0
288,Биродром и Ив.Дурдинъ Мичуринский,21,22,3,418.8333333333333,1256.5
288,Биродром и Ив.Дурдинъ Мичуринский,22,23,1,782.0,782.0
290,ЦБ Аврора ,13,14,1,965.0,965.0
290,ЦБ Аврора ,14,15,1,1405.0,1405.0
290,ЦБ Аврора ,15,16,1,912.5,912.5
290,ЦБ Аврора ,16,17,1,2351.0,2351.0
290,ЦБ Аврора ,17,18,7,1403.2142857142858,9822.5
290,ЦБ Аврора ,18,19,1,781.0,781.0
290,ЦБ Аврора ,19,20,3,816.6666666666666,2450.0
290,ЦБ Аврора ,20,21,1,1602.5,1602.5
290,ЦБ Аврора ,21,22,1,1151.5,1151.5
290,ЦБ Аврора ,22,23,1,1248.0,1248.0
290,ЦБ Аврора ,23,0,1,1381.0,1381.0
292,Узбекистан,12,13,7,991.9285714285714,6943.5
292,Узбекистан,13,14,5,1307.8,6539.0
292,Узбекистан,14,15,7,1161.5,8130.5
292,Узбекистан,15,16,11,835.5909090909091,9191.5
292,Узбекистан,16,17,6,1014.5,6087.0
292,Узбекистан,17,18,13,1083.0384615384614,14079.5
292,Узбекистан,18,19,7,965.4285714285714,6758.0
292,Узбекистан,19,20,9,1207.6666666666667,10869.0
292,Узбекистан,20,21,5,953.8,4769.0
292,Узбекистан,21,22,1,1479.0,1479.0
296,Клево Авиапарк,11,12,4,954.0,3816.0
296,Клево Авиапарк,12,13,1,713.0,713.0
296,Клево Авиапарк,13,14,7,1122.7142857142858,7859.0
296,Клево Авиапарк,14,15,6,1135.5,6813.0
296,Клево Авиапарк,15,16,6,954.3333333333334,5726.0
296,Клево Авиапарк,16,17,7,1136.9285714285713,7958.5
296,Клево Авиапарк,17,18,3,969.3333333333334,2908.0
296,Клево Авиапарк,18,19,7,923.6428571428571,6465.5
296,Клево Авиапарк,19,20,6,1296.3333333333333,7778.0
296,Клево Авиапарк,20,21,5,1121.2,5606.0
296,Клево Авиапарк,21,22,2,1097.5,2195.0
296,Клево Авиапарк,22,23,2,1185.0,2370.0
298,Ив. Дурдинъ Волгоградский,12,13,17,450.3235294117647,7655.5
298,Ив. Дурдинъ Волгоградский,13,14,35,442.4,15484.0
298,Ив. Дурдинъ Волгоградский,14,15,24,461.2708333333333,11070.5
298,Ив. Дурдинъ Волгоградский,15,16,20,509.65,10193.0
298,Ив. Дурдинъ Волгоградский,16,17,19,739.4736842105264,14050.0
298,Ив. Дурдинъ Волгоградский,17,18,13,618.1153846153846,8035.5
298,Ив. Дурдинъ Волгоградский,18,19,15,679.0666666666667,10186.0
298,Ив. Дурдинъ Волгоградский,19,20,12,527.1666666666666,6326.0
298,Ив. Дурдинъ Волгоградский,20,21,6,522.4166666666666,3134.5
298,Ив. Дурдинъ Волгоградский,21,22,2,472.25,944.5
301,Биродром и Панчетта Дежнева,12,13,6,420.4166666666667,2522.5
301,Биродром и Панчетта Дежнева,13,14,12,387.75,4653.0
301,Биродром и Панчетта Дежнева,14,15,15,382.4666666666667,5737.0
301,Биродром и Панчетта Дежнева,15,16,19,404.92105263157896,7693.5
301,Биродром и Панчетта Дежнева,16,17,16,544.6875,8715.0
301,Биродром и Панчетта Дежнева,17,18,15,388.6333333333333,5829.5
301,Биродром и Панчетта Дежнева,18,19,11,385.1818181818182,4237.0
301,Биродром и Панчетта Дежнева,19,20,16,382.21875,6115.5
301,Биродром и Панчетта Дежнева,20,21,11,370.04545454545456,4070.5
301,Биродром и Панчетта Дежнева,21,22,8,453.0,3624.0
301,Биродром и Панчетта Дежнева,22,23,4,421.625,1686.5
302,Ribambelle Шелепиха,11,12,3,1404.5,4213.5
302,Ribambelle Шелепиха,12,13,6,546.1666666666666,3277.0
302,Ribambelle Шелепиха,13,14,5,653.0,3265.0
302,Ribambelle Шелепиха,14,15,2,835.0,1670.0
302,Ribambelle Шелепиха,15,16,6,682.4166666666666,4094.5
302,Ribambelle Шелепиха,16,17,3,869.6666666666666,2609.0
302,Ribambelle Шелепиха,17,18,5,628.6,3143.0
302,Ribambelle Шелепиха,18,19,4,597.375,2389.5
302,Ribambelle Шелепиха,19,20,4,517.875,2071.5
336,Koji,12,13,2,354.0,708.0
336,Koji,13,14,1,559.0,559.0
336,Koji,14,15,1,436.0,436.0
336,Koji,15,16,1,388.0,388.0
336,Koji,16,17,2,505.5,1011.0
336,Koji,17,18,3,385.0,1155.0
336,Koji,18,19,1,352.0,352.0
336,Koji,19,20,2,428.5,857.0
337,Mamie,10,11,2,622.5,1245.0
337,Mamie,16,17,2,355.25,710.5
337,Mamie,17,18,1,362.0,362.0
340,Lucky Izakaya bar,13,14,3,365.6666666666667,1097.0
340,Lucky Izakaya bar,14,15,2,343.0,686.0
340,Lucky Izakaya bar,15,16,1,325.0,325.0
340,Lucky Izakaya bar,16,17,1,498.0,498.0
340,Lucky Izakaya bar,18,19,3,402.3333333333333,1207.0
340,Lucky Izakaya bar,19,20,4,767.25,3069.0
340,Lucky Izakaya bar,22,23,2,700.0,1400.0
341,Loro,8,9,1,363.5,363.5
341,Loro,15,16,1,422.0,422.0
341,Loro,17,18,1,359.0,359.0
341,Loro,19,20,2,701.0,1402.0
341,Loro,20,21,1,935.0,935.0
341,Loro,21,22,1,466.0,466.0
341,Loro,23,0,1,552.0,552.0
342,Maya,18,19,1,310.0,310.0
342,Maya,20,21,2,332.0,664.0
344,Eleven coffee,14,15,1,443.0,443.0
344,Eleven coffee,17,18,1,422.0,422.0
344,Eleven coffee,20,21,1,391.0,391.0
346,Margarita bistro,10,11,4,370.25,1481.0
346,Margarita bistro,11,12,10,414.0,4140.0
346,Margarita bistro,12,13,2,388.5,777.0
347,Dacha,17,18,1,305.0,305.0
347,Dacha,18,19,1,425.5,425.5
347,Dacha,20,21,1,360.0,360.0
347,Dacha,21,22,1,400.5,400.5
348,Рига Холл,8,9,51,513.2843137254902,26177.5
348,Рига Холл,9,10,37,763.6486486486486,28255.0
348,Рига Холл,10,11,44,632.1818181818181,27816.0
348,Рига Холл,11,12,36,591.0833333333334,21279.0
348,Рига Холл,12,13,34,547.6176470588235,18619.0
348,Рига Холл,13,14,46,593.0869565217391,27282.0
348,Рига Холл,14,15,55,555.5909090909091,30557.5
348,Рига Холл,15,16,44,503.60227272727275,22158.5
348,Рига Холл,16,17,39,644.7051282051282,25143.5
348,Рига Холл,17,18,35,604.8,21168.0
348,Рига Холл,18,19,41,570.829268292683,23404.0
348,Рига Холл,19,20,30,546.6166666666667,16398.5
348,Рига Холл,20,21,26,744.0769230769231,19346.0
348,Рига Холл,21,22,1,912.0,912.0
381,Печорин Мытная,11,12,2,799.0,1598.0
381,Печорин Мытная,12,13,1,836.0,836.0
381,Печорин Мытная,13,14,1,714.0,714.0
381,Печорин Мытная,14,15,1,525.0,525.0
381,Печорин Мытная,18,19,1,699.0,699.0
381,Печорин Мытная,19,20,1,479.0,479.0
381,Печорин Мытная,20,21,1,413.0,413.0
382,Печорин Звенигородская,11,12,1,1022.0,1022.0
382,Печорин Звенигородская,14,15,1,583.0,583.0
382,Печорин Звенигородская,15,16,1,1044.0,1044.0
382,Печорин Звенигородская,16,17,1,1015.0,1015.0
382,Печорин Звенигородская,17,18,1,927.0,927.0
383,Ribambelle Проспект Мира,10,11,4,1181.5,4726.0
383,Ribambelle Проспект Мира,11,12,9,836.2222222222222,7526.0
383,Ribambelle Проспект Мира,12,13,1,489.5,489.5
383,Ribambelle Проспект Мира,13,14,2,726.5,1453.0
383,Ribambelle Проспект Мира,14,15,2,467.0,934.0
383,Ribambelle Проспект Мира,15,16,5,1057.7,5288.5
383,Ribambelle Проспект Мира,17,18,2,474.25,948.5
383,Ribambelle Проспект Мира,18,19,4,721.0,2884.0
383,Ribambelle Проспект Мира,19,20,1,981.0,981.0
420,Osteria Osso,12,13,2,689.5,1379.0
420,Osteria Osso,16,17,1,465.0,465.0
420,Osteria Osso,17,18,3,822.0,2466.0
420,Osteria Osso,18,19,1,867.0,867.0
420,Osteria Osso,19,20,3,640.0,1920.0
422,Ribambelle Кутузовский,8,9,1,1930.0,1930.0
422,Ribambelle Кутузовский,10,11,1,1185.0,1185.0
422,Ribambelle Кутузовский,11,12,9,1063.6666666666667,9573.0
422,Ribambelle Кутузовский,12,13,5,1125.0,5625.0
422,Ribambelle Кутузовский,13,14,3,1260.0,3780.0
422,Ribambelle Кутузовский,15,16,2,1143.5,2287.0
422,Ribambelle Кутузовский,16,17,3,1744.3333333333333,5233.0
422,Ribambelle Кутузовский,17,18,1,552.0,552.0
422,Ribambelle Кутузовский,18,19,3,857.3333333333334,2572.0
422,Ribambelle Кутузовский,19,20,2,950.75,1901.5
422,Ribambelle Кутузовский,20,21,1,652.5,652.5
423,Brasserie 2.0 select,17,18,1,364.0,364.0
424,Корнер Ланового,12,13,3,717.8333333333334,2153.5
424,Корнер Ланового,13,14,6,932.1666666666666,5593.0
424,Корнер Ланового,14,15,5,788.0,3940.0
424,Корнер Ланового,15,16,10,754.15,7541.5
424,Корнер Ланового,16,17,3,596.8333333333334,1790.5
424,Корнер Ланового,17,18,8,913.125,7305.0
424,Корнер Ланового,18,19,2,883.5,1767.0
424,Корнер Ланового,19,20,6,840.3333333333334,5042.0
424,Корнер Ланового,20,21,8,822.0625,6576.5
424,Корнер Ланового,21,22,7,899.0714285714286,6293.5
425,Волконский Сретенка,8,9,5,1512.0,7560.0
425,Волконский Сретенка,9,10,3,1353.8333333333333,4061.5
425,Волконский Сретенка,10,11,2,1984.75,3969.5
425,Волконский Сретенка,11,12,3,1185.3333333333333,3556.0
425,Волконский Сретенка,12,13,2,960.0,1920.0
425,Волконский Сретенка,13,14,1,2007.0,2007.0
425,Волконский Сретенка,15,16,2,1040.5,2081.0
425,Волконский Сретенка,18,19,1,1697.0,1697.0
427,Волконский Бухвостова,10,11,1,2065.0,2065.0
427,Волконский Бухвостова,12,13,1,1201.0,1201.0
432,San Si,17,18,1,130.0,130.0
434,Сколково,0,1,1,896.0,896.0
434,Сколково,8,9,33,838.8333333333334,27681.5
434,Сколково,9,10,89,835.9325842696629,74398.0
434,Сколково,10,11,113,797.8407079646017,90156.0
434,Сколково,11,12,121,719.896694214876,87107.5
434,Сколково,12,13,135,742.2666666666667,100206.0
434,Сколково,13,14,135,774.6851851851852,104582.5
434,Сколково,14,15,133,817.7293233082706,108758.0
434,Сколково,15,16,116,795.5991379310345,92289.5
434,Сколково,16,17,95,772.9052631578948,73426.0
434,Сколково,17,18,105,768.5190476190476,80694.5
434,Сколково,18,19,110,824.35,90678.5
434,Сколково,19,20,106,795.1320754716982,84284.0
434,Сколково,20,21,98,814.9336734693877,79863.5
434,Сколково,21,22,65,801.123076923077,52073.0
434,Сколково,22,23,57,886.5263157894736,50532.0
434,Сколково,23,0,31,1080.2096774193549,33486.5
437,Brasserie Lambic Проспект Мира,14,15,1,854.0,854.0
437,Brasserie Lambic Проспект Мира,16,17,1,650.0,650.0
437,Brasserie Lambic Проспект Мира,18,19,1,574.0,574.0
437,Brasserie Lambic Проспект Мира,19,20,1,784.0,784.0
437,Brasserie Lambic Проспект Мира,20,21,1,768.0,768.0
437,Brasserie Lambic Проспект Мира,21,22,1,698.0,698.0
438,Brasserie Lambric Красина,13,14,1,611.0,611.0
438,Brasserie Lambric Красина,14,15,1,360.0,360.0
438,Brasserie Lambric Красина,15,16,1,705.0,705.0
438,Brasserie Lambric Красина,20,21,2,645.5,1291.0
438,Brasserie Lambric Красина,21,22,1,667.5,667.5
438,Brasserie Lambric Красина,22,23,1,751.0,751.0
439,Brasserie Lambric Шаболовка,15,16,1,700.0,700.0
443,Пинский доставка,11,12,1,1630.0,1630.0
443,Пинский доставка,12,13,14,804.6428571428571,11265.0
443,Пинский доставка,13,14,1,1127.0,1127.0
443,Пинский доставка,15,16,7,776.0,5432.0
443,Пинский доставка,20,21,1,1900.0,1900.0
444,ТАКАХУЛИ,15,16,1,334.0,334.0
444,ТАКАХУЛИ,16,17,1,371.0,371.0
444,ТАКАХУЛИ,18,19,1,423.0,423.0
445,Shiba,13,14,1,130.0,130.0
445,Shiba,16,17,1,592.0,592.0
