location_id,location_name,date,vehicle_type,time_period,time_period_ru,active_hours,mismatch_hours,forecast_courier_hours,actual_courier_hours,avg_forecast_couriers,avg_actual_couriers,under_hours,over_hours,mae,exact_match_rate,profile_forecast_over_actual
11,Кутузовский,2026-10-02,total,late_evening,Поздний вечер,3,3,2,13,0.6666666666666666,4.333333333333333,11,0,3.6666666666666665,0.0,21:0/1(-1) 22:1/5(-4) 23:1/7(-6)
7,Белая Площадь,2026-10-02,total,late_evening,Поздний вечер,3,3,13,6,4.333333333333333,2.0,0,7,2.3333333333333335,0.0,21:5/3(+2) 22:4/2(+2) 23:4/1(+3)
7,Белая Площадь,2026-10-04,total,late_evening,Поздний вечер,3,3,12,7,4.0,2.3333333333333335,0,5,1.6666666666666667,0.0,21:4/3(+1) 22:4/2(+2) 23:4/2(+2)
9,КИНКИ,2026-10-02,total,late_evening,Поздний вечер,3,3,9,14,3.0,4.666666666666667,5,0,1.6666666666666667,0.0,21:3/5(-2) 22:3/5(-2) 23:3/4(-1)
7,Белая Площадь,2026-09-29,total,late_evening,Поздний вечер,3,3,12,12,4.0,4.0,2,2,1.3333333333333333,0.0,21:4/5(-1) 22:4/5(-1) 23:4/2(+2)
6,Неглинная,2026-10-02,total,late_evening,Поздний вечер,3,3,6,10,2.0,3.3333333333333335,4,0,1.3333333333333333,0.0,21:2/4(-2) 22:2/3(-1) 23:2/3(-1)
604,Cihan Комсомольский,2026-10-02,total,late_evening,Поздний вечер,3,3,3,0,1.0,0.0,0,3,1.0,0.0,21:1/0(+1) 22:1/0(+1) 23:1/0(+1)
604,Cihan Комсомольский,2026-10-03,total,late_evening,Поздний вечер,3,3,3,0,1.0,0.0,0,3,1.0,0.0,21:1/0(+1) 22:1/0(+1) 23:1/0(+1)
4,Аврора,2026-09-28,total,late_evening,Поздний вечер,3,3,3,2,1.0,0.6666666666666666,1,2,1.0,0.0,21:1/2(-1) 22:1/0(+1) 23:1/0(+1)
4,Аврора,2026-10-01,total,late_evening,Поздний вечер,3,3,3,2,1.0,0.6666666666666666,1,2,1.0,0.0,21:1/2(-1) 22:1/0(+1) 23:1/0(+1)
37,БТ Усачева,2026-09-29,total,late_evening,Поздний вечер,3,3,3,0,1.0,0.0,0,3,1.0,0.0,21:1/0(+1) 22:1/0(+1) 23:1/0(+1)
37,БТ Усачева,2026-09-30,total,late_evening,Поздний вечер,3,3,3,0,1.0,0.0,0,3,1.0,0.0,21:1/0(+1) 22:1/0(+1) 23:1/0(+1)
128,Кофемания Лаки,2026-09-28,total,late_evening,Поздний вечер,3,3,6,3,2.0,1.0,0,3,1.0,0.0,21:2/1(+1) 22:2/1(+1) 23:2/1(+1)
128,Кофемания Лаки,2026-10-01,total,late_evening,Поздний вечер,3,3,6,3,2.0,1.0,0,3,1.0,0.0,21:2/1(+1) 22:2/1(+1) 23:2/1(+1)
128,Кофемания Лаки,2026-10-02,total,late_evening,Поздний вечер,3,3,6,3,2.0,1.0,0,3,1.0,0.0,21:2/1(+1) 22:2/1(+1) 23:2/1(+1)
6,Неглинная,2026-09-28,total,late_evening,Поздний вечер,3,3,6,5,2.0,1.6666666666666667,1,2,1.0,0.0,21:2/3(-1) 22:2/1(+1) 23:2/1(+1)
6,Неглинная,2026-09-30,total,late_evening,Поздний вечер,3,3,6,7,2.0,2.3333333333333335,2,1,1.0,0.0,21:2/3(-1) 22:2/3(-1) 23:2/1(+1)
6,Неглинная,2026-10-04,total,late_evening,Поздний вечер,3,3,6,5,2.0,1.6666666666666667,1,2,1.0,0.0,21:2/3(-1) 22:2/1(+1) 23:2/1(+1)
479,Покровка,2026-09-29,total,late_evening,Поздний вечер,3,3,3,0,1.0,0.0,0,3,1.0,0.0,21:1/0(+1) 22:1/0(+1) 23:1/0(+1)
479,Покровка,2026-09-30,total,late_evening,Поздний вечер,3,3,3,0,1.0,0.0,0,3,1.0,0.0,21:1/0(+1) 22:1/0(+1) 23:1/0(+1)
479,Покровка,2026-10-01,total,late_evening,Поздний вечер,3,3,3,0,1.0,0.0,0,3,1.0,0.0,21:1/0(+1) 22:1/0(+1) 23:1/0(+1)
479,Покровка,2026-10-02,total,late_evening,Поздний вечер,3,3,3,0,1.0,0.0,0,3,1.0,0.0,21:1/0(+1) 22:1/0(+1) 23:1/0(+1)
479,Покровка,2026-10-03,total,late_evening,Поздний вечер,3,3,3,0,1.0,0.0,0,3,1.0,0.0,21:1/0(+1) 22:1/0(+1) 23:1/0(+1)
479,Покровка,2026-10-04,total,late_evening,Поздний вечер,3,3,3,0,1.0,0.0,0,3,1.0,0.0,21:1/0(+1) 22:1/0(+1) 23:1/0(+1)
30,Черёмушки,2026-10-01,total,late_evening,Поздний вечер,3,3,6,5,2.0,1.6666666666666667,1,2,1.0,0.0,21:2/3(-1) 22:2/1(+1) 23:2/1(+1)
11,Кутузовский,2026-10-01,total,late_evening,Поздний вечер,2,2,2,9,1.0,4.5,7,0,3.5,0.0,22:1/4(-3) 23:1/5(-4)
34,Аркус,2026-09-29,total,late_evening,Поздний вечер,2,2,2,7,1.0,3.5,5,0,2.5,0.0,22:1/3(-2) 23:1/4(-3)
11,Кутузовский,2026-09-30,total,late_evening,Поздний вечер,2,2,2,7,1.0,3.5,5,0,2.5,0.0,22:1/2(-1) 23:1/5(-4)
21,Горки-2,2026-09-29,total,late_evening,Поздний вечер,2,2,2,6,1.0,3.0,4,0,2.0,0.0,21:1/3(-2) 22:1/3(-2)
21,Горки-2,2026-10-01,total,late_evening,Поздний вечер,2,2,2,6,1.0,3.0,4,0,2.0,0.0,21:1/3(-2) 22:1/3(-2)
21,Горки-2,2026-10-03,total,late_evening,Поздний вечер,2,2,2,6,1.0,3.0,4,0,2.0,0.0,21:1/3(-2) 22:1/3(-2)
11,Кутузовский,2026-09-29,total,late_evening,Поздний вечер,2,2,2,6,1.0,3.0,4,0,2.0,0.0,22:1/3(-2) 23:1/3(-2)
11,Кутузовский,2026-10-03,total,late_evening,Поздний вечер,2,2,2,6,1.0,3.0,4,0,2.0,0.0,22:1/3(-2) 23:1/3(-2)
11,Кутузовский,2026-10-04,total,late_evening,Поздний вечер,2,2,2,6,1.0,3.0,4,0,2.0,0.0,22:1/2(-1) 23:1/4(-3)
69,Опен Мичуринский,2026-09-30,total,late_evening,Поздний вечер,2,2,5,9,2.5,4.5,4,0,2.0,0.0,21:3/5(-2) 22:2/4(-2)
69,Опен Мичуринский,2026-10-03,total,late_evening,Поздний вечер,2,2,4,8,2.0,4.0,4,0,2.0,0.0,21:2/4(-2) 22:2/4(-2)
101,Алия,2026-10-02,total,late_evening,Поздний вечер,2,2,4,1,2.0,0.5,0,3,1.5,0.0,21:2/1(+1) 22:2/0(+2)
39,Гребной,2026-10-01,total,late_evening,Поздний вечер,2,2,3,0,1.5,0.0,0,3,1.5,0.0,21:2/0(+2) 22:1/0(+1)
9,КИНКИ,2026-09-30,total,late_evening,Поздний вечер,2,2,6,3,3.0,1.5,0,3,1.5,0.0,21:3/2(+1) 22:3/1(+2)
11,Кутузовский,2026-09-28,total,late_evening,Поздний вечер,2,2,2,5,1.0,2.5,3,0,1.5,0.0,22:1/2(-1) 23:1/3(-2)
35,Ленинский,2026-09-28,total,late_evening,Поздний вечер,2,2,2,5,1.0,2.5,3,0,1.5,0.0,21:1/3(-2) 22:1/2(-1)
99,Опен Аркус,2026-10-02,total,late_evening,Поздний вечер,2,2,4,3,2.0,1.5,1,2,1.5,0.0,21:2/3(-1) 22:2/0(+2)
69,Опен Мичуринский,2026-09-29,total,late_evening,Поздний вечер,2,2,5,8,2.5,4.0,3,0,1.5,0.0,21:3/4(-1) 22:2/4(-2)
69,Опен Мичуринский,2026-10-01,total,late_evening,Поздний вечер,2,2,5,8,2.5,4.0,3,0,1.5,0.0,21:3/4(-1) 22:2/4(-2)
69,Опен Мичуринский,2026-10-02,total,late_evening,Поздний вечер,2,2,5,8,2.5,4.0,3,0,1.5,0.0,21:3/4(-1) 22:2/4(-2)
115,Опен Символ,2026-09-30,total,late_evening,Поздний вечер,2,2,4,1,2.0,0.5,0,3,1.5,0.0,21:3/1(+2) 22:1/0(+1)
115,Опен Символ,2026-10-03,total,late_evening,Поздний вечер,2,2,3,0,1.5,0.0,0,3,1.5,0.0,21:2/0(+2) 22:1/0(+1)
115,Опен Символ,2026-10-04,total,late_evening,Поздний вечер,2,2,3,0,1.5,0.0,0,3,1.5,0.0,21:2/0(+2) 22:1/0(+1)
7,Белая Площадь,2026-10-03,total,late_evening,Поздний вечер,3,2,9,13,3.0,4.333333333333333,4,0,1.3333333333333333,0.3333333333333333,21:3/5(-2) 22:3/5(-2) 23:3/3
604,Cihan Комсомольский,2026-09-28,total,late_evening,Поздний вечер,2,2,2,0,1.0,0.0,0,2,1.0,0.0,21:1/0(+1) 22:1/0(+1)
604,Cihan Комсомольский,2026-09-29,total,late_evening,Поздний вечер,2,2,2,0,1.0,0.0,0,2,1.0,0.0,21:1/0(+1) 22:1/0(+1)
604,Cihan Комсомольский,2026-10-01,total,late_evening,Поздний вечер,2,2,2,0,1.0,0.0,0,2,1.0,0.0,21:1/0(+1) 22:1/0(+1)
604,Cihan Комсомольский,2026-10-04,total,late_evening,Поздний вечер,2,2,2,0,1.0,0.0,0,2,1.0,0.0,21:1/0(+1) 22:1/0(+1)
54,Maroon,2026-10-01,total,late_evening,Поздний вечер,2,2,4,2,2.0,1.0,0,2,1.0,0.0,21:2/1(+1) 22:2/1(+1)
54,Maroon,2026-10-02,total,late_evening,Поздний вечер,2,2,4,2,2.0,1.0,0,2,1.0,0.0,21:2/1(+1) 22:2/1(+1)
54,Maroon,2026-10-04,total,late_evening,Поздний вечер,2,2,4,6,2.0,3.0,2,0,1.0,0.0,21:2/3(-1) 22:2/3(-1)
125,Meraki,2026-09-29,total,late_evening,Поздний вечер,2,2,2,0,1.0,0.0,0,2,1.0,0.0,21:1/0(+1) 22:1/0(+1)
125,Meraki,2026-09-30,total,late_evening,Поздний вечер,2,2,2,0,1.0,0.0,0,2,1.0,0.0,21:1/0(+1) 22:1/0(+1)
125,Meraki,2026-10-01,total,late_evening,Поздний вечер,2,2,2,0,1.0,0.0,0,2,1.0,0.0,21:1/0(+1) 22:1/0(+1)
125,Meraki,2026-10-02,total,late_evening,Поздний вечер,2,2,2,0,1.0,0.0,0,2,1.0,0.0,21:1/0(+1) 22:1/0(+1)
125,Meraki,2026-10-04,total,late_evening,Поздний вечер,2,2,2,0,1.0,0.0,0,2,1.0,0.0,21:1/0(+1) 22:1/0(+1)
1,Wall Street,2026-09-29,total,late_evening,Поздний вечер,2,2,2,0,1.0,0.0,0,2,1.0,0.0,21:1/0(+1) 22:1/0(+1)
1,Wall Street,2026-09-30,total,late_evening,Поздний вечер,2,2,2,0,1.0,0.0,0,2,1.0,0.0,21:1/0(+1) 22:1/0(+1)
1,Wall Street,2026-10-01,total,late_evening,Поздний вечер,2,2,2,0,1.0,0.0,0,2,1.0,0.0,21:1/0(+1) 22:1/0(+1)
1,Wall Street,2026-10-03,total,late_evening,Поздний вечер,2,2,2,0,1.0,0.0,0,2,1.0,0.0,21:1/0(+1) 22:1/0(+1)
34,Аркус,2026-10-01,total,late_evening,Поздний вечер,2,2,2,4,1.0,2.0,2,0,1.0,0.0,22:1/2(-1) 23:1/2(-1)
127,БТ Покровка,2026-09-28,total,late_evening,Поздний вечер,2,2,2,0,1.0,0.0,0,2,1.0,0.0,21:1/0(+1) 22:1/0(+1)
127,БТ Покровка,2026-09-29,total,late_evening,Поздний вечер,2,2,2,0,1.0,0.0,0,2,1.0,0.0,21:1/0(+1) 22:1/0(+1)
127,БТ Покровка,2026-09-30,total,late_evening,Поздний вечер,2,2,2,0,1.0,0.0,0,2,1.0,0.0,21:1/0(+1) 22:1/0(+1)
127,БТ Покровка,2026-10-04,total,late_evening,Поздний вечер,2,2,2,0,1.0,0.0,0,2,1.0,0.0,21:1/0(+1) 22:1/0(+1)
21,Горки-2,2026-09-28,total,late_evening,Поздний вечер,2,2,2,4,1.0,2.0,2,0,1.0,0.0,21:1/2(-1) 22:1/2(-1)
21,Горки-2,2026-09-30,total,late_evening,Поздний вечер,2,2,2,4,1.0,2.0,2,0,1.0,0.0,21:1/2(-1) 22:1/2(-1)
21,Горки-2,2026-10-02,total,late_evening,Поздний вечер,2,2,2,4,1.0,2.0,2,0,1.0,0.0,21:1/2(-1) 22:1/2(-1)
21,Горки-2,2026-10-04,total,late_evening,Поздний вечер,2,2,2,4,1.0,2.0,2,0,1.0,0.0,21:1/2(-1) 22:1/2(-1)
39,Гребной,2026-10-02,total,late_evening,Поздний вечер,2,2,2,0,1.0,0.0,0,2,1.0,0.0,21:1/0(+1) 22:1/0(+1)
39,Гребной,2026-10-03,total,late_evening,Поздний вечер,2,2,2,0,1.0,0.0,0,2,1.0,0.0,21:1/0(+1) 22:1/0(+1)
39,Гребной,2026-10-04,total,late_evening,Поздний вечер,2,2,2,0,1.0,0.0,0,2,1.0,0.0,21:1/0(+1) 22:1/0(+1)
33,Даниловский,2026-09-29,total,late_evening,Поздний вечер,2,2,2,4,1.0,2.0,2,0,1.0,0.0,21:1/2(-1) 22:1/2(-1)
33,Даниловский,2026-10-02,total,late_evening,Поздний вечер,2,2,2,4,1.0,2.0,2,0,1.0,0.0,21:1/2(-1) 22:1/2(-1)
33,Даниловский,2026-10-03,total,late_evening,Поздний вечер,2,2,2,4,1.0,2.0,2,0,1.0,0.0,21:1/2(-1) 22:1/2(-1)
9,КИНКИ,2026-10-03,total,late_evening,Поздний вечер,3,2,12,9,4.0,3.0,0,3,1.0,0.3333333333333333,21:4/4 22:4/3(+1) 23:4/2(+2)
14,Метрополис,2026-09-29,total,late_evening,Поздний вечер,2,2,4,2,2.0,1.0,0,2,1.0,0.0,21:2/1(+1) 22:2/1(+1)
14,Метрополис,2026-09-30,total,late_evening,Поздний вечер,2,2,4,2,2.0,1.0,0,2,1.0,0.0,21:2/1(+1) 22:2/1(+1)
38,Нева,2026-09-28,total,late_evening,Поздний вечер,2,2,2,0,1.0,0.0,0,2,1.0,0.0,21:1/0(+1) 22:1/0(+1)
38,Нева,2026-09-29,total,late_evening,Поздний вечер,2,2,2,0,1.0,0.0,0,2,1.0,0.0,21:1/0(+1) 22:1/0(+1)
38,Нева,2026-09-30,total,late_evening,Поздний вечер,2,2,2,0,1.0,0.0,0,2,1.0,0.0,21:1/0(+1) 22:1/0(+1)
99,Опен Аркус,2026-09-30,total,late_evening,Поздний вечер,2,2,2,2,1.0,1.0,1,1,1.0,0.0,21:1/2(-1) 22:1/0(+1)
99,Опен Аркус,2026-10-03,total,late_evening,Поздний вечер,2,2,2,2,1.0,1.0,1,1,1.0,0.0,21:1/2(-1) 22:1/0(+1)
115,Опен Символ,2026-10-01,total,late_evening,Поздний вечер,2,2,3,1,1.5,0.5,0,2,1.0,0.0,21:2/1(+1) 22:1/0(+1)
115,Опен Символ,2026-10-02,total,late_evening,Поздний вечер,2,2,3,1,1.5,0.5,0,2,1.0,0.0,21:2/1(+1) 22:1/0(+1)
4,Аврора,2026-09-30,total,late_evening,Поздний вечер,3,2,3,3,1.0,1.0,1,1,0.6666666666666666,0.3333333333333333,21:1/2(-1) 22:1/1 23:1/0(+1)
7,Белая Площадь,2026-09-30,total,late_evening,Поздний вечер,3,2,10,12,3.3333333333333335,4.0,2,0,0.6666666666666666,0.3333333333333333,21:4/5(-1) 22:3/4(-1) 23:3/3
9,КИНКИ,2026-10-01,total,late_evening,Поздний вечер,3,2,6,8,2.0,2.6666666666666665,2,0,0.6666666666666666,0.3333333333333333,21:2/3(-1) 22:2/3(-1) 23:2/2
30,Черёмушки,2026-09-28,total,late_evening,Поздний вечер,3,2,6,4,2.0,1.3333333333333333,0,2,0.6666666666666666,0.3333333333333333,21:2/2 22:2/1(+1) 23:2/1(+1)
30,Черёмушки,2026-09-30,total,late_evening,Поздний вечер,3,2,6,6,2.0,2.0,1,1,0.6666666666666666,0.3333333333333333,21:2/3(-1) 22:2/2 23:2/1(+1)
30,Черёмушки,2026-10-04,total,late_evening,Поздний вечер,3,2,6,4,2.0,1.3333333333333333,0,2,0.6666666666666666,0.3333333333333333,21:2/2 22:2/1(+1) 23:2/1(+1)
29,Украинский,2026-09-29,total,late_evening,Поздний вечер,1,1,2,6,2.0,6.0,4,0,4.0,0.0,21:2/6(-4)
29,Украинский,2026-10-02,total,late_evening,Поздний вечер,1,1,2,6,2.0,6.0,4,0,4.0,0.0,21:2/6(-4)
29,Украинский,2026-09-28,total,late_evening,Поздний вечер,1,1,2,5,2.0,5.0,3,0,3.0,0.0,21:2/5(-3)
29,Украинский,2026-10-01,total,late_evening,Поздний вечер,1,1,1,4,1.0,4.0,3,0,3.0,0.0,21:1/4(-3)
101,Алия,2026-09-30,total,late_evening,Поздний вечер,1,1,3,1,3.0,1.0,0,2,2.0,0.0,21:3/1(+2)
29,Украинский,2026-09-30,total,late_evening,Поздний вечер,1,1,2,4,2.0,4.0,2,0,2.0,0.0,21:2/4(-2)
101,Алия,2026-09-29,total,late_evening,Поздний вечер,1,1,2,1,2.0,1.0,0,1,1.0,0.0,21:2/1(+1)
101,Алия,2026-10-03,total,late_evening,Поздний вечер,2,1,4,2,2.0,1.0,0,2,1.0,0.5,21:2/2 22:2/0(+2)
101,Алия,2026-10-04,total,late_evening,Поздний вечер,1,1,2,1,2.0,1.0,0,1,1.0,0.0,21:2/1(+1)
17,Внуково,2026-09-28,total,late_evening,Поздний вечер,1,1,2,1,2.0,1.0,0,1,1.0,0.0,21:2/1(+1)
17,Внуково,2026-09-30,total,late_evening,Поздний вечер,1,1,2,1,2.0,1.0,0,1,1.0,0.0,21:2/1(+1)
17,Внуково,2026-10-02,total,late_evening,Поздний вечер,1,1,2,1,2.0,1.0,0,1,1.0,0.0,21:2/1(+1)
17,Внуково,2026-10-03,total,late_evening,Поздний вечер,1,1,2,1,2.0,1.0,0,1,1.0,0.0,21:2/1(+1)
17,Внуково,2026-10-04,total,late_evening,Поздний вечер,1,1,2,1,2.0,1.0,0,1,1.0,0.0,21:2/1(+1)
35,Ленинский,2026-09-30,total,late_evening,Поздний вечер,2,1,2,4,1.0,2.0,2,0,1.0,0.5,21:1/3(-2) 22:1/1
20,Павлово,2026-09-28,total,late_evening,Поздний вечер,1,1,1,0,1.0,0.0,0,1,1.0,0.0,21:1/0(+1)
20,Павлово,2026-10-01,total,late_evening,Поздний вечер,1,1,1,0,1.0,0.0,0,1,1.0,0.0,21:1/0(+1)
20,Павлово,2026-10-02,total,late_evening,Поздний вечер,1,1,1,0,1.0,0.0,0,1,1.0,0.0,21:1/0(+1)
20,Павлово,2026-10-04,total,late_evening,Поздний вечер,1,1,1,0,1.0,0.0,0,1,1.0,0.0,21:1/0(+1)
434,Сколково,2026-09-30,total,late_evening,Поздний вечер,1,1,2,1,2.0,1.0,0,1,1.0,0.0,21:2/1(+1)
434,Сколково,2026-10-01,total,late_evening,Поздний вечер,1,1,2,1,2.0,1.0,0,1,1.0,0.0,21:2/1(+1)
434,Сколково,2026-10-02,total,late_evening,Поздний вечер,1,1,2,1,2.0,1.0,0,1,1.0,0.0,21:2/1(+1)
434,Сколково,2026-10-03,total,late_evening,Поздний вечер,1,1,2,3,2.0,3.0,1,0,1.0,0.0,21:2/3(-1)
29,Украинский,2026-10-03,total,late_evening,Поздний вечер,1,1,1,2,1.0,2.0,1,0,1.0,0.0,21:1/2(-1)
29,Украинский,2026-10-04,total,late_evening,Поздний вечер,1,1,2,1,2.0,1.0,0,1,1.0,0.0,21:2/1(+1)
12,Хорошо,2026-09-28,total,late_evening,Поздний вечер,1,1,1,2,1.0,2.0,1,0,1.0,0.0,21:1/2(-1)
12,Хорошо,2026-09-29,total,late_evening,Поздний вечер,1,1,1,2,1.0,2.0,1,0,1.0,0.0,21:1/2(-1)
12,Хорошо,2026-09-30,total,late_evening,Поздний вечер,1,1,1,2,1.0,2.0,1,0,1.0,0.0,21:1/2(-1)
12,Хорошо,2026-10-01,total,late_evening,Поздний вечер,1,1,1,2,1.0,2.0,1,0,1.0,0.0,21:1/2(-1)
12,Хорошо,2026-10-02,total,late_evening,Поздний вечер,1,1,1,2,1.0,2.0,1,0,1.0,0.0,21:1/2(-1)
12,Хорошо,2026-10-03,total,late_evening,Поздний вечер,1,1,1,2,1.0,2.0,1,0,1.0,0.0,21:1/2(-1)
4,Аврора,2026-10-02,total,late_evening,Поздний вечер,3,1,3,5,1.0,1.6666666666666667,2,0,0.6666666666666666,0.6666666666666666,21:1/3(-2) 22:1/1 23:1/1
7,Белая Площадь,2026-09-28,total,late_evening,Поздний вечер,3,1,10,8,3.3333333333333335,2.6666666666666665,0,2,0.6666666666666666,0.6666666666666666,21:4/4 22:3/3 23:3/1(+2)
54,Maroon,2026-09-29,total,late_evening,Поздний вечер,2,1,4,3,2.0,1.5,0,1,0.5,0.5,21:2/2 22:2/1(+1)
125,Meraki,2026-10-03,total,late_evening,Поздний вечер,2,1,2,1,1.0,0.5,0,1,0.5,0.5,21:1/1 22:1/0(+1)
142,RED7,2026-09-28,total,late_evening,Поздний вечер,2,1,2,1,1.0,0.5,0,1,0.5,0.5,21:1/1 22:1/0(+1)
142,RED7,2026-09-29,total,late_evening,Поздний вечер,2,1,2,1,1.0,0.5,0,1,0.5,0.5,21:1/1 22:1/0(+1)
142,RED7,2026-09-30,total,late_evening,Поздний вечер,2,1,2,1,1.0,0.5,0,1,0.5,0.5,21:1/1 22:1/0(+1)
142,RED7,2026-10-01,total,late_evening,Поздний вечер,2,1,2,1,1.0,0.5,0,1,0.5,0.5,21:1/1 22:1/0(+1)
142,RED7,2026-10-02,total,late_evening,Поздний вечер,2,1,2,1,1.0,0.5,0,1,0.5,0.5,21:1/1 22:1/0(+1)
142,RED7,2026-10-03,total,late_evening,Поздний вечер,2,1,2,1,1.0,0.5,0,1,0.5,0.5,21:1/1 22:1/0(+1)
142,RED7,2026-10-04,total,late_evening,Поздний вечер,2,1,2,1,1.0,0.5,0,1,0.5,0.5,21:1/1 22:1/0(+1)
34,Аркус,2026-10-02,total,late_evening,Поздний вечер,2,1,2,3,1.0,1.5,1,0,0.5,0.5,22:1/1 23:1/2(-1)
127,БТ Покровка,2026-10-01,total,late_evening,Поздний вечер,2,1,2,1,1.0,0.5,0,1,0.5,0.5,21:1/1 22:1/0(+1)
127,БТ Покровка,2026-10-02,total,late_evening,Поздний вечер,2,1,2,1,1.0,0.5,0,1,0.5,0.5,21:1/1 22:1/0(+1)
127,БТ Покровка,2026-10-03,total,late_evening,Поздний вечер,2,1,2,1,1.0,0.5,0,1,0.5,0.5,21:1/1 22:1/0(+1)
39,Гребной,2026-09-28,total,late_evening,Поздний вечер,2,1,2,3,1.0,1.5,1,0,0.5,0.5,21:1/2(-1) 22:1/1
39,Гребной,2026-09-29,total,late_evening,Поздний вечер,2,1,2,3,1.0,1.5,1,0,0.5,0.5,21:1/2(-1) 22:1/1
39,Гребной,2026-09-30,total,late_evening,Поздний вечер,2,1,2,3,1.0,1.5,1,0,0.5,0.5,21:1/2(-1) 22:1/1
9,КИНКИ,2026-09-28,total,late_evening,Поздний вечер,2,1,6,5,3.0,2.5,0,1,0.5,0.5,21:3/3 22:3/2(+1)
9,КИНКИ,2026-09-29,total,late_evening,Поздний вечер,2,1,4,5,2.0,2.5,1,0,0.5,0.5,21:2/3(-1) 22:2/2
9,КИНКИ,2026-10-04,total,late_evening,Поздний вечер,2,1,6,5,3.0,2.5,0,1,0.5,0.5,21:3/3 22:3/2(+1)
35,Ленинский,2026-10-03,total,late_evening,Поздний вечер,2,1,2,3,1.0,1.5,1,0,0.5,0.5,21:1/2(-1) 22:1/1
35,Ленинский,2026-10-04,total,late_evening,Поздний вечер,2,1,2,3,1.0,1.5,1,0,0.5,0.5,21:1/2(-1) 22:1/1
14,Метрополис,2026-10-01,total,late_evening,Поздний вечер,2,1,4,3,2.0,1.5,0,1,0.5,0.5,21:2/2 22:2/1(+1)
14,Метрополис,2026-10-02,total,late_evening,Поздний вечер,2,1,4,5,2.0,2.5,1,0,0.5,0.5,21:2/3(-1) 22:2/2
14,Метрополис,2026-10-03,total,late_evening,Поздний вечер,2,1,4,3,2.0,1.5,0,1,0.5,0.5,21:2/2 22:2/1(+1)
99,Опен Аркус,2026-09-28,total,late_evening,Поздний вечер,2,1,2,1,1.0,0.5,0,1,0.5,0.5,21:1/1 22:1/0(+1)
99,Опен Аркус,2026-09-29,total,late_evening,Поздний вечер,2,1,2,1,1.0,0.5,0,1,0.5,0.5,21:1/1 22:1/0(+1)
99,Опен Аркус,2026-10-01,total,late_evening,Поздний вечер,2,1,2,1,1.0,0.5,0,1,0.5,0.5,21:1/1 22:1/0(+1)
99,Опен Аркус,2026-10-04,total,late_evening,Поздний вечер,2,1,2,1,1.0,0.5,0,1,0.5,0.5,21:1/1 22:1/0(+1)
69,Опен Мичуринский,2026-09-28,total,late_evening,Поздний вечер,2,1,5,6,2.5,3.0,1,0,0.5,0.5,21:3/3 22:2/3(-1)
69,Опен Мичуринский,2026-10-04,total,late_evening,Поздний вечер,2,1,5,6,2.5,3.0,1,0,0.5,0.5,21:3/3 22:2/3(-1)
126,Опен Покровка,2026-09-28,total,late_evening,Поздний вечер,2,1,2,1,1.0,0.5,0,1,0.5,0.5,21:1/1 22:1/0(+1)
126,Опен Покровка,2026-09-29,total,late_evening,Поздний вечер,2,1,2,1,1.0,0.5,0,1,0.5,0.5,21:1/1 22:1/0(+1)
126,Опен Покровка,2026-09-30,total,late_evening,Поздний вечер,2,1,2,1,1.0,0.5,0,1,0.5,0.5,21:1/1 22:1/0(+1)
126,Опен Покровка,2026-10-01,total,late_evening,Поздний вечер,2,1,2,1,1.0,0.5,0,1,0.5,0.5,21:1/1 22:1/0(+1)
126,Опен Покровка,2026-10-02,total,late_evening,Поздний вечер,2,1,2,1,1.0,0.5,0,1,0.5,0.5,21:1/1 22:1/0(+1)
126,Опен Покровка,2026-10-04,total,late_evening,Поздний вечер,2,1,2,1,1.0,0.5,0,1,0.5,0.5,21:1/1 22:1/0(+1)
115,Опен Символ,2026-09-28,total,late_evening,Поздний вечер,2,1,3,2,1.5,1.0,0,1,0.5,0.5,21:2/2 22:1/0(+1)
115,Опен Символ,2026-09-29,total,late_evening,Поздний вечер,2,1,3,2,1.5,1.0,0,1,0.5,0.5,21:2/2 22:1/0(+1)
4,Аврора,2026-09-29,total,late_evening,Поздний вечер,3,1,3,2,1.0,0.6666666666666666,0,1,0.3333333333333333,0.6666666666666666,21:1/1 22:1/1 23:1/0(+1)
4,Аврора,2026-10-03,total,late_evening,Поздний вечер,3,1,4,3,1.3333333333333333,1.0,0,1,0.3333333333333333,0.6666666666666666,21:2/1(+1) 22:1/1 23:1/1
37,БТ Усачева,2026-09-28,total,late_evening,Поздний вечер,3,1,3,2,1.0,0.6666666666666666,0,1,0.3333333333333333,0.6666666666666666,21:1/1 22:1/1 23:1/0(+1)
37,БТ Усачева,2026-10-01,total,late_evening,Поздний вечер,3,1,3,2,1.0,0.6666666666666666,0,1,0.3333333333333333,0.6666666666666666,21:1/1 22:1/1 23:1/0(+1)
37,БТ Усачева,2026-10-02,total,late_evening,Поздний вечер,3,1,3,2,1.0,0.6666666666666666,0,1,0.3333333333333333,0.6666666666666666,21:1/1 22:1/1 23:1/0(+1)
37,БТ Усачева,2026-10-03,total,late_evening,Поздний вечер,3,1,3,2,1.0,0.6666666666666666,0,1,0.3333333333333333,0.6666666666666666,21:1/1 22:1/1 23:1/0(+1)
37,БТ Усачева,2026-10-04,total,late_evening,Поздний вечер,3,1,3,2,1.0,0.6666666666666666,0,1,0.3333333333333333,0.6666666666666666,21:1/1 22:1/1 23:1/0(+1)
7,Белая Площадь,2026-10-01,total,late_evening,Поздний вечер,3,1,10,9,3.3333333333333335,3.0,0,1,0.3333333333333333,0.6666666666666666,21:4/4 22:3/3 23:3/2(+1)
33,Даниловский,2026-09-28,total,late_evening,Поздний вечер,3,1,2,3,0.6666666666666666,1.0,1,0,0.3333333333333333,0.6666666666666666,21:1/1 22:1/1 23:0/1(-1)
38,Нева,2026-10-01,total,late_evening,Поздний вечер,3,1,2,3,0.6666666666666666,1.0,1,0,0.3333333333333333,0.6666666666666666,21:1/1 22:1/1 23:0/1(-1)
38,Нева,2026-10-02,total,late_evening,Поздний вечер,3,1,2,3,0.6666666666666666,1.0,1,0,0.3333333333333333,0.6666666666666666,21:1/1 22:1/1 23:0/1(-1)
38,Нева,2026-10-03,total,late_evening,Поздний вечер,3,1,2,3,0.6666666666666666,1.0,1,0,0.3333333333333333,0.6666666666666666,21:1/1 22:1/1 23:0/1(-1)
38,Нева,2026-10-04,total,late_evening,Поздний вечер,3,1,2,3,0.6666666666666666,1.0,1,0,0.3333333333333333,0.6666666666666666,21:1/1 22:1/1 23:0/1(-1)
6,Неглинная,2026-09-29,total,late_evening,Поздний вечер,3,1,6,7,2.0,2.3333333333333335,1,0,0.3333333333333333,0.6666666666666666,21:2/3(-1) 22:2/2 23:2/2
6,Неглинная,2026-10-01,total,late_evening,Поздний вечер,3,1,6,7,2.0,2.3333333333333335,1,0,0.3333333333333333,0.6666666666666666,21:2/3(-1) 22:2/2 23:2/2
6,Неглинная,2026-10-03,total,late_evening,Поздний вечер,3,1,6,7,2.0,2.3333333333333335,1,0,0.3333333333333333,0.6666666666666666,21:2/3(-1) 22:2/2 23:2/2
123,Опен Нева,2026-09-28,total,late_evening,Поздний вечер,3,1,2,3,0.6666666666666666,1.0,1,0,0.3333333333333333,0.6666666666666666,21:1/1 22:1/1 23:0/1(-1)
123,Опен Нева,2026-09-29,total,late_evening,Поздний вечер,3,1,2,3,0.6666666666666666,1.0,1,0,0.3333333333333333,0.6666666666666666,21:1/1 22:1/1 23:0/1(-1)
123,Опен Нева,2026-09-30,total,late_evening,Поздний вечер,3,1,2,3,0.6666666666666666,1.0,1,0,0.3333333333333333,0.6666666666666666,21:1/1 22:1/1 23:0/1(-1)
123,Опен Нева,2026-10-01,total,late_evening,Поздний вечер,3,1,2,3,0.6666666666666666,1.0,1,0,0.3333333333333333,0.6666666666666666,21:1/1 22:1/1 23:0/1(-1)
123,Опен Нева,2026-10-02,total,late_evening,Поздний вечер,3,1,2,3,0.6666666666666666,1.0,1,0,0.3333333333333333,0.6666666666666666,21:1/1 22:1/1 23:0/1(-1)
123,Опен Нева,2026-10-03,total,late_evening,Поздний вечер,3,1,2,3,0.6666666666666666,1.0,1,0,0.3333333333333333,0.6666666666666666,21:1/1 22:1/1 23:0/1(-1)
123,Опен Нева,2026-10-04,total,late_evening,Поздний вечер,3,1,2,3,0.6666666666666666,1.0,1,0,0.3333333333333333,0.6666666666666666,21:1/1 22:1/1 23:0/1(-1)
479,Покровка,2026-09-28,total,late_evening,Поздний вечер,3,1,3,2,1.0,0.6666666666666666,0,1,0.3333333333333333,0.6666666666666666,21:1/0(+1) 22:1/1 23:1/1
8,Усачева,2026-09-28,total,late_evening,Поздний вечер,3,1,3,2,1.0,0.6666666666666666,0,1,0.3333333333333333,0.6666666666666666,21:1/1 22:1/1 23:1/0(+1)
8,Усачева,2026-09-29,total,late_evening,Поздний вечер,3,1,3,2,1.0,0.6666666666666666,0,1,0.3333333333333333,0.6666666666666666,21:1/1 22:1/1 23:1/0(+1)
8,Усачева,2026-09-30,total,late_evening,Поздний вечер,3,1,3,2,1.0,0.6666666666666666,0,1,0.3333333333333333,0.6666666666666666,21:1/1 22:1/1 23:1/0(+1)
8,Усачева,2026-10-01,total,late_evening,Поздний вечер,3,1,3,2,1.0,0.6666666666666666,0,1,0.3333333333333333,0.6666666666666666,21:1/1 22:1/1 23:1/0(+1)
8,Усачева,2026-10-02,total,late_evening,Поздний вечер,3,1,3,2,1.0,0.6666666666666666,0,1,0.3333333333333333,0.6666666666666666,21:1/1 22:1/1 23:1/0(+1)
8,Усачева,2026-10-03,total,late_evening,Поздний вечер,3,1,3,2,1.0,0.6666666666666666,0,1,0.3333333333333333,0.6666666666666666,21:1/1 22:1/1 23:1/0(+1)
8,Усачева,2026-10-04,total,late_evening,Поздний вечер,3,1,3,2,1.0,0.6666666666666666,0,1,0.3333333333333333,0.6666666666666666,21:1/1 22:1/1 23:1/0(+1)
30,Черёмушки,2026-09-29,total,late_evening,Поздний вечер,3,1,6,5,2.0,1.6666666666666667,0,1,0.3333333333333333,0.6666666666666666,21:2/2 22:2/2 23:2/1(+1)
604,Cihan Комсомольский,2026-09-30,total,late_evening,Поздний вечер,2,0,2,2,1.0,1.0,0,0,0.0,1.0,21:1/1 22:1/1
54,Maroon,2026-09-28,total,late_evening,Поздний вечер,2,0,4,4,2.0,2.0,0,0,0.0,1.0,21:2/2 22:2/2
54,Maroon,2026-09-30,total,late_evening,Поздний вечер,2,0,2,2,1.0,1.0,0,0,0.0,1.0,21:1/1 22:1/1
54,Maroon,2026-10-03,total,late_evening,Поздний вечер,2,0,4,4,2.0,2.0,0,0,0.0,1.0,21:2/2 22:2/2
125,Meraki,2026-09-28,total,late_evening,Поздний вечер,2,0,2,2,1.0,1.0,0,0,0.0,1.0,21:1/1 22:1/1
1,Wall Street,2026-09-28,total,late_evening,Поздний вечер,2,0,2,2,1.0,1.0,0,0,0.0,1.0,21:1/1 22:1/1
1,Wall Street,2026-10-02,total,late_evening,Поздний вечер,2,0,2,2,1.0,1.0,0,0,0.0,1.0,21:1/1 22:1/1
1,Wall Street,2026-10-04,total,late_evening,Поздний вечер,2,0,2,2,1.0,1.0,0,0,0.0,1.0,21:1/1 22:1/1
4,Аврора,2026-10-04,total,late_evening,Поздний вечер,3,0,4,4,1.3333333333333333,1.3333333333333333,0,0,0.0,1.0,21:2/2 22:1/1 23:1/1
101,Алия,2026-09-28,total,late_evening,Поздний вечер,1,0,1,1,1.0,1.0,0,0,0.0,1.0,21:1/1
101,Алия,2026-10-01,total,late_evening,Поздний вечер,1,0,1,1,1.0,1.0,0,0,0.0,1.0,21:1/1
34,Аркус,2026-09-28,total,late_evening,Поздний вечер,2,0,2,2,1.0,1.0,0,0,0.0,1.0,22:1/1 23:1/1
34,Аркус,2026-09-30,total,late_evening,Поздний вечер,2,0,2,2,1.0,1.0,0,0,0.0,1.0,22:1/1 23:1/1
34,Аркус,2026-10-03,total,late_evening,Поздний вечер,2,0,2,2,1.0,1.0,0,0,0.0,1.0,22:1/1 23:1/1
34,Аркус,2026-10-04,total,late_evening,Поздний вечер,2,0,2,2,1.0,1.0,0,0,0.0,1.0,22:1/1 23:1/1
25,Весна,2026-09-28,total,late_evening,Поздний вечер,3,0,3,3,1.0,1.0,0,0,0.0,1.0,21:1/1 22:1/1 23:1/1
25,Весна,2026-09-29,total,late_evening,Поздний вечер,3,0,3,3,1.0,1.0,0,0,0.0,1.0,21:1/1 22:1/1 23:1/1
25,Весна,2026-09-30,total,late_evening,Поздний вечер,3,0,3,3,1.0,1.0,0,0,0.0,1.0,21:1/1 22:1/1 23:1/1
25,Весна,2026-10-01,total,late_evening,Поздний вечер,3,0,3,3,1.0,1.0,0,0,0.0,1.0,21:1/1 22:1/1 23:1/1
25,Весна,2026-10-02,total,late_evening,Поздний вечер,3,0,3,3,1.0,1.0,0,0,0.0,1.0,21:1/1 22:1/1 23:1/1
25,Весна,2026-10-03,total,late_evening,Поздний вечер,3,0,3,3,1.0,1.0,0,0,0.0,1.0,21:1/1 22:1/1 23:1/1
25,Весна,2026-10-04,total,late_evening,Поздний вечер,3,0,3,3,1.0,1.0,0,0,0.0,1.0,21:1/1 22:1/1 23:1/1
17,Внуково,2026-09-29,total,late_evening,Поздний вечер,1,0,1,1,1.0,1.0,0,0,0.0,1.0,21:1/1
17,Внуково,2026-10-01,total,late_evening,Поздний вечер,1,0,1,1,1.0,1.0,0,0,0.0,1.0,21:1/1
33,Даниловский,2026-09-30,total,late_evening,Поздний вечер,2,0,2,2,1.0,1.0,0,0,0.0,1.0,21:1/1 22:1/1
33,Даниловский,2026-10-01,total,late_evening,Поздний вечер,2,0,2,2,1.0,1.0,0,0,0.0,1.0,21:1/1 22:1/1
33,Даниловский,2026-10-04,total,late_evening,Поздний вечер,2,0,2,2,1.0,1.0,0,0,0.0,1.0,21:1/1 22:1/1
128,Кофемания Лаки,2026-09-29,total,late_evening,Поздний вечер,3,0,3,3,1.0,1.0,0,0,0.0,1.0,21:1/1 22:1/1 23:1/1
128,Кофемания Лаки,2026-09-30,total,late_evening,Поздний вечер,3,0,3,3,1.0,1.0,0,0,0.0,1.0,21:1/1 22:1/1 23:1/1
128,Кофемания Лаки,2026-10-03,total,late_evening,Поздний вечер,3,0,3,3,1.0,1.0,0,0,0.0,1.0,21:1/1 22:1/1 23:1/1
128,Кофемания Лаки,2026-10-04,total,late_evening,Поздний вечер,3,0,3,3,1.0,1.0,0,0,0.0,1.0,21:1/1 22:1/1 23:1/1
2,Кудринская,2026-09-28,total,late_evening,Поздний вечер,3,0,3,3,1.0,1.0,0,0,0.0,1.0,21:1/1 22:1/1 23:1/1
2,Кудринская,2026-09-29,total,late_evening,Поздний вечер,3,0,3,3,1.0,1.0,0,0,0.0,1.0,21:1/1 22:1/1 23:1/1
2,Кудринская,2026-09-30,total,late_evening,Поздний вечер,3,0,3,3,1.0,1.0,0,0,0.0,1.0,21:1/1 22:1/1 23:1/1
2,Кудринская,2026-10-01,total,late_evening,Поздний вечер,3,0,3,3,1.0,1.0,0,0,0.0,1.0,21:1/1 22:1/1 23:1/1
2,Кудринская,2026-10-02,total,late_evening,Поздний вечер,3,0,3,3,1.0,1.0,0,0,0.0,1.0,21:1/1 22:1/1 23:1/1
2,Кудринская,2026-10-03,total,late_evening,Поздний вечер,3,0,3,3,1.0,1.0,0,0,0.0,1.0,21:1/1 22:1/1 23:1/1
2,Кудринская,2026-10-04,total,late_evening,Поздний вечер,3,0,3,3,1.0,1.0,0,0,0.0,1.0,21:1/1 22:1/1 23:1/1
35,Ленинский,2026-09-29,total,late_evening,Поздний вечер,2,0,2,2,1.0,1.0,0,0,0.0,1.0,21:1/1 22:1/1
35,Ленинский,2026-10-01,total,late_evening,Поздний вечер,2,0,2,2,1.0,1.0,0,0,0.0,1.0,21:1/1 22:1/1
35,Ленинский,2026-10-02,total,late_evening,Поздний вечер,2,0,2,2,1.0,1.0,0,0,0.0,1.0,21:1/1 22:1/1
14,Метрополис,2026-09-28,total,late_evening,Поздний вечер,2,0,4,4,2.0,2.0,0,0,0.0,1.0,21:2/2 22:2/2
14,Метрополис,2026-10-04,total,late_evening,Поздний вечер,2,0,6,6,3.0,3.0,0,0,0.0,1.0,21:3/3 22:3/3
16,Мосфильм,2026-09-28,total,late_evening,Поздний вечер,2,0,2,2,1.0,1.0,0,0,0.0,1.0,21:1/1 22:1/1
16,Мосфильм,2026-09-29,total,late_evening,Поздний вечер,2,0,2,2,1.0,1.0,0,0,0.0,1.0,21:1/1 22:1/1
16,Мосфильм,2026-09-30,total,late_evening,Поздний вечер,2,0,2,2,1.0,1.0,0,0,0.0,1.0,21:1/1 22:1/1
16,Мосфильм,2026-10-01,total,late_evening,Поздний вечер,2,0,2,2,1.0,1.0,0,0,0.0,1.0,21:1/1 22:1/1
16,Мосфильм,2026-10-02,total,late_evening,Поздний вечер,2,0,2,2,1.0,1.0,0,0,0.0,1.0,21:1/1 22:1/1
16,Мосфильм,2026-10-03,total,late_evening,Поздний вечер,2,0,2,2,1.0,1.0,0,0,0.0,1.0,21:1/1 22:1/1
16,Мосфильм,2026-10-04,total,late_evening,Поздний вечер,2,0,2,2,1.0,1.0,0,0,0.0,1.0,21:1/1 22:1/1
18,Новая Рига,2026-09-28,total,late_evening,Поздний вечер,1,0,1,1,1.0,1.0,0,0,0.0,1.0,21:1/1
18,Новая Рига,2026-09-29,total,late_evening,Поздний вечер,1,0,1,1,1.0,1.0,0,0,0.0,1.0,21:1/1
18,Новая Рига,2026-09-30,total,late_evening,Поздний вечер,1,0,1,1,1.0,1.0,0,0,0.0,1.0,21:1/1
18,Новая Рига,2026-10-01,total,late_evening,Поздний вечер,1,0,1,1,1.0,1.0,0,0,0.0,1.0,21:1/1
18,Новая Рига,2026-10-02,total,late_evening,Поздний вечер,1,0,1,1,1.0,1.0,0,0,0.0,1.0,21:1/1
18,Новая Рига,2026-10-03,total,late_evening,Поздний вечер,1,0,2,2,2.0,2.0,0,0,0.0,1.0,21:2/2
18,Новая Рига,2026-10-04,total,late_evening,Поздний вечер,1,0,1,1,1.0,1.0,0,0,0.0,1.0,21:1/1
126,Опен Покровка,2026-10-03,total,late_evening,Поздний вечер,2,0,2,2,1.0,1.0,0,0,0.0,1.0,21:1/1 22:1/1
20,Павлово,2026-09-29,total,late_evening,Поздний вечер,1,0,1,1,1.0,1.0,0,0,0.0,1.0,21:1/1
20,Павлово,2026-09-30,total,late_evening,Поздний вечер,1,0,1,1,1.0,1.0,0,0,0.0,1.0,21:1/1
20,Павлово,2026-10-03,total,late_evening,Поздний вечер,1,0,1,1,1.0,1.0,0,0,0.0,1.0,21:1/1
348,Рига Холл,2026-10-02,total,late_evening,Поздний вечер,1,0,1,1,1.0,1.0,0,0,0.0,1.0,21:1/1
348,Рига Холл,2026-10-03,total,late_evening,Поздний вечер,1,0,1,1,1.0,1.0,0,0,0.0,1.0,21:1/1
434,Сколково,2026-09-28,total,late_evening,Поздний вечер,1,0,2,2,2.0,2.0,0,0,0.0,1.0,21:2/2
434,Сколково,2026-09-29,total,late_evening,Поздний вечер,1,0,2,2,2.0,2.0,0,0,0.0,1.0,21:2/2
434,Сколково,2026-10-04,total,late_evening,Поздний вечер,1,0,2,2,2.0,2.0,0,0,0.0,1.0,21:2/2
26,Тверская,2026-09-28,total,late_evening,Поздний вечер,2,0,2,2,1.0,1.0,0,0,0.0,1.0,21:1/1 22:1/1
26,Тверская,2026-09-29,total,late_evening,Поздний вечер,2,0,2,2,1.0,1.0,0,0,0.0,1.0,21:1/1 22:1/1
26,Тверская,2026-09-30,total,late_evening,Поздний вечер,2,0,2,2,1.0,1.0,0,0,0.0,1.0,21:1/1 22:1/1
26,Тверская,2026-10-01,total,late_evening,Поздний вечер,2,0,2,2,1.0,1.0,0,0,0.0,1.0,21:1/1 22:1/1
26,Тверская,2026-10-02,total,late_evening,Поздний вечер,2,0,2,2,1.0,1.0,0,0,0.0,1.0,21:1/1 22:1/1
26,Тверская,2026-10-03,total,late_evening,Поздний вечер,2,0,2,2,1.0,1.0,0,0,0.0,1.0,21:1/1 22:1/1
26,Тверская,2026-10-04,total,late_evening,Поздний вечер,2,0,2,2,1.0,1.0,0,0,0.0,1.0,21:1/1 22:1/1
12,Хорошо,2026-10-04,total,late_evening,Поздний вечер,1,0,1,1,1.0,1.0,0,0,0.0,1.0,21:1/1
30,Черёмушки,2026-10-02,total,late_evening,Поздний вечер,3,0,6,6,2.0,2.0,0,0,0.0,1.0,21:2/2 22:2/2 23:2/2
30,Черёмушки,2026-10-03,total,late_evening,Поздний вечер,3,0,6,6,2.0,2.0,0,0,0.0,1.0,21:2/2 22:2/2 23:2/2
10,Якиманка,2026-09-28,total,late_evening,Поздний вечер,2,0,2,2,1.0,1.0,0,0,0.0,1.0,21:1/1 22:1/1
10,Якиманка,2026-09-29,total,late_evening,Поздний вечер,2,0,2,2,1.0,1.0,0,0,0.0,1.0,21:1/1 22:1/1
10,Якиманка,2026-09-30,total,late_evening,Поздний вечер,2,0,2,2,1.0,1.0,0,0,0.0,1.0,21:1/1 22:1/1
10,Якиманка,2026-10-01,total,late_evening,Поздний вечер,2,0,2,2,1.0,1.0,0,0,0.0,1.0,21:1/1 22:1/1
10,Якиманка,2026-10-02,total,late_evening,Поздний вечер,2,0,2,2,1.0,1.0,0,0,0.0,1.0,21:1/1 22:1/1
10,Якиманка,2026-10-03,total,late_evening,Поздний вечер,2,0,2,2,1.0,1.0,0,0,0.0,1.0,21:1/1 22:1/1
10,Якиманка,2026-10-04,total,late_evening,Поздний вечер,2,0,2,2,1.0,1.0,0,0,0.0,1.0,21:1/1 22:1/1
