location_id,location_name,date,segment,vehicle_type,shift_start,shift_finish,open_intervals,slots_to_create
1,Wall Street,2026-06-22,medium,bike,08:00,23:00,08:00-23:00,1
10,Якиманка,2026-06-22,medium,bike,08:00,18:00,08:00-23:30,1
10,Якиманка,2026-06-22,medium,bike,08:00,23:00,08:00-23:30,1
100,Колбасный Цех / Магадан,2026-06-22,medium,auto,10:00,18:00,10:00-22:00,1
101,Алия,2026-06-22,high,auto,08:00,21:00,08:00-23:00,2
101,Алия,2026-06-22,high,auto,08:00,23:00,08:00-23:00,1
101,Алия,2026-06-22,high,bike,08:00,18:00,08:00-23:00,1
11,Кутузовский,2026-06-22,medium,auto,00:00,07:00,00:00-07:00,5
11,Кутузовский,2026-06-22,medium,auto,23:00,24:00,23:00-24:00,2
114,Bluefin Скаковая,2026-06-22,low,auto,10:00,12:00,10:00-22:00,1
115,Опен Символ,2026-06-22,high,auto,07:00,18:00,07:00-23:00,1
115,Опен Символ,2026-06-22,high,auto,07:00,21:00,07:00-23:00,1
115,Опен Символ,2026-06-22,high,auto,07:00,23:00,07:00-23:00,1
115,Опен Символ,2026-06-22,high,bike,07:00,11:00,07:00-23:00,1
115,Опен Символ,2026-06-22,high,bike,07:00,21:00,07:00-23:00,1
116,Корнер Дмитровка,2026-06-22,medium,auto,12:00,23:00,12:00-23:00,1
119,Bluefin Успенское,2026-06-22,medium,bike,11:00,22:00,11:00-22:00,1
12,Хорошо,2026-06-22,high,auto,08:00,16:00,08:00-22:00,1
12,Хорошо,2026-06-22,high,auto,08:00,22:00,08:00-22:00,1
12,Хорошо,2026-06-22,high,bike,08:00,22:00,08:00-22:00,2
121,Косяк Новая Рига,2026-06-22,medium,auto,10:00,22:00,10:00-22:00,1
123,Опен Нева,2026-06-22,high,auto,08:00,18:00,08:00-23:00,1
123,Опен Нева,2026-06-22,high,bike,08:00,21:00,08:00-23:00,3
124,ЦБ AVA Bistro,2026-06-22,medium,auto,09:00,18:00,09:00-22:30,1
126,Опен Покровка,2026-06-22,high,bike,07:00,16:00,07:00-23:00,1
126,Опен Покровка,2026-06-22,high,bike,07:00,21:00,07:00-23:00,1
126,Опен Покровка,2026-06-22,high,bike,07:00,23:00,07:00-23:00,1
127,БТ Покровка,2026-06-22,medium,bike,07:00,23:00,07:00-23:00,1
128,Кофемания Лаки,2026-06-22,high,bike,08:00,21:00,08:00-24:00,1
128,Кофемания Лаки,2026-06-22,high,bike,08:00,24:00,08:00-24:00,1
137,БТ Мясницкая,2026-06-22,medium,bike,08:00,23:00,08:00-23:00,1
138,БТ Таганка,2026-06-22,medium,bike,08:00,23:00,08:00-23:00,1
14,Метрополис,2026-06-22,high,auto,09:00,16:00,09:00-23:00,2
14,Метрополис,2026-06-22,high,auto,09:00,18:00,09:00-23:00,1
14,Метрополис,2026-06-22,high,auto,09:00,23:00,09:00-23:00,1
14,Метрополис,2026-06-22,high,bike,09:00,21:00,09:00-23:00,1
142,RED7,2026-06-22,medium,bike,08:00,23:00,08:00-23:59,1
146,Maestrello Покровка,2026-06-22,medium,auto,10:00,18:00,10:00-20:00,1
15,Комсомолка,2026-06-22,medium,auto,00:00,06:00,00:00-24:00,1
15,Комсомолка,2026-06-22,medium,bike,00:00,24:00,00:00-24:00,1
16,Мосфильм,2026-06-22,medium,bike,08:00,23:00,08:00-23:00,1
17,Внуково,2026-06-22,high,auto,08:00,22:00,08:00-22:00,2
17,Внуково,2026-06-22,high,bike,08:00,22:00,08:00-22:00,1
18,Новая Рига,2026-06-22,medium,auto,08:00,18:00,08:00-22:00,1
18,Новая Рига,2026-06-22,medium,auto,08:00,22:00,08:00-22:00,1
18,Новая Рига,2026-06-22,medium,bike,08:00,22:00,08:00-22:00,1
182,Miss You,2026-06-22,medium,auto,09:00,23:00,09:00-23:00,1
2,Кудринская,2026-06-22,high,bike,07:00,18:00,07:00-24:00,1
2,Кудринская,2026-06-22,high,bike,07:00,21:00,07:00-24:00,1
2,Кудринская,2026-06-22,high,bike,07:00,24:00,07:00-24:00,1
20,Павлово,2026-06-22,medium,auto,08:00,18:00,08:00-22:00,1
20,Павлово,2026-06-22,medium,bike,08:00,22:00,08:00-22:00,1
21,Горки-2,2026-06-22,high,auto,08:00,18:00,08:00-23:00,1
21,Горки-2,2026-06-22,high,auto,08:00,21:00,08:00-23:00,1
21,Горки-2,2026-06-22,high,auto,08:00,23:00,08:00-23:00,1
21,Горки-2,2026-06-22,high,bike,08:00,23:00,08:00-23:00,1
222,Ирис Химки,2026-06-22,low,auto,06:00,12:00,06:00-23:59,1
25,Весна,2026-06-22,high,auto,08:00,16:00,08:00-24:00,1
25,Весна,2026-06-22,high,bike,08:00,18:00,08:00-24:00,1
25,Весна,2026-06-22,high,bike,08:00,24:00,08:00-24:00,1
26,Тверская,2026-06-22,medium,bike,08:00,18:00,08:00-23:00,1
26,Тверская,2026-06-22,medium,bike,08:00,23:00,08:00-23:00,1
27,4 Ветра,2026-06-22,medium,auto,08:00,23:00,08:00-23:30,1
27,4 Ветра,2026-06-22,medium,bike,08:00,12:00,08:00-23:30,1
28,Гранд,2026-06-22,medium,bike,08:00,18:00,08:00-23:00,1
29,Украинский,2026-06-22,mega,auto,07:00,16:00,07:00-23:00,2
29,Украинский,2026-06-22,mega,auto,07:00,18:00,07:00-23:00,1
29,Украинский,2026-06-22,mega,auto,07:00,21:00,07:00-23:00,3
29,Украинский,2026-06-22,mega,auto,07:00,23:00,07:00-23:00,1
29,Украинский,2026-06-22,mega,bike,07:00,18:00,07:00-23:00,1
29,Украинский,2026-06-22,mega,bike,07:00,23:00,07:00-23:00,1
30,Черёмушки,2026-06-22,mega,auto,08:00,16:00,08:00-24:00,1
30,Черёмушки,2026-06-22,mega,auto,08:00,21:00,08:00-24:00,1
30,Черёмушки,2026-06-22,mega,auto,08:00,24:00,08:00-24:00,1
30,Черёмушки,2026-06-22,mega,bike,08:00,18:00,08:00-24:00,1
30,Черёмушки,2026-06-22,mega,bike,08:00,24:00,08:00-24:00,1
301,Биродром и Панчетта Дежнева,2026-06-22,medium,auto,12:00,23:00,12:00-23:00,1
33,Даниловский,2026-06-22,high,auto,08:00,21:00,08:00-23:00,2
33,Даниловский,2026-06-22,high,bike,08:00,18:00,08:00-23:00,1
33,Даниловский,2026-06-22,high,bike,08:00,23:00,08:00-23:00,1
335,Кутузовский (Не использовать),2026-06-22,low,auto,00:00,06:00,00:00-24:00,1
335,Кутузовский (Не использовать),2026-06-22,low,auto,00:00,18:00,00:00-24:00,1
335,Кутузовский (Не использовать),2026-06-22,low,bike,00:00,06:00,00:00-24:00,1
335,Кутузовский (Не использовать),2026-06-22,low,bike,00:00,24:00,00:00-24:00,1
34,Аркус,2026-06-22,medium,bike,08:00,24:00,08:00-24:00,1
348,Рига Холл,2026-06-22,medium,bike,09:00,22:00,09:00-22:00,1
35,Ленинский,2026-06-22,high,auto,08:00,21:00,08:00-23:00,2
35,Ленинский,2026-06-22,high,bike,08:00,18:00,08:00-23:00,1
35,Ленинский,2026-06-22,high,bike,08:00,23:00,08:00-23:00,1
36,Friends Forever Botanica,2026-06-22,medium,auto,08:00,12:00,08:00-23:00,1
37,БТ Усачева,2026-06-22,medium,bike,08:00,22:00,08:00-22:00,1
38,Нева,2026-06-22,medium,bike,08:00,23:00,08:00-23:00,1
39,Гребной,2026-06-22,mega,auto,08:00,21:00,08:00-23:00,2
39,Гребной,2026-06-22,mega,bike,08:00,21:00,08:00-23:00,1
39,Гребной,2026-06-22,mega,bike,08:00,23:00,08:00-23:00,1
4,Аврора,2026-06-22,high,auto,08:00,18:00,08:00-24:00,1
4,Аврора,2026-06-22,high,auto,08:00,24:00,08:00-24:00,1
4,Аврора,2026-06-22,high,bike,08:00,16:00,08:00-24:00,1
4,Аврора,2026-06-22,high,bike,08:00,21:00,08:00-24:00,1
4,Аврора,2026-06-22,high,bike,08:00,24:00,08:00-24:00,1
40,БТ Аркус,2026-06-22,medium,bike,09:00,19:00,09:00-19:00,1
434,Сколково,2026-06-22,medium,auto,08:00,22:00,08:00-22:00,1
434,Сколково,2026-06-22,medium,bike,08:00,22:00,08:00-22:00,1
46,БТ Павелецкая Плаза,2026-06-22,medium,bike,10:00,18:00,10:00-22:00,1
47,БТ Царская Площадь,2026-06-22,medium,bike,08:00,21:00,08:00-21:00,1
478,Сыроварня Метрополис,2026-06-22,medium,bike,11:00,22:00,10:30-22:30,1
479,Покровка,2026-06-22,medium,auto,00:00,06:00,00:00-24:00,1
479,Покровка,2026-06-22,medium,bike,00:00,24:00,00:00-24:00,1
5,Покровка (не использовать),2026-06-22,medium,auto,00:00,06:00,00:00-24:00,1
5,Покровка (не использовать),2026-06-22,medium,bike,00:00,24:00,00:00-24:00,1
51,БТ Новинский,2026-06-22,medium,bike,08:00,22:00,08:00-22:00,1
516,La Raquette by Pinskiy&Co,2026-06-22,low,auto,09:00,18:00,09:00-22:00,1
58,Печорин Тишинка,2026-06-22,medium,auto,09:00,18:00,09:00-21:00,1
59,Печорин Шаболовка,2026-06-22,medium,auto,09:00,18:00,09:00-21:00,1
6,Неглинная,2026-06-22,mega,auto,00:00,21:00,00:00-24:00,1
6,Неглинная,2026-06-22,mega,auto,00:00,24:00,00:00-24:00,1
6,Неглинная,2026-06-22,mega,bike,00:00,16:00,00:00-24:00,1
6,Неглинная,2026-06-22,mega,bike,00:00,24:00,00:00-24:00,2
69,Опен Мичуринский,2026-06-22,mega,auto,08:00,18:00,08:00-23:00,1
69,Опен Мичуринский,2026-06-22,mega,auto,08:00,21:00,08:00-23:00,1
69,Опен Мичуринский,2026-06-22,mega,auto,08:00,23:00,08:00-23:00,1
69,Опен Мичуринский,2026-06-22,mega,bike,08:00,21:00,08:00-23:00,2
69,Опен Мичуринский,2026-06-22,mega,bike,08:00,23:00,08:00-23:00,1
7,Белая Площадь,2026-06-22,mega,auto,00:00,16:00,00:00-24:00,1
7,Белая Площадь,2026-06-22,mega,auto,00:00,24:00,00:00-24:00,2
7,Белая Площадь,2026-06-22,mega,bike,00:00,18:00,00:00-24:00,1
7,Белая Площадь,2026-06-22,mega,bike,00:00,21:00,00:00-24:00,1
7,Белая Площадь,2026-06-22,mega,bike,00:00,24:00,00:00-24:00,1
72,КО Магадан,2026-06-22,medium,auto,12:00,23:00,12:00-23:59,1
8,Усачева,2026-06-22,mega,bike,08:00,18:00,07:30-23:30,1
8,Усачева,2026-06-22,mega,bike,08:00,21:00,07:30-23:30,1
8,Усачева,2026-06-22,mega,bike,08:00,23:00,07:30-23:30,1
9,КИНКИ,2026-06-22,high,auto,08:00,21:00,08:00-23:00,1
9,КИНКИ,2026-06-22,high,auto,08:00,23:00,08:00-23:00,1
9,КИНКИ,2026-06-22,high,bike,08:00,23:00,08:00-23:00,1
99,Опен Аркус,2026-06-22,mega,bike,07:00,16:00,07:00-23:00,1
99,Опен Аркус,2026-06-22,mega,bike,07:00,18:00,07:00-23:00,1
99,Опен Аркус,2026-06-22,mega,bike,07:00,21:00,07:00-23:00,1
99,Опен Аркус,2026-06-22,mega,bike,07:00,23:00,07:00-23:00,2
grp_102_125,Мясо&Рыба Тверская + Meraki,2026-06-22,medium,auto,00:00,23:00,00:00-23:59,1
grp_122_131,Косяк Тишинка + EVA Б.Грузинская,2026-06-22,medium,bike,08:00,23:00,08:00-23:59,1
grp_130_139,EVA Хамовники + Клёво Усачева,2026-06-22,medium,auto,09:00,23:00,09:00-23:59,1
grp_136_292,Ikura + Узбекистан,2026-06-22,medium,auto,12:00,23:00,12:00-23:00,1
grp_187_296,Биродром и Панчетта Народное ополчение + Клево Авиапарк,2026-06-22,medium,auto,10:00,23:00,10:00-23:00,1
grp_19_54,Conversation Никитская + Maroon,2026-06-22,medium,auto,08:00,24:00,08:00-24:00,2
grp_288_424,Биродром и Ив.Дурдинъ Мичуринский + Корнер Ланового,2026-06-22,medium,auto,11:00,23:00,11:00-23:00,1
grp_302_443,Ribambelle Шелепиха + Пинский доставка,2026-06-22,medium,auto,10:00,18:00,10:00-22:00,1
grp_62_140,Печорин Новочеремушкинская  + Клёво Черемушки,2026-06-22,medium,auto,09:00,23:00,09:00-23:00,1
grp_71_94,КО Medusa + КО Высота 5642,2026-06-22,medium,auto,12:00,23:00,12:00-23:59,1
grp_71_94,КО Medusa + КО Высота 5642,2026-06-22,medium,bike,12:00,18:00,12:00-23:59,1
grp_98_298,Печорин Угрешская + Ив. Дурдинъ Волгоградский,2026-06-22,medium,auto,08:00,23:00,08:00-23:00,1
grp_98_298,Печорин Угрешская + Ив. Дурдинъ Волгоградский,2026-06-22,medium,bike,08:00,18:00,08:00-23:00,1
1,Wall Street,2026-06-23,medium,bike,08:00,23:00,08:00-23:00,1
10,Якиманка,2026-06-23,medium,bike,08:00,18:00,08:00-23:30,1
10,Якиманка,2026-06-23,medium,bike,08:00,23:00,08:00-23:30,1
100,Колбасный Цех / Магадан,2026-06-23,medium,auto,10:00,18:00,10:00-22:00,1
101,Алия,2026-06-23,high,auto,08:00,21:00,08:00-23:00,2
101,Алия,2026-06-23,high,auto,08:00,23:00,08:00-23:00,1
101,Алия,2026-06-23,high,bike,08:00,18:00,08:00-23:00,1
11,Кутузовский,2026-06-23,medium,auto,00:00,07:00,00:00-07:00,4
11,Кутузовский,2026-06-23,medium,auto,23:00,24:00,23:00-24:00,2
114,Bluefin Скаковая,2026-06-23,low,auto,10:00,12:00,10:00-22:00,1
115,Опен Символ,2026-06-23,high,auto,07:00,18:00,07:00-23:00,1
115,Опен Символ,2026-06-23,high,auto,07:00,21:00,07:00-23:00,1
115,Опен Символ,2026-06-23,high,auto,07:00,23:00,07:00-23:00,1
115,Опен Символ,2026-06-23,high,bike,07:00,16:00,07:00-23:00,1
115,Опен Символ,2026-06-23,high,bike,07:00,21:00,07:00-23:00,1
116,Корнер Дмитровка,2026-06-23,medium,auto,12:00,23:00,12:00-23:00,1
119,Bluefin Успенское,2026-06-23,medium,bike,11:00,22:00,11:00-22:00,1
12,Хорошо,2026-06-23,high,auto,08:00,16:00,08:00-22:00,1
12,Хорошо,2026-06-23,high,auto,08:00,22:00,08:00-22:00,1
12,Хорошо,2026-06-23,high,bike,08:00,22:00,08:00-22:00,2
121,Косяк Новая Рига,2026-06-23,medium,auto,10:00,22:00,10:00-22:00,1
123,Опен Нева,2026-06-23,high,auto,08:00,18:00,08:00-23:00,1
123,Опен Нева,2026-06-23,high,bike,08:00,21:00,08:00-23:00,3
124,ЦБ AVA Bistro,2026-06-23,medium,auto,09:00,18:00,09:00-22:30,1
126,Опен Покровка,2026-06-23,high,bike,07:00,18:00,07:00-23:00,1
126,Опен Покровка,2026-06-23,high,bike,07:00,21:00,07:00-23:00,1
126,Опен Покровка,2026-06-23,high,bike,07:00,23:00,07:00-23:00,1
127,БТ Покровка,2026-06-23,medium,bike,07:00,23:00,07:00-23:00,1
128,Кофемания Лаки,2026-06-23,high,bike,08:00,16:00,08:00-24:00,1
128,Кофемания Лаки,2026-06-23,high,bike,08:00,21:00,08:00-24:00,1
128,Кофемания Лаки,2026-06-23,high,bike,08:00,24:00,08:00-24:00,1
137,БТ Мясницкая,2026-06-23,medium,bike,08:00,23:00,08:00-23:00,1
138,БТ Таганка,2026-06-23,medium,bike,08:00,23:00,08:00-23:00,1
14,Метрополис,2026-06-23,high,auto,09:00,16:00,09:00-23:00,2
14,Метрополис,2026-06-23,high,auto,09:00,18:00,09:00-23:00,1
14,Метрополис,2026-06-23,high,auto,09:00,23:00,09:00-23:00,1
14,Метрополис,2026-06-23,high,bike,09:00,21:00,09:00-23:00,1
142,RED7,2026-06-23,medium,bike,08:00,18:00,08:00-23:59,1
142,RED7,2026-06-23,medium,bike,08:00,23:00,08:00-23:59,1
15,Комсомолка,2026-06-23,medium,auto,00:00,06:00,00:00-24:00,1
15,Комсомолка,2026-06-23,medium,bike,00:00,24:00,00:00-24:00,1
16,Мосфильм,2026-06-23,medium,bike,08:00,23:00,08:00-23:00,1
17,Внуково,2026-06-23,high,auto,08:00,22:00,08:00-22:00,2
17,Внуково,2026-06-23,high,bike,08:00,22:00,08:00-22:00,1
18,Новая Рига,2026-06-23,medium,auto,08:00,18:00,08:00-22:00,1
18,Новая Рига,2026-06-23,medium,bike,08:00,22:00,08:00-22:00,1
182,Miss You,2026-06-23,medium,auto,09:00,23:00,09:00-23:00,1
2,Кудринская,2026-06-23,high,bike,07:00,18:00,07:00-24:00,1
2,Кудринская,2026-06-23,high,bike,07:00,21:00,07:00-24:00,1
2,Кудринская,2026-06-23,high,bike,07:00,24:00,07:00-24:00,1
20,Павлово,2026-06-23,medium,auto,08:00,18:00,08:00-22:00,1
20,Павлово,2026-06-23,medium,bike,08:00,22:00,08:00-22:00,1
21,Горки-2,2026-06-23,high,auto,08:00,18:00,08:00-23:00,1
21,Горки-2,2026-06-23,high,auto,08:00,21:00,08:00-23:00,1
21,Горки-2,2026-06-23,high,auto,08:00,23:00,08:00-23:00,1
21,Горки-2,2026-06-23,high,bike,08:00,23:00,08:00-23:00,1
222,Ирис Химки,2026-06-23,low,auto,06:00,12:00,06:00-23:59,1
25,Весна,2026-06-23,high,auto,08:00,16:00,08:00-24:00,1
25,Весна,2026-06-23,high,bike,08:00,18:00,08:00-24:00,1
25,Весна,2026-06-23,high,bike,08:00,24:00,08:00-24:00,1
26,Тверская,2026-06-23,medium,bike,08:00,23:00,08:00-23:00,1
27,4 Ветра,2026-06-23,medium,auto,08:00,23:00,08:00-23:30,1
28,Гранд,2026-06-23,medium,bike,08:00,18:00,08:00-23:00,1
29,Украинский,2026-06-23,mega,auto,07:00,16:00,07:00-23:00,3
29,Украинский,2026-06-23,mega,auto,07:00,21:00,07:00-23:00,3
29,Украинский,2026-06-23,mega,auto,07:00,23:00,07:00-23:00,1
29,Украинский,2026-06-23,mega,bike,07:00,18:00,07:00-23:00,1
29,Украинский,2026-06-23,mega,bike,07:00,23:00,07:00-23:00,1
30,Черёмушки,2026-06-23,mega,auto,08:00,16:00,08:00-24:00,1
30,Черёмушки,2026-06-23,mega,auto,08:00,21:00,08:00-24:00,1
30,Черёмушки,2026-06-23,mega,auto,08:00,24:00,08:00-24:00,1
30,Черёмушки,2026-06-23,mega,bike,08:00,18:00,08:00-24:00,1
30,Черёмушки,2026-06-23,mega,bike,08:00,24:00,08:00-24:00,1
301,Биродром и Панчетта Дежнева,2026-06-23,medium,auto,12:00,23:00,12:00-23:00,1
301,Биродром и Панчетта Дежнева,2026-06-23,medium,bike,12:00,18:00,12:00-23:00,1
33,Даниловский,2026-06-23,high,auto,08:00,21:00,08:00-23:00,2
33,Даниловский,2026-06-23,high,bike,08:00,18:00,08:00-23:00,1
33,Даниловский,2026-06-23,high,bike,08:00,23:00,08:00-23:00,1
335,Кутузовский (Не использовать),2026-06-23,low,auto,00:00,06:00,00:00-24:00,2
335,Кутузовский (Не использовать),2026-06-23,low,bike,00:00,06:00,00:00-24:00,1
335,Кутузовский (Не использовать),2026-06-23,low,bike,00:00,24:00,00:00-24:00,1
34,Аркус,2026-06-23,medium,bike,08:00,24:00,08:00-24:00,1
348,Рига Холл,2026-06-23,medium,bike,09:00,22:00,09:00-22:00,1
35,Ленинский,2026-06-23,high,auto,08:00,21:00,08:00-23:00,1
35,Ленинский,2026-06-23,high,auto,08:00,23:00,08:00-23:00,1
35,Ленинский,2026-06-23,high,bike,08:00,18:00,08:00-23:00,1
35,Ленинский,2026-06-23,high,bike,08:00,23:00,08:00-23:00,1
36,Friends Forever Botanica,2026-06-23,medium,auto,08:00,18:00,08:00-23:00,1
37,БТ Усачева,2026-06-23,medium,bike,08:00,22:00,08:00-22:00,1
38,Нева,2026-06-23,medium,bike,08:00,23:00,08:00-23:00,1
39,Гребной,2026-06-23,mega,auto,08:00,21:00,08:00-23:00,1
39,Гребной,2026-06-23,mega,auto,08:00,23:00,08:00-23:00,1
39,Гребной,2026-06-23,mega,bike,08:00,18:00,08:00-23:00,1
39,Гребной,2026-06-23,mega,bike,08:00,23:00,08:00-23:00,1
4,Аврора,2026-06-23,high,auto,08:00,21:00,08:00-24:00,1
4,Аврора,2026-06-23,high,auto,08:00,24:00,08:00-24:00,1
4,Аврора,2026-06-23,high,bike,08:00,16:00,08:00-24:00,1
4,Аврора,2026-06-23,high,bike,08:00,21:00,08:00-24:00,1
4,Аврора,2026-06-23,high,bike,08:00,24:00,08:00-24:00,1
40,БТ Аркус,2026-06-23,medium,bike,09:00,19:00,09:00-19:00,1
434,Сколково,2026-06-23,medium,auto,08:00,22:00,08:00-22:00,1
434,Сколково,2026-06-23,medium,bike,08:00,22:00,08:00-22:00,1
46,БТ Павелецкая Плаза,2026-06-23,medium,bike,10:00,18:00,10:00-22:00,1
47,БТ Царская Площадь,2026-06-23,medium,bike,08:00,21:00,08:00-21:00,1
478,Сыроварня Метрополис,2026-06-23,medium,bike,11:00,22:00,10:30-22:30,1
479,Покровка,2026-06-23,medium,auto,00:00,06:00,00:00-24:00,1
479,Покровка,2026-06-23,medium,bike,00:00,24:00,00:00-24:00,1
5,Покровка (не использовать),2026-06-23,medium,auto,00:00,06:00,00:00-24:00,1
5,Покровка (не использовать),2026-06-23,medium,bike,00:00,24:00,00:00-24:00,1
51,БТ Новинский,2026-06-23,medium,bike,08:00,22:00,08:00-22:00,1
516,La Raquette by Pinskiy&Co,2026-06-23,low,auto,09:00,18:00,09:00-22:00,1
58,Печорин Тишинка,2026-06-23,medium,auto,09:00,18:00,09:00-21:00,1
59,Печорин Шаболовка,2026-06-23,medium,auto,09:00,18:00,09:00-21:00,1
6,Неглинная,2026-06-23,mega,auto,00:00,16:00,00:00-24:00,1
6,Неглинная,2026-06-23,mega,auto,00:00,21:00,00:00-24:00,1
6,Неглинная,2026-06-23,mega,auto,00:00,24:00,00:00-24:00,1
6,Неглинная,2026-06-23,mega,bike,00:00,18:00,00:00-24:00,1
6,Неглинная,2026-06-23,mega,bike,00:00,24:00,00:00-24:00,2
69,Опен Мичуринский,2026-06-23,mega,auto,08:00,18:00,08:00-23:00,1
69,Опен Мичуринский,2026-06-23,mega,auto,08:00,21:00,08:00-23:00,1
69,Опен Мичуринский,2026-06-23,mega,auto,08:00,23:00,08:00-23:00,1
69,Опен Мичуринский,2026-06-23,mega,bike,08:00,21:00,08:00-23:00,2
69,Опен Мичуринский,2026-06-23,mega,bike,08:00,23:00,08:00-23:00,1
7,Белая Площадь,2026-06-23,mega,auto,00:00,16:00,00:00-24:00,1
7,Белая Площадь,2026-06-23,mega,auto,00:00,24:00,00:00-24:00,2
7,Белая Площадь,2026-06-23,mega,bike,00:00,18:00,00:00-24:00,1
7,Белая Площадь,2026-06-23,mega,bike,00:00,21:00,00:00-24:00,1
7,Белая Площадь,2026-06-23,mega,bike,00:00,24:00,00:00-24:00,1
72,КО Магадан,2026-06-23,medium,auto,12:00,23:00,12:00-23:59,1
8,Усачева,2026-06-23,mega,bike,08:00,16:00,07:30-23:30,1
8,Усачева,2026-06-23,mega,bike,08:00,18:00,07:30-23:30,1
8,Усачева,2026-06-23,mega,bike,08:00,21:00,07:30-23:30,1
8,Усачева,2026-06-23,mega,bike,08:00,23:00,07:30-23:30,1
9,КИНКИ,2026-06-23,high,auto,08:00,21:00,08:00-23:00,1
9,КИНКИ,2026-06-23,high,auto,08:00,23:00,08:00-23:00,1
9,КИНКИ,2026-06-23,high,bike,08:00,23:00,08:00-23:00,1
99,Опен Аркус,2026-06-23,mega,bike,07:00,16:00,07:00-23:00,1
99,Опен Аркус,2026-06-23,mega,bike,07:00,18:00,07:00-23:00,1
99,Опен Аркус,2026-06-23,mega,bike,07:00,21:00,07:00-23:00,1
99,Опен Аркус,2026-06-23,mega,bike,07:00,23:00,07:00-23:00,2
grp_102_125,Мясо&Рыба Тверская + Meraki,2026-06-23,medium,auto,00:00,23:00,00:00-23:59,1
grp_122_131,Косяк Тишинка + EVA Б.Грузинская,2026-06-23,medium,bike,08:00,23:00,08:00-23:59,1
grp_130_139,EVA Хамовники + Клёво Усачева,2026-06-23,medium,auto,09:00,23:00,09:00-23:59,1
grp_136_292,Ikura + Узбекистан,2026-06-23,medium,auto,12:00,23:00,12:00-23:00,1
grp_187_296,Биродром и Панчетта Народное ополчение + Клево Авиапарк,2026-06-23,medium,auto,10:00,23:00,10:00-23:00,1
grp_19_54,Conversation Никитская + Maroon,2026-06-23,medium,auto,08:00,24:00,08:00-24:00,2
grp_288_424,Биродром и Ив.Дурдинъ Мичуринский + Корнер Ланового,2026-06-23,medium,auto,11:00,23:00,11:00-23:00,1
grp_302_443,Ribambelle Шелепиха + Пинский доставка,2026-06-23,medium,auto,10:00,18:00,10:00-22:00,1
grp_62_140,Печорин Новочеремушкинская  + Клёво Черемушки,2026-06-23,medium,auto,09:00,23:00,09:00-23:00,1
grp_71_94,КО Medusa + КО Высота 5642,2026-06-23,medium,auto,12:00,23:00,12:00-23:59,1
grp_98_298,Печорин Угрешская + Ив. Дурдинъ Волгоградский,2026-06-23,medium,auto,08:00,23:00,08:00-23:00,1
grp_98_298,Печорин Угрешская + Ив. Дурдинъ Волгоградский,2026-06-23,medium,bike,08:00,18:00,08:00-23:00,1
1,Wall Street,2026-06-24,medium,bike,08:00,23:00,08:00-23:00,1
10,Якиманка,2026-06-24,medium,bike,08:00,18:00,08:00-23:30,1
10,Якиманка,2026-06-24,medium,bike,08:00,23:00,08:00-23:30,1
100,Колбасный Цех / Магадан,2026-06-24,medium,auto,10:00,18:00,10:00-22:00,1
101,Алия,2026-06-24,high,auto,08:00,11:00,08:00-23:00,1
101,Алия,2026-06-24,high,auto,08:00,21:00,08:00-23:00,1
101,Алия,2026-06-24,high,auto,08:00,23:00,08:00-23:00,1
101,Алия,2026-06-24,high,bike,08:00,18:00,08:00-23:00,1
11,Кутузовский,2026-06-24,medium,auto,00:00,07:00,00:00-07:00,4
11,Кутузовский,2026-06-24,medium,auto,23:00,24:00,23:00-24:00,2
114,Bluefin Скаковая,2026-06-24,low,auto,10:00,12:00,10:00-22:00,1
115,Опен Символ,2026-06-24,high,auto,07:00,18:00,07:00-23:00,1
115,Опен Символ,2026-06-24,high,auto,07:00,21:00,07:00-23:00,1
115,Опен Символ,2026-06-24,high,auto,07:00,23:00,07:00-23:00,1
115,Опен Символ,2026-06-24,high,bike,07:00,11:00,07:00-23:00,1
115,Опен Символ,2026-06-24,high,bike,07:00,21:00,07:00-23:00,1
116,Корнер Дмитровка,2026-06-24,medium,auto,12:00,23:00,12:00-23:00,1
119,Bluefin Успенское,2026-06-24,medium,bike,11:00,22:00,11:00-22:00,1
12,Хорошо,2026-06-24,high,auto,08:00,16:00,08:00-22:00,1
12,Хорошо,2026-06-24,high,auto,08:00,22:00,08:00-22:00,1
12,Хорошо,2026-06-24,high,bike,08:00,22:00,08:00-22:00,2
123,Опен Нева,2026-06-24,high,auto,08:00,18:00,08:00-23:00,1
123,Опен Нева,2026-06-24,high,bike,08:00,21:00,08:00-23:00,3
124,ЦБ AVA Bistro,2026-06-24,medium,auto,09:00,18:00,09:00-22:30,1
126,Опен Покровка,2026-06-24,high,bike,07:00,18:00,07:00-23:00,1
126,Опен Покровка,2026-06-24,high,bike,07:00,21:00,07:00-23:00,1
126,Опен Покровка,2026-06-24,high,bike,07:00,23:00,07:00-23:00,1
127,БТ Покровка,2026-06-24,medium,bike,07:00,23:00,07:00-23:00,1
128,Кофемания Лаки,2026-06-24,high,bike,08:00,21:00,08:00-24:00,1
128,Кофемания Лаки,2026-06-24,high,bike,08:00,24:00,08:00-24:00,1
137,БТ Мясницкая,2026-06-24,medium,bike,08:00,23:00,08:00-23:00,1
138,БТ Таганка,2026-06-24,medium,bike,08:00,23:00,08:00-23:00,1
14,Метрополис,2026-06-24,high,auto,09:00,16:00,09:00-23:00,2
14,Метрополис,2026-06-24,high,auto,09:00,21:00,09:00-23:00,1
14,Метрополис,2026-06-24,high,auto,09:00,23:00,09:00-23:00,1
14,Метрополис,2026-06-24,high,bike,09:00,21:00,09:00-23:00,1
142,RED7,2026-06-24,medium,bike,08:00,23:00,08:00-23:59,1
15,Комсомолка,2026-06-24,medium,auto,00:00,06:00,00:00-24:00,1
15,Комсомолка,2026-06-24,medium,bike,00:00,24:00,00:00-24:00,1
16,Мосфильм,2026-06-24,medium,bike,08:00,23:00,08:00-23:00,1
17,Внуково,2026-06-24,high,auto,08:00,22:00,08:00-22:00,2
17,Внуково,2026-06-24,high,bike,08:00,22:00,08:00-22:00,1
18,Новая Рига,2026-06-24,medium,auto,08:00,22:00,08:00-22:00,1
18,Новая Рига,2026-06-24,medium,bike,08:00,22:00,08:00-22:00,1
182,Miss You,2026-06-24,medium,auto,09:00,23:00,09:00-23:00,1
2,Кудринская,2026-06-24,high,bike,07:00,18:00,07:00-24:00,1
2,Кудринская,2026-06-24,high,bike,07:00,24:00,07:00-24:00,2
20,Павлово,2026-06-24,medium,auto,08:00,18:00,08:00-22:00,1
20,Павлово,2026-06-24,medium,bike,08:00,22:00,08:00-22:00,1
21,Горки-2,2026-06-24,high,auto,08:00,21:00,08:00-23:00,2
21,Горки-2,2026-06-24,high,auto,08:00,23:00,08:00-23:00,1
21,Горки-2,2026-06-24,high,bike,08:00,23:00,08:00-23:00,1
222,Ирис Химки,2026-06-24,low,auto,06:00,12:00,06:00-23:59,1
25,Весна,2026-06-24,high,auto,08:00,16:00,08:00-24:00,1
25,Весна,2026-06-24,high,bike,08:00,18:00,08:00-24:00,1
25,Весна,2026-06-24,high,bike,08:00,24:00,08:00-24:00,1
26,Тверская,2026-06-24,medium,bike,08:00,18:00,08:00-23:00,1
26,Тверская,2026-06-24,medium,bike,08:00,23:00,08:00-23:00,1
27,4 Ветра,2026-06-24,medium,auto,08:00,23:00,08:00-23:30,1
28,Гранд,2026-06-24,medium,bike,08:00,18:00,08:00-23:00,1
29,Украинский,2026-06-24,mega,auto,07:00,16:00,07:00-23:00,3
29,Украинский,2026-06-24,mega,auto,07:00,21:00,07:00-23:00,3
29,Украинский,2026-06-24,mega,auto,07:00,23:00,07:00-23:00,1
29,Украинский,2026-06-24,mega,bike,07:00,18:00,07:00-23:00,1
29,Украинский,2026-06-24,mega,bike,07:00,23:00,07:00-23:00,1
30,Черёмушки,2026-06-24,mega,auto,08:00,16:00,08:00-24:00,1
30,Черёмушки,2026-06-24,mega,auto,08:00,21:00,08:00-24:00,1
30,Черёмушки,2026-06-24,mega,auto,08:00,24:00,08:00-24:00,1
30,Черёмушки,2026-06-24,mega,bike,08:00,18:00,08:00-24:00,1
30,Черёмушки,2026-06-24,mega,bike,08:00,24:00,08:00-24:00,1
301,Биродром и Панчетта Дежнева,2026-06-24,medium,auto,12:00,23:00,12:00-23:00,1
33,Даниловский,2026-06-24,high,auto,08:00,21:00,08:00-23:00,2
33,Даниловский,2026-06-24,high,bike,08:00,18:00,08:00-23:00,1
33,Даниловский,2026-06-24,high,bike,08:00,23:00,08:00-23:00,1
335,Кутузовский (Не использовать),2026-06-24,low,auto,00:00,06:00,00:00-24:00,2
335,Кутузовский (Не использовать),2026-06-24,low,bike,00:00,06:00,00:00-24:00,1
335,Кутузовский (Не использовать),2026-06-24,low,bike,00:00,24:00,00:00-24:00,1
34,Аркус,2026-06-24,medium,auto,08:00,24:00,08:00-24:00,1
34,Аркус,2026-06-24,medium,bike,08:00,18:00,08:00-24:00,1
348,Рига Холл,2026-06-24,medium,bike,09:00,22:00,09:00-22:00,1
35,Ленинский,2026-06-24,high,auto,08:00,21:00,08:00-23:00,2
35,Ленинский,2026-06-24,high,bike,08:00,16:00,08:00-23:00,1
35,Ленинский,2026-06-24,high,bike,08:00,23:00,08:00-23:00,1
36,Friends Forever Botanica,2026-06-24,medium,auto,08:00,23:00,08:00-23:00,1
37,БТ Усачева,2026-06-24,medium,bike,08:00,22:00,08:00-22:00,1
38,Нева,2026-06-24,medium,bike,08:00,23:00,08:00-23:00,1
39,Гребной,2026-06-24,mega,auto,08:00,21:00,08:00-23:00,2
39,Гребной,2026-06-24,mega,bike,08:00,21:00,08:00-23:00,1
39,Гребной,2026-06-24,mega,bike,08:00,23:00,08:00-23:00,1
4,Аврора,2026-06-24,high,auto,08:00,18:00,08:00-24:00,1
4,Аврора,2026-06-24,high,auto,08:00,24:00,08:00-24:00,1
4,Аврора,2026-06-24,high,bike,08:00,18:00,08:00-24:00,1
4,Аврора,2026-06-24,high,bike,08:00,21:00,08:00-24:00,1
4,Аврора,2026-06-24,high,bike,08:00,24:00,08:00-24:00,1
40,БТ Аркус,2026-06-24,medium,bike,09:00,19:00,09:00-19:00,1
434,Сколково,2026-06-24,medium,auto,08:00,22:00,08:00-22:00,1
434,Сколково,2026-06-24,medium,bike,08:00,22:00,08:00-22:00,1
46,БТ Павелецкая Плаза,2026-06-24,medium,bike,10:00,18:00,10:00-22:00,1
47,БТ Царская Площадь,2026-06-24,medium,bike,08:00,21:00,08:00-21:00,1
478,Сыроварня Метрополис,2026-06-24,medium,bike,11:00,22:00,10:30-22:30,1
479,Покровка,2026-06-24,medium,auto,00:00,06:00,00:00-24:00,1
479,Покровка,2026-06-24,medium,bike,00:00,24:00,00:00-24:00,1
5,Покровка (не использовать),2026-06-24,medium,auto,00:00,06:00,00:00-24:00,1
5,Покровка (не использовать),2026-06-24,medium,bike,00:00,24:00,00:00-24:00,1
51,БТ Новинский,2026-06-24,medium,bike,08:00,22:00,08:00-22:00,1
516,La Raquette by Pinskiy&Co,2026-06-24,low,auto,09:00,18:00,09:00-22:00,1
58,Печорин Тишинка,2026-06-24,medium,auto,09:00,18:00,09:00-21:00,1
59,Печорин Шаболовка,2026-06-24,medium,auto,09:00,18:00,09:00-21:00,1
6,Неглинная,2026-06-24,mega,auto,00:00,21:00,00:00-24:00,1
6,Неглинная,2026-06-24,mega,auto,00:00,24:00,00:00-24:00,1
6,Неглинная,2026-06-24,mega,bike,00:00,16:00,00:00-24:00,1
6,Неглинная,2026-06-24,mega,bike,00:00,24:00,00:00-24:00,2
69,Опен Мичуринский,2026-06-24,mega,auto,08:00,18:00,08:00-23:00,1
69,Опен Мичуринский,2026-06-24,mega,auto,08:00,21:00,08:00-23:00,1
69,Опен Мичуринский,2026-06-24,mega,auto,08:00,23:00,08:00-23:00,1
69,Опен Мичуринский,2026-06-24,mega,bike,08:00,21:00,08:00-23:00,2
69,Опен Мичуринский,2026-06-24,mega,bike,08:00,23:00,08:00-23:00,1
7,Белая Площадь,2026-06-24,mega,auto,00:00,16:00,00:00-24:00,1
7,Белая Площадь,2026-06-24,mega,auto,00:00,24:00,00:00-24:00,2
7,Белая Площадь,2026-06-24,mega,bike,00:00,18:00,00:00-24:00,1
7,Белая Площадь,2026-06-24,mega,bike,00:00,21:00,00:00-24:00,1
7,Белая Площадь,2026-06-24,mega,bike,00:00,24:00,00:00-24:00,1
72,КО Магадан,2026-06-24,medium,auto,12:00,23:00,12:00-23:59,1
8,Усачева,2026-06-24,mega,bike,08:00,16:00,07:30-23:30,1
8,Усачева,2026-06-24,mega,bike,08:00,18:00,07:30-23:30,1
8,Усачева,2026-06-24,mega,bike,08:00,21:00,07:30-23:30,1
8,Усачева,2026-06-24,mega,bike,08:00,23:00,07:30-23:30,1
9,КИНКИ,2026-06-24,high,auto,08:00,18:00,08:00-23:00,1
9,КИНКИ,2026-06-24,high,auto,08:00,23:00,08:00-23:00,1
9,КИНКИ,2026-06-24,high,bike,08:00,23:00,08:00-23:00,1
99,Опен Аркус,2026-06-24,mega,bike,07:00,16:00,07:00-23:00,1
99,Опен Аркус,2026-06-24,mega,bike,07:00,18:00,07:00-23:00,1
99,Опен Аркус,2026-06-24,mega,bike,07:00,21:00,07:00-23:00,1
99,Опен Аркус,2026-06-24,mega,bike,07:00,23:00,07:00-23:00,2
grp_102_125,Мясо&Рыба Тверская + Meraki,2026-06-24,medium,auto,00:00,23:00,00:00-23:59,1
grp_122_131,Косяк Тишинка + EVA Б.Грузинская,2026-06-24,medium,bike,08:00,23:00,08:00-23:59,1
grp_130_139,EVA Хамовники + Клёво Усачева,2026-06-24,medium,auto,09:00,23:00,09:00-23:59,1
grp_136_292,Ikura + Узбекистан,2026-06-24,medium,auto,12:00,23:00,12:00-23:00,1
grp_187_296,Биродром и Панчетта Народное ополчение + Клево Авиапарк,2026-06-24,medium,auto,10:00,23:00,10:00-23:00,1
grp_19_54,Conversation Никитская + Maroon,2026-06-24,medium,auto,08:00,24:00,08:00-24:00,2
grp_288_424,Биродром и Ив.Дурдинъ Мичуринский + Корнер Ланового,2026-06-24,medium,auto,11:00,23:00,11:00-23:00,1
grp_302_443,Ribambelle Шелепиха + Пинский доставка,2026-06-24,medium,auto,10:00,18:00,10:00-22:00,1
grp_62_140,Печорин Новочеремушкинская  + Клёво Черемушки,2026-06-24,medium,auto,09:00,23:00,09:00-23:00,1
grp_71_94,КО Medusa + КО Высота 5642,2026-06-24,medium,auto,12:00,23:00,12:00-23:59,1
grp_98_298,Печорин Угрешская + Ив. Дурдинъ Волгоградский,2026-06-24,medium,auto,08:00,23:00,08:00-23:00,1
1,Wall Street,2026-06-25,medium,bike,08:00,23:00,08:00-23:00,1
10,Якиманка,2026-06-25,medium,bike,08:00,18:00,08:00-23:30,1
10,Якиманка,2026-06-25,medium,bike,08:00,23:00,08:00-23:30,1
100,Колбасный Цех / Магадан,2026-06-25,medium,auto,10:00,18:00,10:00-22:00,1
101,Алия,2026-06-25,high,auto,08:00,21:00,08:00-23:00,2
101,Алия,2026-06-25,high,auto,08:00,23:00,08:00-23:00,1
101,Алия,2026-06-25,high,bike,08:00,18:00,08:00-23:00,1
11,Кутузовский,2026-06-25,medium,auto,00:00,07:00,00:00-07:00,4
11,Кутузовский,2026-06-25,medium,auto,23:00,24:00,23:00-24:00,2
114,Bluefin Скаковая,2026-06-25,low,auto,10:00,12:00,10:00-23:59,1
115,Опен Символ,2026-06-25,high,auto,07:00,18:00,07:00-23:00,1
115,Опен Символ,2026-06-25,high,auto,07:00,21:00,07:00-23:00,1
115,Опен Символ,2026-06-25,high,auto,07:00,23:00,07:00-23:00,1
115,Опен Символ,2026-06-25,high,bike,07:00,11:00,07:00-23:00,1
115,Опен Символ,2026-06-25,high,bike,07:00,21:00,07:00-23:00,1
116,Корнер Дмитровка,2026-06-25,medium,auto,12:00,23:00,12:00-23:00,1
119,Bluefin Успенское,2026-06-25,medium,bike,11:00,23:00,11:00-23:00,1
12,Хорошо,2026-06-25,high,auto,08:00,16:00,08:00-22:00,1
12,Хорошо,2026-06-25,high,auto,08:00,22:00,08:00-22:00,1
12,Хорошо,2026-06-25,high,bike,08:00,22:00,08:00-22:00,2
123,Опен Нева,2026-06-25,high,auto,08:00,18:00,08:00-23:00,1
123,Опен Нева,2026-06-25,high,bike,08:00,21:00,08:00-23:00,3
124,ЦБ AVA Bistro,2026-06-25,medium,auto,09:00,18:00,09:00-22:30,1
126,Опен Покровка,2026-06-25,high,bike,07:00,18:00,07:00-23:00,1
126,Опен Покровка,2026-06-25,high,bike,07:00,21:00,07:00-23:00,1
126,Опен Покровка,2026-06-25,high,bike,07:00,23:00,07:00-23:00,1
127,БТ Покровка,2026-06-25,medium,bike,07:00,23:00,07:00-23:00,1
128,Кофемания Лаки,2026-06-25,high,bike,08:00,21:00,08:00-24:00,1
128,Кофемания Лаки,2026-06-25,high,bike,08:00,24:00,08:00-24:00,1
137,БТ Мясницкая,2026-06-25,medium,bike,08:00,23:00,08:00-23:00,1
138,БТ Таганка,2026-06-25,medium,bike,08:00,18:00,08:00-23:00,1
14,Метрополис,2026-06-25,high,auto,09:00,16:00,09:00-23:00,2
14,Метрополис,2026-06-25,high,auto,09:00,21:00,09:00-23:00,1
14,Метрополис,2026-06-25,high,auto,09:00,23:00,09:00-23:00,1
14,Метрополис,2026-06-25,high,bike,09:00,21:00,09:00-23:00,1
142,RED7,2026-06-25,medium,bike,08:00,23:00,08:00-23:59,1
15,Комсомолка,2026-06-25,medium,auto,00:00,06:00,00:00-24:00,1
15,Комсомолка,2026-06-25,medium,bike,00:00,24:00,00:00-24:00,1
16,Мосфильм,2026-06-25,medium,bike,08:00,23:00,08:00-23:00,1
17,Внуково,2026-06-25,high,auto,08:00,22:00,08:00-22:00,2
17,Внуково,2026-06-25,high,bike,08:00,22:00,08:00-22:00,1
18,Новая Рига,2026-06-25,medium,auto,08:00,18:00,08:00-22:00,1
18,Новая Рига,2026-06-25,medium,auto,08:00,22:00,08:00-22:00,1
18,Новая Рига,2026-06-25,medium,bike,08:00,22:00,08:00-22:00,1
182,Miss You,2026-06-25,medium,auto,09:00,23:00,09:00-23:00,1
2,Кудринская,2026-06-25,high,bike,07:00,18:00,07:00-24:00,1
2,Кудринская,2026-06-25,high,bike,07:00,21:00,07:00-24:00,1
2,Кудринская,2026-06-25,high,bike,07:00,24:00,07:00-24:00,1
20,Павлово,2026-06-25,medium,auto,08:00,18:00,08:00-22:00,1
20,Павлово,2026-06-25,medium,bike,08:00,22:00,08:00-22:00,1
21,Горки-2,2026-06-25,high,auto,08:00,18:00,08:00-23:00,1
21,Горки-2,2026-06-25,high,auto,08:00,21:00,08:00-23:00,1
21,Горки-2,2026-06-25,high,auto,08:00,23:00,08:00-23:00,1
21,Горки-2,2026-06-25,high,bike,08:00,23:00,08:00-23:00,1
222,Ирис Химки,2026-06-25,low,auto,06:00,12:00,06:00-23:59,1
25,Весна,2026-06-25,high,auto,08:00,16:00,08:00-24:00,1
25,Весна,2026-06-25,high,bike,08:00,11:00,08:00-24:00,1
25,Весна,2026-06-25,high,bike,08:00,24:00,08:00-24:00,1
26,Тверская,2026-06-25,medium,bike,08:00,18:00,08:00-23:00,1
26,Тверская,2026-06-25,medium,bike,08:00,23:00,08:00-23:00,1
27,4 Ветра,2026-06-25,medium,auto,08:00,23:00,08:00-23:30,1
28,Гранд,2026-06-25,medium,bike,08:00,18:00,08:00-23:00,1
29,Украинский,2026-06-25,mega,auto,07:00,16:00,07:00-23:00,2
29,Украинский,2026-06-25,mega,auto,07:00,18:00,07:00-23:00,1
29,Украинский,2026-06-25,mega,auto,07:00,21:00,07:00-23:00,3
29,Украинский,2026-06-25,mega,auto,07:00,23:00,07:00-23:00,1
29,Украинский,2026-06-25,mega,bike,07:00,18:00,07:00-23:00,1
29,Украинский,2026-06-25,mega,bike,07:00,23:00,07:00-23:00,1
30,Черёмушки,2026-06-25,mega,auto,08:00,16:00,08:00-24:00,1
30,Черёмушки,2026-06-25,mega,auto,08:00,21:00,08:00-24:00,1
30,Черёмушки,2026-06-25,mega,auto,08:00,24:00,08:00-24:00,1
30,Черёмушки,2026-06-25,mega,bike,08:00,18:00,08:00-24:00,1
30,Черёмушки,2026-06-25,mega,bike,08:00,24:00,08:00-24:00,1
301,Биродром и Панчетта Дежнева,2026-06-25,medium,auto,12:00,23:00,12:00-23:00,1
301,Биродром и Панчетта Дежнева,2026-06-25,medium,bike,12:00,18:00,12:00-23:00,1
33,Даниловский,2026-06-25,high,auto,08:00,21:00,08:00-23:00,2
33,Даниловский,2026-06-25,high,bike,08:00,18:00,08:00-23:00,1
33,Даниловский,2026-06-25,high,bike,08:00,23:00,08:00-23:00,1
335,Кутузовский (Не использовать),2026-06-25,low,auto,00:00,06:00,00:00-24:00,2
335,Кутузовский (Не использовать),2026-06-25,low,bike,00:00,06:00,00:00-24:00,1
335,Кутузовский (Не использовать),2026-06-25,low,bike,00:00,24:00,00:00-24:00,1
34,Аркус,2026-06-25,medium,bike,08:00,24:00,08:00-24:00,1
348,Рига Холл,2026-06-25,medium,bike,09:00,22:00,09:00-22:00,1
35,Ленинский,2026-06-25,high,auto,08:00,21:00,08:00-23:00,2
35,Ленинский,2026-06-25,high,bike,08:00,16:00,08:00-23:00,1
35,Ленинский,2026-06-25,high,bike,08:00,23:00,08:00-23:00,1
36,Friends Forever Botanica,2026-06-25,medium,auto,08:00,12:00,08:00-23:00,1
37,БТ Усачева,2026-06-25,medium,bike,08:00,22:00,08:00-22:00,1
38,Нева,2026-06-25,medium,bike,08:00,23:00,08:00-23:00,1
39,Гребной,2026-06-25,mega,auto,08:00,16:00,08:00-23:00,1
39,Гребной,2026-06-25,mega,auto,08:00,21:00,08:00-23:00,2
39,Гребной,2026-06-25,mega,bike,08:00,18:00,08:00-23:00,1
39,Гребной,2026-06-25,mega,bike,08:00,23:00,08:00-23:00,1
4,Аврора,2026-06-25,high,auto,08:00,21:00,08:00-24:00,1
4,Аврора,2026-06-25,high,auto,08:00,24:00,08:00-24:00,1
4,Аврора,2026-06-25,high,bike,08:00,18:00,08:00-24:00,1
4,Аврора,2026-06-25,high,bike,08:00,21:00,08:00-24:00,1
4,Аврора,2026-06-25,high,bike,08:00,24:00,08:00-24:00,1
40,БТ Аркус,2026-06-25,medium,bike,09:00,19:00,09:00-19:00,1
434,Сколково,2026-06-25,medium,auto,08:00,22:00,08:00-22:00,1
434,Сколково,2026-06-25,medium,bike,08:00,22:00,08:00-22:00,1
46,БТ Павелецкая Плаза,2026-06-25,medium,bike,10:00,18:00,10:00-22:00,1
47,БТ Царская Площадь,2026-06-25,medium,bike,08:00,21:00,08:00-21:00,1
478,Сыроварня Метрополис,2026-06-25,medium,bike,11:00,22:00,10:30-22:30,1
479,Покровка,2026-06-25,medium,auto,00:00,06:00,00:00-24:00,1
479,Покровка,2026-06-25,medium,bike,00:00,24:00,00:00-24:00,1
5,Покровка (не использовать),2026-06-25,medium,auto,00:00,06:00,00:00-24:00,1
5,Покровка (не использовать),2026-06-25,medium,bike,00:00,24:00,00:00-24:00,1
51,БТ Новинский,2026-06-25,medium,bike,08:00,22:00,08:00-22:00,1
516,La Raquette by Pinskiy&Co,2026-06-25,low,auto,09:00,18:00,09:00-22:00,1
58,Печорин Тишинка,2026-06-25,medium,auto,09:00,18:00,09:00-21:00,1
59,Печорин Шаболовка,2026-06-25,medium,auto,09:00,18:00,09:00-21:00,1
6,Неглинная,2026-06-25,mega,auto,00:00,21:00,00:00-24:00,1
6,Неглинная,2026-06-25,mega,auto,00:00,24:00,00:00-24:00,1
6,Неглинная,2026-06-25,mega,bike,00:00,18:00,00:00-24:00,1
6,Неглинная,2026-06-25,mega,bike,00:00,24:00,00:00-24:00,2
69,Опен Мичуринский,2026-06-25,mega,auto,08:00,18:00,08:00-23:00,1
69,Опен Мичуринский,2026-06-25,mega,auto,08:00,21:00,08:00-23:00,1
69,Опен Мичуринский,2026-06-25,mega,auto,08:00,23:00,08:00-23:00,1
69,Опен Мичуринский,2026-06-25,mega,bike,08:00,21:00,08:00-23:00,2
69,Опен Мичуринский,2026-06-25,mega,bike,08:00,23:00,08:00-23:00,1
7,Белая Площадь,2026-06-25,mega,auto,00:00,16:00,00:00-24:00,1
7,Белая Площадь,2026-06-25,mega,auto,00:00,24:00,00:00-24:00,2
7,Белая Площадь,2026-06-25,mega,bike,00:00,21:00,00:00-24:00,1
7,Белая Площадь,2026-06-25,mega,bike,00:00,24:00,00:00-24:00,1
72,КО Магадан,2026-06-25,medium,auto,12:00,23:00,12:00-23:59,1
8,Усачева,2026-06-25,mega,bike,08:00,16:00,07:30-23:30,1
8,Усачева,2026-06-25,mega,bike,08:00,18:00,07:30-23:30,1
8,Усачева,2026-06-25,mega,bike,08:00,21:00,07:30-23:30,1
8,Усачева,2026-06-25,mega,bike,08:00,23:00,07:30-23:30,1
9,КИНКИ,2026-06-25,high,auto,08:00,24:00,08:00-24:00,1
9,КИНКИ,2026-06-25,high,bike,08:00,24:00,08:00-24:00,1
99,Опен Аркус,2026-06-25,mega,bike,07:00,16:00,07:00-23:00,1
99,Опен Аркус,2026-06-25,mega,bike,07:00,18:00,07:00-23:00,1
99,Опен Аркус,2026-06-25,mega,bike,07:00,21:00,07:00-23:00,1
99,Опен Аркус,2026-06-25,mega,bike,07:00,23:00,07:00-23:00,2
grp_102_125,Мясо&Рыба Тверская + Meraki,2026-06-25,medium,auto,00:00,23:00,00:00-23:59,1
grp_122_131,Косяк Тишинка + EVA Б.Грузинская,2026-06-25,medium,bike,08:00,18:00,08:00-23:59,1
grp_130_139,EVA Хамовники + Клёво Усачева,2026-06-25,medium,auto,09:00,23:00,09:00-23:59,1
grp_136_292,Ikura + Узбекистан,2026-06-25,medium,auto,12:00,23:00,12:00-23:00,1
grp_187_296,Биродром и Панчетта Народное ополчение + Клево Авиапарк,2026-06-25,medium,auto,10:00,23:00,10:00-23:00,1
grp_19_54,Conversation Никитская + Maroon,2026-06-25,medium,auto,08:00,24:00,08:00-24:00,2
grp_288_424,Биродром и Ив.Дурдинъ Мичуринский + Корнер Ланового,2026-06-25,medium,auto,11:00,23:00,11:00-23:00,1
grp_302_443,Ribambelle Шелепиха + Пинский доставка,2026-06-25,medium,auto,10:00,22:00,10:00-22:00,1
grp_62_140,Печорин Новочеремушкинская  + Клёво Черемушки,2026-06-25,medium,auto,09:00,23:00,09:00-23:00,1
grp_71_94,КО Medusa + КО Высота 5642,2026-06-25,medium,auto,12:00,23:00,12:00-23:59,1
grp_98_298,Печорин Угрешская + Ив. Дурдинъ Волгоградский,2026-06-25,medium,auto,08:00,23:00,08:00-23:00,1
grp_98_298,Печорин Угрешская + Ив. Дурдинъ Волгоградский,2026-06-25,medium,bike,08:00,18:00,08:00-23:00,1
1,Wall Street,2026-06-26,medium,bike,08:00,23:00,08:00-23:00,1
10,Якиманка,2026-06-26,medium,bike,08:00,18:00,08:00-23:30,1
10,Якиманка,2026-06-26,medium,bike,08:00,23:00,08:00-23:30,1
100,Колбасный Цех / Магадан,2026-06-26,medium,auto,10:00,23:00,10:00-23:00,1
101,Алия,2026-06-26,high,auto,08:00,16:00,08:00-23:00,1
101,Алия,2026-06-26,high,auto,08:00,21:00,08:00-23:00,1
101,Алия,2026-06-26,high,auto,08:00,23:00,08:00-23:00,1
101,Алия,2026-06-26,high,bike,08:00,21:00,08:00-23:00,1
11,Кутузовский,2026-06-26,medium,auto,00:00,07:00,00:00-07:00,4
11,Кутузовский,2026-06-26,medium,auto,23:00,24:00,23:00-24:00,2
114,Bluefin Скаковая,2026-06-26,low,auto,10:00,12:00,10:00-23:59,1
115,Опен Символ,2026-06-26,high,auto,07:00,18:00,07:00-23:00,1
115,Опен Символ,2026-06-26,high,auto,07:00,21:00,07:00-23:00,1
115,Опен Символ,2026-06-26,high,auto,07:00,23:00,07:00-23:00,1
115,Опен Символ,2026-06-26,high,bike,07:00,16:00,07:00-23:00,1
115,Опен Символ,2026-06-26,high,bike,07:00,21:00,07:00-23:00,1
116,Корнер Дмитровка,2026-06-26,medium,auto,12:00,23:00,12:00-23:00,1
119,Bluefin Успенское,2026-06-26,medium,bike,11:00,23:00,11:00-23:00,1
12,Хорошо,2026-06-26,high,auto,08:00,16:00,08:00-22:00,1
12,Хорошо,2026-06-26,high,auto,08:00,22:00,08:00-22:00,1
12,Хорошо,2026-06-26,high,bike,08:00,22:00,08:00-22:00,2
121,Косяк Новая Рига,2026-06-26,medium,auto,10:00,18:00,10:00-22:00,1
123,Опен Нева,2026-06-26,high,auto,08:00,18:00,08:00-23:00,1
123,Опен Нева,2026-06-26,high,bike,08:00,21:00,08:00-23:00,3
124,ЦБ AVA Bistro,2026-06-26,medium,auto,09:00,18:00,09:00-22:30,1
126,Опен Покровка,2026-06-26,high,bike,07:00,16:00,07:00-23:00,1
126,Опен Покровка,2026-06-26,high,bike,07:00,21:00,07:00-23:00,1
126,Опен Покровка,2026-06-26,high,bike,07:00,23:00,07:00-23:00,1
127,БТ Покровка,2026-06-26,medium,bike,07:00,23:00,07:00-23:00,1
128,Кофемания Лаки,2026-06-26,high,bike,08:00,16:00,08:00-24:00,1
128,Кофемания Лаки,2026-06-26,high,bike,08:00,21:00,08:00-24:00,1
128,Кофемания Лаки,2026-06-26,high,bike,08:00,24:00,08:00-24:00,1
137,БТ Мясницкая,2026-06-26,medium,bike,08:00,23:00,08:00-23:59,1
138,БТ Таганка,2026-06-26,medium,bike,08:00,23:00,08:00-23:00,1
14,Метрополис,2026-06-26,high,auto,09:00,16:00,09:00-23:00,2
14,Метрополис,2026-06-26,high,auto,09:00,21:00,09:00-23:00,1
14,Метрополис,2026-06-26,high,auto,09:00,23:00,09:00-23:00,1
14,Метрополис,2026-06-26,high,bike,09:00,21:00,09:00-23:00,1
142,RED7,2026-06-26,medium,bike,08:00,23:00,08:00-23:59,1
15,Комсомолка,2026-06-26,medium,auto,00:00,06:00,00:00-24:00,1
15,Комсомолка,2026-06-26,medium,bike,00:00,24:00,00:00-24:00,1
16,Мосфильм,2026-06-26,medium,bike,08:00,23:00,08:00-23:00,1
17,Внуково,2026-06-26,high,auto,08:00,22:00,08:00-22:00,2
17,Внуково,2026-06-26,high,bike,08:00,22:00,08:00-22:00,1
18,Новая Рига,2026-06-26,medium,auto,08:00,18:00,08:00-22:00,2
18,Новая Рига,2026-06-26,medium,bike,08:00,22:00,08:00-22:00,1
182,Miss You,2026-06-26,medium,auto,09:00,23:00,09:00-23:00,1
2,Кудринская,2026-06-26,high,bike,07:00,18:00,07:00-24:00,1
2,Кудринская,2026-06-26,high,bike,07:00,21:00,07:00-24:00,1
2,Кудринская,2026-06-26,high,bike,07:00,24:00,07:00-24:00,1
20,Павлово,2026-06-26,medium,auto,08:00,18:00,08:00-22:00,1
20,Павлово,2026-06-26,medium,bike,08:00,22:00,08:00-22:00,1
21,Горки-2,2026-06-26,high,auto,08:00,16:00,08:00-23:00,1
21,Горки-2,2026-06-26,high,auto,08:00,21:00,08:00-23:00,1
21,Горки-2,2026-06-26,high,auto,08:00,23:00,08:00-23:00,1
21,Горки-2,2026-06-26,high,bike,08:00,23:00,08:00-23:00,1
222,Ирис Химки,2026-06-26,low,auto,06:00,12:00,06:00-23:59,1
25,Весна,2026-06-26,high,auto,08:00,16:00,08:00-24:00,1
25,Весна,2026-06-26,high,bike,08:00,11:00,08:00-24:00,1
25,Весна,2026-06-26,high,bike,08:00,24:00,08:00-24:00,1
26,Тверская,2026-06-26,medium,bike,08:00,18:00,08:00-23:00,1
26,Тверская,2026-06-26,medium,bike,08:00,23:00,08:00-23:00,1
27,4 Ветра,2026-06-26,medium,auto,08:00,23:00,08:00-23:30,1
28,Гранд,2026-06-26,medium,bike,08:00,18:00,08:00-23:00,1
29,Украинский,2026-06-26,mega,auto,07:00,16:00,07:00-23:00,3
29,Украинский,2026-06-26,mega,auto,07:00,21:00,07:00-23:00,3
29,Украинский,2026-06-26,mega,auto,07:00,23:00,07:00-23:00,1
29,Украинский,2026-06-26,mega,bike,07:00,18:00,07:00-23:00,1
29,Украинский,2026-06-26,mega,bike,07:00,23:00,07:00-23:00,1
30,Черёмушки,2026-06-26,mega,auto,08:00,16:00,08:00-24:00,1
30,Черёмушки,2026-06-26,mega,auto,08:00,21:00,08:00-24:00,1
30,Черёмушки,2026-06-26,mega,auto,08:00,24:00,08:00-24:00,1
30,Черёмушки,2026-06-26,mega,bike,08:00,18:00,08:00-24:00,1
30,Черёмушки,2026-06-26,mega,bike,08:00,24:00,08:00-24:00,1
301,Биродром и Панчетта Дежнева,2026-06-26,medium,bike,12:00,23:00,12:00-23:00,1
33,Даниловский,2026-06-26,high,auto,08:00,21:00,08:00-23:00,2
33,Даниловский,2026-06-26,high,bike,08:00,18:00,08:00-23:00,1
33,Даниловский,2026-06-26,high,bike,08:00,23:00,08:00-23:00,1
335,Кутузовский (Не использовать),2026-06-26,low,auto,00:00,06:00,00:00-24:00,2
335,Кутузовский (Не использовать),2026-06-26,low,bike,00:00,06:00,00:00-24:00,1
335,Кутузовский (Не использовать),2026-06-26,low,bike,00:00,24:00,00:00-24:00,1
34,Аркус,2026-06-26,medium,bike,08:00,24:00,08:00-24:00,1
348,Рига Холл,2026-06-26,medium,bike,09:00,22:00,09:00-22:00,1
35,Ленинский,2026-06-26,high,auto,08:00,21:00,08:00-23:00,2
35,Ленинский,2026-06-26,high,bike,08:00,18:00,08:00-23:00,1
35,Ленинский,2026-06-26,high,bike,08:00,23:00,08:00-23:00,1
37,БТ Усачева,2026-06-26,medium,bike,08:00,22:00,08:00-22:00,1
38,Нева,2026-06-26,medium,auto,08:00,18:00,08:00-23:00,1
38,Нева,2026-06-26,medium,bike,08:00,23:00,08:00-23:00,1
39,Гребной,2026-06-26,mega,auto,08:00,16:00,08:00-23:00,1
39,Гребной,2026-06-26,mega,auto,08:00,21:00,08:00-23:00,2
39,Гребной,2026-06-26,mega,bike,08:00,21:00,08:00-23:00,1
39,Гребной,2026-06-26,mega,bike,08:00,23:00,08:00-23:00,1
4,Аврора,2026-06-26,high,auto,08:00,21:00,08:00-24:00,1
4,Аврора,2026-06-26,high,auto,08:00,24:00,08:00-24:00,1
4,Аврора,2026-06-26,high,bike,08:00,16:00,08:00-24:00,1
4,Аврора,2026-06-26,high,bike,08:00,21:00,08:00-24:00,1
4,Аврора,2026-06-26,high,bike,08:00,24:00,08:00-24:00,1
40,БТ Аркус,2026-06-26,medium,bike,09:00,19:00,09:00-19:00,1
434,Сколково,2026-06-26,medium,auto,08:00,18:00,08:00-22:00,1
434,Сколково,2026-06-26,medium,bike,08:00,22:00,08:00-22:00,1
46,БТ Павелецкая Плаза,2026-06-26,medium,bike,10:00,18:00,10:00-22:00,1
47,БТ Царская Площадь,2026-06-26,medium,bike,08:00,21:00,08:00-21:00,1
478,Сыроварня Метрополис,2026-06-26,medium,bike,11:00,22:00,10:30-22:30,1
479,Покровка,2026-06-26,medium,auto,00:00,06:00,00:00-24:00,1
479,Покровка,2026-06-26,medium,bike,00:00,24:00,00:00-24:00,1
5,Покровка (не использовать),2026-06-26,medium,auto,00:00,06:00,00:00-24:00,1
5,Покровка (не использовать),2026-06-26,medium,bike,00:00,24:00,00:00-24:00,1
51,БТ Новинский,2026-06-26,medium,bike,08:00,22:00,08:00-22:00,1
516,La Raquette by Pinskiy&Co,2026-06-26,low,auto,09:00,18:00,09:00-22:00,1
58,Печорин Тишинка,2026-06-26,medium,auto,09:00,21:00,09:00-21:00,1
59,Печорин Шаболовка,2026-06-26,medium,auto,09:00,18:00,09:00-21:00,1
6,Неглинная,2026-06-26,mega,auto,00:00,21:00,00:00-24:00,1
6,Неглинная,2026-06-26,mega,auto,00:00,24:00,00:00-24:00,1
6,Неглинная,2026-06-26,mega,bike,00:00,16:00,00:00-24:00,1
6,Неглинная,2026-06-26,mega,bike,00:00,21:00,00:00-24:00,1
6,Неглинная,2026-06-26,mega,bike,00:00,24:00,00:00-24:00,1
69,Опен Мичуринский,2026-06-26,mega,auto,08:00,18:00,08:00-23:00,1
69,Опен Мичуринский,2026-06-26,mega,auto,08:00,21:00,08:00-23:00,1
69,Опен Мичуринский,2026-06-26,mega,auto,08:00,23:00,08:00-23:00,1
69,Опен Мичуринский,2026-06-26,mega,bike,08:00,21:00,08:00-23:00,2
69,Опен Мичуринский,2026-06-26,mega,bike,08:00,23:00,08:00-23:00,1
7,Белая Площадь,2026-06-26,mega,auto,00:00,21:00,00:00-24:00,1
7,Белая Площадь,2026-06-26,mega,auto,00:00,24:00,00:00-24:00,2
7,Белая Площадь,2026-06-26,mega,bike,00:00,21:00,00:00-24:00,1
7,Белая Площадь,2026-06-26,mega,bike,00:00,24:00,00:00-24:00,1
72,КО Магадан,2026-06-26,medium,auto,12:00,24:00,12:00-24:00,1
8,Усачева,2026-06-26,mega,bike,08:00,16:00,07:30-23:30,1
8,Усачева,2026-06-26,mega,bike,08:00,18:00,07:30-23:30,1
8,Усачева,2026-06-26,mega,bike,08:00,21:00,07:30-23:30,1
8,Усачева,2026-06-26,mega,bike,08:00,23:00,07:30-23:30,1
9,КИНКИ,2026-06-26,high,auto,08:00,21:00,08:00-24:00,1
9,КИНКИ,2026-06-26,high,auto,08:00,24:00,08:00-24:00,1
9,КИНКИ,2026-06-26,high,bike,08:00,24:00,08:00-24:00,1
99,Опен Аркус,2026-06-26,mega,bike,07:00,16:00,07:00-23:00,1
99,Опен Аркус,2026-06-26,mega,bike,07:00,18:00,07:00-23:00,1
99,Опен Аркус,2026-06-26,mega,bike,07:00,21:00,07:00-23:00,1
99,Опен Аркус,2026-06-26,mega,bike,07:00,23:00,07:00-23:00,2
grp_102_125,Мясо&Рыба Тверская + Meraki,2026-06-26,medium,auto,00:00,23:00,00:00-23:59,1
grp_122_131,Косяк Тишинка + EVA Б.Грузинская,2026-06-26,medium,bike,08:00,23:00,08:00-23:59,1
grp_130_139,EVA Хамовники + Клёво Усачева,2026-06-26,medium,auto,09:00,23:00,09:00-23:59,1
grp_136_292,Ikura + Узбекистан,2026-06-26,medium,auto,12:00,23:00,12:00-23:00,1
grp_187_296,Биродром и Панчетта Народное ополчение + Клево Авиапарк,2026-06-26,medium,auto,10:00,23:00,10:00-23:00,1
grp_19_54,Conversation Никитская + Maroon,2026-06-26,medium,auto,08:00,24:00,08:00-24:00,2
grp_288_424,Биродром и Ив.Дурдинъ Мичуринский + Корнер Ланового,2026-06-26,medium,auto,11:00,23:00,11:00-23:00,1
grp_302_443,Ribambelle Шелепиха + Пинский доставка,2026-06-26,medium,auto,10:00,18:00,10:00-22:00,1
grp_62_140,Печорин Новочеремушкинская  + Клёво Черемушки,2026-06-26,medium,auto,09:00,23:00,09:00-23:00,1
grp_71_94,КО Medusa + КО Высота 5642,2026-06-26,medium,auto,12:00,23:00,12:00-23:59,1
grp_98_298,Печорин Угрешская + Ив. Дурдинъ Волгоградский,2026-06-26,medium,auto,08:00,23:00,08:00-23:00,1
grp_98_298,Печорин Угрешская + Ив. Дурдинъ Волгоградский,2026-06-26,medium,bike,08:00,18:00,08:00-23:00,1
1,Wall Street,2026-06-27,medium,bike,09:00,23:00,09:00-23:00,1
10,Якиманка,2026-06-27,medium,bike,08:00,23:00,08:00-23:30,1
100,Колбасный Цех / Магадан,2026-06-27,medium,auto,10:00,18:00,10:00-23:00,1
101,Алия,2026-06-27,high,auto,08:00,18:00,08:00-23:00,1
101,Алия,2026-06-27,high,auto,08:00,21:00,08:00-23:00,1
101,Алия,2026-06-27,high,auto,08:00,23:00,08:00-23:00,1
101,Алия,2026-06-27,high,bike,08:00,16:00,08:00-23:00,1
11,Кутузовский,2026-06-27,medium,auto,00:00,07:00,00:00-07:00,5
11,Кутузовский,2026-06-27,medium,auto,23:00,24:00,23:00-24:00,1
114,Bluefin Скаковая,2026-06-27,low,auto,10:00,12:00,10:00-23:59,1
115,Опен Символ,2026-06-27,high,auto,07:00,21:00,07:00-23:00,1
115,Опен Символ,2026-06-27,high,auto,07:00,23:00,07:00-23:00,1
115,Опен Символ,2026-06-27,high,bike,07:00,11:00,07:00-23:00,1
115,Опен Символ,2026-06-27,high,bike,07:00,21:00,07:00-23:00,1
116,Корнер Дмитровка,2026-06-27,medium,auto,12:00,23:00,12:00-23:00,1
119,Bluefin Успенское,2026-06-27,medium,bike,11:00,23:00,11:00-23:00,1
12,Хорошо,2026-06-27,high,auto,09:00,22:00,09:00-22:00,1
12,Хорошо,2026-06-27,high,bike,09:00,18:00,09:00-22:00,1
12,Хорошо,2026-06-27,high,bike,09:00,22:00,09:00-22:00,1
123,Опен Нева,2026-06-27,high,auto,08:00,18:00,08:00-23:00,1
123,Опен Нева,2026-06-27,high,bike,08:00,21:00,08:00-23:00,2
124,ЦБ AVA Bistro,2026-06-27,medium,auto,09:00,18:00,09:00-22:30,1
126,Опен Покровка,2026-06-27,high,bike,07:00,11:00,07:00-23:00,1
126,Опен Покровка,2026-06-27,high,bike,07:00,21:00,07:00-23:00,1
126,Опен Покровка,2026-06-27,high,bike,07:00,23:00,07:00-23:00,1
127,БТ Покровка,2026-06-27,medium,bike,07:00,23:00,07:00-23:00,1
128,Кофемания Лаки,2026-06-27,high,bike,08:00,18:00,08:00-24:00,1
128,Кофемания Лаки,2026-06-27,high,bike,08:00,24:00,08:00-24:00,1
137,БТ Мясницкая,2026-06-27,medium,bike,08:00,18:00,08:00-23:59,1
138,БТ Таганка,2026-06-27,medium,bike,08:00,18:00,08:00-23:00,1
14,Метрополис,2026-06-27,high,auto,09:00,11:00,09:00-23:00,1
14,Метрополис,2026-06-27,high,auto,09:00,16:00,09:00-23:00,1
14,Метрополис,2026-06-27,high,auto,09:00,18:00,09:00-23:00,1
14,Метрополис,2026-06-27,high,auto,09:00,23:00,09:00-23:00,1
14,Метрополис,2026-06-27,high,bike,09:00,21:00,09:00-23:00,1
142,RED7,2026-06-27,medium,bike,08:00,23:00,08:00-23:59,1
15,Комсомолка,2026-06-27,medium,auto,00:00,06:00,00:00-24:00,1
15,Комсомолка,2026-06-27,medium,bike,00:00,24:00,00:00-24:00,1
16,Мосфильм,2026-06-27,medium,bike,08:00,23:00,08:00-23:00,1
17,Внуково,2026-06-27,high,auto,08:00,11:00,08:00-22:00,1
17,Внуково,2026-06-27,high,auto,08:00,22:00,08:00-22:00,2
17,Внуково,2026-06-27,high,bike,08:00,22:00,08:00-22:00,1
18,Новая Рига,2026-06-27,medium,auto,08:00,18:00,08:00-22:00,2
18,Новая Рига,2026-06-27,medium,bike,08:00,22:00,08:00-22:00,1
182,Miss You,2026-06-27,medium,auto,09:00,23:00,09:00-23:00,1
2,Кудринская,2026-06-27,high,bike,07:00,21:00,07:00-24:00,1
2,Кудринская,2026-06-27,high,bike,07:00,24:00,07:00-24:00,1
20,Павлово,2026-06-27,medium,auto,09:00,18:00,09:00-22:00,1
20,Павлово,2026-06-27,medium,bike,09:00,22:00,09:00-22:00,1
21,Горки-2,2026-06-27,high,auto,08:00,18:00,08:00-23:00,1
21,Горки-2,2026-06-27,high,auto,08:00,21:00,08:00-23:00,1
21,Горки-2,2026-06-27,high,auto,08:00,23:00,08:00-23:00,1
21,Горки-2,2026-06-27,high,bike,08:00,23:00,08:00-23:00,1
222,Ирис Химки,2026-06-27,low,auto,06:00,12:00,06:00-23:59,1
25,Весна,2026-06-27,high,auto,08:00,16:00,08:00-24:00,1
25,Весна,2026-06-27,high,bike,08:00,11:00,08:00-24:00,1
25,Весна,2026-06-27,high,bike,08:00,24:00,08:00-24:00,1
26,Тверская,2026-06-27,medium,bike,08:00,23:00,08:00-23:00,1
27,4 Ветра,2026-06-27,medium,auto,08:00,23:00,08:00-23:30,1
28,Гранд,2026-06-27,medium,bike,10:00,18:00,10:00-23:00,1
29,Украинский,2026-06-27,mega,auto,07:00,16:00,07:00-23:00,4
29,Украинский,2026-06-27,mega,auto,07:00,21:00,07:00-23:00,2
29,Украинский,2026-06-27,mega,auto,07:00,23:00,07:00-23:00,1
29,Украинский,2026-06-27,mega,bike,07:00,18:00,07:00-23:00,1
29,Украинский,2026-06-27,mega,bike,07:00,23:00,07:00-23:00,1
30,Черёмушки,2026-06-27,mega,auto,08:00,21:00,08:00-24:00,1
30,Черёмушки,2026-06-27,mega,auto,08:00,24:00,08:00-24:00,1
30,Черёмушки,2026-06-27,mega,bike,08:00,18:00,08:00-24:00,1
30,Черёмушки,2026-06-27,mega,bike,08:00,24:00,08:00-24:00,1
301,Биродром и Панчетта Дежнева,2026-06-27,medium,bike,12:00,23:00,12:00-23:00,1
33,Даниловский,2026-06-27,high,auto,08:00,21:00,08:00-23:00,2
33,Даниловский,2026-06-27,high,bike,08:00,16:00,08:00-23:00,1
33,Даниловский,2026-06-27,high,bike,08:00,23:00,08:00-23:00,1
335,Кутузовский (Не использовать),2026-06-27,low,auto,00:00,06:00,00:00-24:00,1
335,Кутузовский (Не использовать),2026-06-27,low,auto,00:00,24:00,00:00-24:00,1
335,Кутузовский (Не использовать),2026-06-27,low,bike,00:00,12:00,00:00-24:00,1
34,Аркус,2026-06-27,medium,auto,08:00,24:00,08:00-24:00,1
34,Аркус,2026-06-27,medium,bike,08:00,12:00,08:00-24:00,1
348,Рига Холл,2026-06-27,medium,bike,09:00,22:00,09:00-22:00,1
35,Ленинский,2026-06-27,high,auto,08:00,21:00,08:00-23:00,2
35,Ленинский,2026-06-27,high,bike,08:00,16:00,08:00-23:00,1
35,Ленинский,2026-06-27,high,bike,08:00,23:00,08:00-23:00,1
36,Friends Forever Botanica,2026-06-27,medium,auto,08:00,23:00,08:00-23:00,1
37,БТ Усачева,2026-06-27,medium,bike,08:00,22:00,08:00-22:00,1
38,Нева,2026-06-27,medium,bike,08:00,23:00,08:00-23:00,1
39,Гребной,2026-06-27,mega,auto,08:00,11:00,08:00-23:00,1
39,Гребной,2026-06-27,mega,auto,08:00,21:00,08:00-23:00,2
39,Гребной,2026-06-27,mega,bike,08:00,16:00,08:00-23:00,1
39,Гребной,2026-06-27,mega,bike,08:00,23:00,08:00-23:00,1
4,Аврора,2026-06-27,high,auto,10:00,18:00,10:00-24:00,1
4,Аврора,2026-06-27,high,auto,10:00,24:00,10:00-24:00,1
4,Аврора,2026-06-27,high,bike,10:00,16:00,10:00-24:00,1
4,Аврора,2026-06-27,high,bike,10:00,21:00,10:00-24:00,1
4,Аврора,2026-06-27,high,bike,10:00,24:00,10:00-24:00,1
40,БТ Аркус,2026-06-27,medium,bike,09:00,19:00,09:00-19:00,1
434,Сколково,2026-06-27,medium,auto,08:00,22:00,08:00-22:00,1
434,Сколково,2026-06-27,medium,bike,08:00,22:00,08:00-22:00,1
46,БТ Павелецкая Плаза,2026-06-27,medium,bike,10:00,18:00,10:00-22:00,1
47,БТ Царская Площадь,2026-06-27,medium,bike,08:00,21:00,08:00-21:00,1
478,Сыроварня Метрополис,2026-06-27,medium,bike,11:00,22:00,10:30-22:30,1
479,Покровка,2026-06-27,medium,auto,00:00,06:00,00:00-24:00,1
479,Покровка,2026-06-27,medium,bike,00:00,24:00,00:00-24:00,1
5,Покровка (не использовать),2026-06-27,medium,auto,00:00,06:00,00:00-24:00,1
5,Покровка (не использовать),2026-06-27,medium,bike,00:00,24:00,00:00-24:00,1
51,БТ Новинский,2026-06-27,medium,bike,08:00,22:00,08:00-22:00,1
516,La Raquette by Pinskiy&Co,2026-06-27,low,auto,09:00,18:00,09:00-22:00,1
58,Печорин Тишинка,2026-06-27,medium,auto,09:00,21:00,09:00-21:00,1
59,Печорин Шаболовка,2026-06-27,medium,auto,09:00,18:00,09:00-21:00,1
6,Неглинная,2026-06-27,mega,auto,00:00,11:00,00:00-24:00,1
6,Неглинная,2026-06-27,mega,auto,00:00,24:00,00:00-24:00,1
6,Неглинная,2026-06-27,mega,bike,00:00,21:00,00:00-24:00,1
6,Неглинная,2026-06-27,mega,bike,00:00,24:00,00:00-24:00,1
69,Опен Мичуринский,2026-06-27,mega,auto,08:00,16:00,08:00-23:00,1
69,Опен Мичуринский,2026-06-27,mega,auto,08:00,21:00,08:00-23:00,1
69,Опен Мичуринский,2026-06-27,mega,auto,08:00,23:00,08:00-23:00,1
69,Опен Мичуринский,2026-06-27,mega,bike,08:00,16:00,08:00-23:00,1
69,Опен Мичуринский,2026-06-27,mega,bike,08:00,18:00,08:00-23:00,1
69,Опен Мичуринский,2026-06-27,mega,bike,08:00,21:00,08:00-23:00,1
69,Опен Мичуринский,2026-06-27,mega,bike,08:00,23:00,08:00-23:00,1
7,Белая Площадь,2026-06-27,mega,auto,00:00,11:00,00:00-24:00,1
7,Белая Площадь,2026-06-27,mega,auto,00:00,21:00,00:00-24:00,1
7,Белая Площадь,2026-06-27,mega,auto,00:00,24:00,00:00-24:00,1
7,Белая Площадь,2026-06-27,mega,bike,00:00,18:00,00:00-24:00,1
7,Белая Площадь,2026-06-27,mega,bike,00:00,24:00,00:00-24:00,1
72,КО Магадан,2026-06-27,medium,auto,12:00,24:00,12:00-24:00,1
8,Усачева,2026-06-27,mega,bike,08:00,11:00,07:30-23:30,1
8,Усачева,2026-06-27,mega,bike,08:00,16:00,07:30-23:30,1
8,Усачева,2026-06-27,mega,bike,08:00,21:00,07:30-23:30,1
8,Усачева,2026-06-27,mega,bike,08:00,23:00,07:30-23:30,1
9,КИНКИ,2026-06-27,high,auto,08:00,21:00,08:00-24:00,1
9,КИНКИ,2026-06-27,high,auto,08:00,24:00,08:00-24:00,1
9,КИНКИ,2026-06-27,high,bike,08:00,24:00,08:00-24:00,1
99,Опен Аркус,2026-06-27,mega,bike,07:00,11:00,07:00-23:00,1
99,Опен Аркус,2026-06-27,mega,bike,07:00,16:00,07:00-23:00,1
99,Опен Аркус,2026-06-27,mega,bike,07:00,18:00,07:00-23:00,1
99,Опен Аркус,2026-06-27,mega,bike,07:00,21:00,07:00-23:00,1
99,Опен Аркус,2026-06-27,mega,bike,07:00,23:00,07:00-23:00,2
grp_102_125,Мясо&Рыба Тверская + Meraki,2026-06-27,medium,auto,00:00,23:00,00:00-23:59,1
grp_122_131,Косяк Тишинка + EVA Б.Грузинская,2026-06-27,medium,bike,08:00,23:00,08:00-23:59,1
grp_130_139,EVA Хамовники + Клёво Усачева,2026-06-27,medium,auto,09:00,23:00,09:00-23:59,1
grp_136_292,Ikura + Узбекистан,2026-06-27,medium,auto,12:00,23:00,12:00-23:00,1
grp_187_296,Биродром и Панчетта Народное ополчение + Клево Авиапарк,2026-06-27,medium,auto,10:00,23:00,10:00-23:00,1
grp_19_54,Conversation Никитская + Maroon,2026-06-27,medium,auto,08:00,24:00,08:00-24:00,2
grp_288_424,Биродром и Ив.Дурдинъ Мичуринский + Корнер Ланового,2026-06-27,medium,auto,11:00,23:00,11:00-23:00,1
grp_302_443,Ribambelle Шелепиха + Пинский доставка,2026-06-27,medium,auto,10:00,18:00,10:00-22:00,1
grp_62_140,Печорин Новочеремушкинская  + Клёво Черемушки,2026-06-27,medium,auto,09:00,23:00,09:00-23:00,1
grp_71_94,КО Medusa + КО Высота 5642,2026-06-27,medium,auto,12:00,23:00,12:00-23:59,1
grp_98_298,Печорин Угрешская + Ив. Дурдинъ Волгоградский,2026-06-27,medium,auto,08:00,23:00,08:00-23:00,1
1,Wall Street,2026-06-28,medium,bike,09:00,23:00,09:00-23:00,1
10,Якиманка,2026-06-28,medium,bike,08:00,23:00,08:00-23:30,1
100,Колбасный Цех / Магадан,2026-06-28,medium,auto,10:00,18:00,10:00-22:00,1
101,Алия,2026-06-28,high,auto,08:00,11:00,08:00-23:00,1
101,Алия,2026-06-28,high,auto,08:00,21:00,08:00-23:00,1
101,Алия,2026-06-28,high,auto,08:00,23:00,08:00-23:00,1
101,Алия,2026-06-28,high,bike,08:00,18:00,08:00-23:00,1
11,Кутузовский,2026-06-28,medium,auto,00:00,07:00,00:00-07:00,5
11,Кутузовский,2026-06-28,medium,auto,23:00,24:00,23:00-24:00,1
114,Bluefin Скаковая,2026-06-28,low,auto,10:00,12:00,10:00-23:59,1
115,Опен Символ,2026-06-28,high,auto,07:00,16:00,07:00-23:00,1
115,Опен Символ,2026-06-28,high,auto,07:00,21:00,07:00-23:00,1
115,Опен Символ,2026-06-28,high,auto,07:00,23:00,07:00-23:00,1
115,Опен Символ,2026-06-28,high,bike,07:00,11:00,07:00-23:00,1
115,Опен Символ,2026-06-28,high,bike,07:00,21:00,07:00-23:00,1
116,Корнер Дмитровка,2026-06-28,medium,auto,12:00,23:00,12:00-23:00,1
119,Bluefin Успенское,2026-06-28,medium,bike,11:00,23:00,11:00-23:00,1
12,Хорошо,2026-06-28,high,auto,09:00,22:00,09:00-22:00,1
12,Хорошо,2026-06-28,high,bike,09:00,18:00,09:00-22:00,1
12,Хорошо,2026-06-28,high,bike,09:00,22:00,09:00-22:00,1
121,Косяк Новая Рига,2026-06-28,medium,auto,10:00,22:00,10:00-22:00,1
123,Опен Нева,2026-06-28,high,auto,08:00,18:00,08:00-23:00,1
123,Опен Нева,2026-06-28,high,bike,08:00,21:00,08:00-23:00,2
124,ЦБ AVA Bistro,2026-06-28,medium,auto,09:00,18:00,09:00-22:30,1
126,Опен Покровка,2026-06-28,high,bike,07:00,11:00,07:00-23:00,1
126,Опен Покровка,2026-06-28,high,bike,07:00,21:00,07:00-23:00,1
126,Опен Покровка,2026-06-28,high,bike,07:00,23:00,07:00-23:00,1
127,БТ Покровка,2026-06-28,medium,bike,07:00,23:00,07:00-23:00,1
128,Кофемания Лаки,2026-06-28,high,bike,08:00,21:00,08:00-24:00,1
128,Кофемания Лаки,2026-06-28,high,bike,08:00,24:00,08:00-24:00,1
137,БТ Мясницкая,2026-06-28,medium,bike,08:00,18:00,08:00-23:00,1
138,БТ Таганка,2026-06-28,medium,bike,08:00,18:00,08:00-23:00,1
14,Метрополис,2026-06-28,high,auto,09:00,11:00,09:00-23:00,1
14,Метрополис,2026-06-28,high,auto,09:00,16:00,09:00-23:00,1
14,Метрополис,2026-06-28,high,auto,09:00,18:00,09:00-23:00,1
14,Метрополис,2026-06-28,high,auto,09:00,23:00,09:00-23:00,1
14,Метрополис,2026-06-28,high,bike,09:00,21:00,09:00-23:00,1
142,RED7,2026-06-28,medium,bike,08:00,23:00,08:00-23:59,1
15,Комсомолка,2026-06-28,medium,auto,00:00,06:00,00:00-24:00,1
15,Комсомолка,2026-06-28,medium,bike,00:00,24:00,00:00-24:00,1
16,Мосфильм,2026-06-28,medium,bike,08:00,23:00,08:00-23:00,1
17,Внуково,2026-06-28,high,auto,08:00,22:00,08:00-22:00,2
17,Внуково,2026-06-28,high,bike,08:00,22:00,08:00-22:00,1
18,Новая Рига,2026-06-28,medium,auto,08:00,18:00,08:00-22:00,2
18,Новая Рига,2026-06-28,medium,bike,08:00,22:00,08:00-22:00,1
182,Miss You,2026-06-28,medium,auto,09:00,23:00,09:00-23:00,1
2,Кудринская,2026-06-28,high,bike,07:00,21:00,07:00-24:00,1
2,Кудринская,2026-06-28,high,bike,07:00,24:00,07:00-24:00,1
20,Павлово,2026-06-28,medium,auto,09:00,18:00,09:00-22:00,1
20,Павлово,2026-06-28,medium,bike,09:00,22:00,09:00-22:00,1
21,Горки-2,2026-06-28,high,auto,08:00,18:00,08:00-23:00,1
21,Горки-2,2026-06-28,high,auto,08:00,21:00,08:00-23:00,1
21,Горки-2,2026-06-28,high,auto,08:00,23:00,08:00-23:00,1
21,Горки-2,2026-06-28,high,bike,08:00,23:00,08:00-23:00,1
222,Ирис Химки,2026-06-28,low,auto,06:00,12:00,06:00-23:59,1
25,Весна,2026-06-28,high,auto,08:00,16:00,08:00-24:00,1
25,Весна,2026-06-28,high,bike,08:00,11:00,08:00-24:00,1
25,Весна,2026-06-28,high,bike,08:00,24:00,08:00-24:00,1
26,Тверская,2026-06-28,medium,bike,08:00,23:00,08:00-23:00,1
27,4 Ветра,2026-06-28,medium,auto,08:00,23:00,08:00-23:30,1
28,Гранд,2026-06-28,medium,bike,10:00,18:00,10:00-23:00,1
29,Украинский,2026-06-28,mega,auto,07:00,16:00,07:00-23:00,2
29,Украинский,2026-06-28,mega,auto,07:00,18:00,07:00-23:00,1
29,Украинский,2026-06-28,mega,auto,07:00,21:00,07:00-23:00,2
29,Украинский,2026-06-28,mega,auto,07:00,23:00,07:00-23:00,1
29,Украинский,2026-06-28,mega,bike,07:00,18:00,07:00-23:00,1
29,Украинский,2026-06-28,mega,bike,07:00,23:00,07:00-23:00,1
30,Черёмушки,2026-06-28,mega,auto,08:00,21:00,08:00-24:00,1
30,Черёмушки,2026-06-28,mega,auto,08:00,24:00,08:00-24:00,1
30,Черёмушки,2026-06-28,mega,bike,08:00,18:00,08:00-24:00,1
30,Черёмушки,2026-06-28,mega,bike,08:00,24:00,08:00-24:00,1
301,Биродром и Панчетта Дежнева,2026-06-28,medium,auto,12:00,23:00,12:00-23:00,1
301,Биродром и Панчетта Дежнева,2026-06-28,medium,bike,12:00,18:00,12:00-23:00,1
33,Даниловский,2026-06-28,high,auto,08:00,21:00,08:00-23:00,2
33,Даниловский,2026-06-28,high,bike,08:00,16:00,08:00-23:00,1
33,Даниловский,2026-06-28,high,bike,08:00,23:00,08:00-23:00,1
335,Кутузовский (Не использовать),2026-06-28,low,auto,00:00,06:00,00:00-24:00,1
335,Кутузовский (Не использовать),2026-06-28,low,auto,00:00,24:00,00:00-24:00,1
335,Кутузовский (Не использовать),2026-06-28,low,bike,00:00,12:00,00:00-24:00,1
34,Аркус,2026-06-28,medium,auto,08:00,24:00,08:00-24:00,1
34,Аркус,2026-06-28,medium,bike,08:00,18:00,08:00-24:00,1
348,Рига Холл,2026-06-28,medium,bike,09:00,22:00,09:00-22:00,1
35,Ленинский,2026-06-28,high,auto,08:00,21:00,08:00-23:00,2
35,Ленинский,2026-06-28,high,bike,08:00,16:00,08:00-23:00,1
35,Ленинский,2026-06-28,high,bike,08:00,23:00,08:00-23:00,1
36,Friends Forever Botanica,2026-06-28,medium,auto,08:00,18:00,08:00-23:00,1
37,БТ Усачева,2026-06-28,medium,bike,08:00,22:00,08:00-22:00,1
38,Нева,2026-06-28,medium,bike,08:00,23:00,08:00-23:00,1
39,Гребной,2026-06-28,mega,auto,08:00,21:00,08:00-23:00,2
39,Гребной,2026-06-28,mega,bike,08:00,16:00,08:00-23:00,1
39,Гребной,2026-06-28,mega,bike,08:00,23:00,08:00-23:00,1
4,Аврора,2026-06-28,high,auto,10:00,18:00,10:00-24:00,1
4,Аврора,2026-06-28,high,auto,10:00,24:00,10:00-24:00,1
4,Аврора,2026-06-28,high,bike,10:00,16:00,10:00-24:00,1
4,Аврора,2026-06-28,high,bike,10:00,21:00,10:00-24:00,1
4,Аврора,2026-06-28,high,bike,10:00,24:00,10:00-24:00,1
40,БТ Аркус,2026-06-28,medium,bike,09:00,19:00,09:00-19:00,1
434,Сколково,2026-06-28,medium,auto,08:00,18:00,08:00-22:00,1
434,Сколково,2026-06-28,medium,bike,08:00,22:00,08:00-22:00,1
46,БТ Павелецкая Плаза,2026-06-28,medium,bike,10:00,18:00,10:00-22:00,1
47,БТ Царская Площадь,2026-06-28,medium,bike,08:00,21:00,08:00-21:00,1
478,Сыроварня Метрополис,2026-06-28,medium,bike,11:00,22:00,10:30-22:30,1
479,Покровка,2026-06-28,medium,auto,00:00,06:00,00:00-24:00,1
479,Покровка,2026-06-28,medium,bike,00:00,24:00,00:00-24:00,1
5,Покровка (не использовать),2026-06-28,medium,auto,00:00,06:00,00:00-24:00,1
5,Покровка (не использовать),2026-06-28,medium,bike,00:00,24:00,00:00-24:00,1
51,БТ Новинский,2026-06-28,medium,bike,08:00,22:00,08:00-22:00,1
516,La Raquette by Pinskiy&Co,2026-06-28,low,auto,09:00,18:00,09:00-22:00,1
58,Печорин Тишинка,2026-06-28,medium,auto,09:00,18:00,09:00-21:00,1
59,Печорин Шаболовка,2026-06-28,medium,auto,09:00,18:00,09:00-21:00,1
6,Неглинная,2026-06-28,mega,auto,00:00,21:00,00:00-24:00,1
6,Неглинная,2026-06-28,mega,auto,00:00,24:00,00:00-24:00,1
6,Неглинная,2026-06-28,mega,bike,00:00,21:00,00:00-24:00,1
6,Неглинная,2026-06-28,mega,bike,00:00,24:00,00:00-24:00,1
69,Опен Мичуринский,2026-06-28,mega,auto,08:00,18:00,08:00-23:00,1
69,Опен Мичуринский,2026-06-28,mega,auto,08:00,21:00,08:00-23:00,1
69,Опен Мичуринский,2026-06-28,mega,auto,08:00,23:00,08:00-23:00,1
69,Опен Мичуринский,2026-06-28,mega,bike,08:00,16:00,08:00-23:00,1
69,Опен Мичуринский,2026-06-28,mega,bike,08:00,18:00,08:00-23:00,1
69,Опен Мичуринский,2026-06-28,mega,bike,08:00,21:00,08:00-23:00,1
69,Опен Мичуринский,2026-06-28,mega,bike,08:00,23:00,08:00-23:00,1
7,Белая Площадь,2026-06-28,mega,auto,00:00,11:00,00:00-24:00,1
7,Белая Площадь,2026-06-28,mega,auto,00:00,24:00,00:00-24:00,2
7,Белая Площадь,2026-06-28,mega,bike,00:00,21:00,00:00-24:00,1
7,Белая Площадь,2026-06-28,mega,bike,00:00,24:00,00:00-24:00,1
72,КО Магадан,2026-06-28,medium,auto,12:00,23:00,12:00-23:59,1
8,Усачева,2026-06-28,mega,bike,08:00,11:00,07:30-23:30,1
8,Усачева,2026-06-28,mega,bike,08:00,16:00,07:30-23:30,1
8,Усачева,2026-06-28,mega,bike,08:00,21:00,07:30-23:30,1
8,Усачева,2026-06-28,mega,bike,08:00,23:00,07:30-23:30,1
9,КИНКИ,2026-06-28,high,auto,08:00,21:00,08:00-23:00,1
9,КИНКИ,2026-06-28,high,auto,08:00,23:00,08:00-23:00,1
9,КИНКИ,2026-06-28,high,bike,08:00,23:00,08:00-23:00,1
99,Опен Аркус,2026-06-28,mega,bike,07:00,16:00,07:00-23:00,1
99,Опен Аркус,2026-06-28,mega,bike,07:00,18:00,07:00-23:00,1
99,Опен Аркус,2026-06-28,mega,bike,07:00,21:00,07:00-23:00,1
99,Опен Аркус,2026-06-28,mega,bike,07:00,23:00,07:00-23:00,2
grp_102_125,Мясо&Рыба Тверская + Meraki,2026-06-28,medium,auto,00:00,23:00,00:00-23:59,1
grp_122_131,Косяк Тишинка + EVA Б.Грузинская,2026-06-28,medium,bike,08:00,23:00,08:00-23:59,1
grp_130_139,EVA Хамовники + Клёво Усачева,2026-06-28,medium,auto,09:00,23:00,09:00-23:59,1
grp_136_292,Ikura + Узбекистан,2026-06-28,medium,auto,12:00,23:00,12:00-23:00,1
grp_187_296,Биродром и Панчетта Народное ополчение + Клево Авиапарк,2026-06-28,medium,auto,10:00,23:00,10:00-23:00,1
grp_19_54,Conversation Никитская + Maroon,2026-06-28,medium,auto,08:00,18:00,08:00-24:00,1
grp_19_54,Conversation Никитская + Maroon,2026-06-28,medium,auto,08:00,24:00,08:00-24:00,2
grp_288_424,Биродром и Ив.Дурдинъ Мичуринский + Корнер Ланового,2026-06-28,medium,auto,11:00,23:00,11:00-23:00,1
grp_302_443,Ribambelle Шелепиха + Пинский доставка,2026-06-28,medium,auto,10:00,22:00,10:00-22:00,1
grp_62_140,Печорин Новочеремушкинская  + Клёво Черемушки,2026-06-28,medium,auto,09:00,23:00,09:00-23:00,1
grp_71_94,КО Medusa + КО Высота 5642,2026-06-28,medium,auto,12:00,23:00,12:00-23:59,1
grp_98_298,Печорин Угрешская + Ив. Дурдинъ Волгоградский,2026-06-28,medium,auto,08:00,23:00,08:00-23:00,1
