location_id,location_name,business_group,date,segment,vehicle_type,shift_start,shift_finish,shift_hours,open_intervals,slots_to_create,absorbed_partner_auto_slots,absorbed_partner_bike_slots,absorbed_partners
119,Bluefin Успенское,non_kfm,2026-07-20,medium,auto,11:00,22:00,11,11:00-22:00,1,0,0,
119,Bluefin Успенское,non_kfm,2026-07-20,medium,bike,11:00,18:00,7,11:00-22:00,1,0,0,
301,Биродром и Панчетта Дежнева,non_kfm,2026-07-20,medium,auto,12:00,23:00,11,12:00-23:00,1,0,0,
301,Биродром и Панчетта Дежнева,non_kfm,2026-07-20,medium,bike,12:00,18:00,6,12:00-23:00,1,0,0,
36,Friends Forever Botanica,non_kfm,2026-07-20,medium,auto,08:00,18:00,10,08:00-23:00,1,0,0,
36,Friends Forever Botanica,non_kfm,2026-07-20,medium,bike,08:00,12:00,4,08:00-23:00,1,0,0,
516,La Raquette by Pinskiy&Co,non_kfm,2026-07-20,low,auto,09:00,12:00,3,09:00-22:00,1,0,0,
558,ЮГ 22,non_kfm,2026-07-20,low,auto,12:00,23:00,11,12:00-23:30,1,0,0,
560,Пафос,non_kfm,2026-07-20,low,auto,10:00,22:00,12,10:00-22:00,1,0,0,
597,Rockets Тверской,non_kfm,2026-07-20,low,auto,09:00,16:00,7,09:00-22:30,1,0,0,
597,Rockets Тверской,non_kfm,2026-07-20,low,auto,16:00,22:00,6,09:00-22:30,1,0,0,
grp_102_125,Мясо&Рыба Тверская + Meraki,non_kfm,2026-07-20,medium,auto,00:00,12:00,12,00:00-23:59,1,0,0,
grp_102_125,Мясо&Рыба Тверская + Meraki,non_kfm,2026-07-20,medium,auto,12:00,23:00,11,00:00-23:59,1,0,0,
grp_19_54,Conversation Никитская + Maroon,non_kfm,2026-07-20,medium,auto,08:00,18:00,10,08:00-24:00,3,0,0,
grp_19_54,Conversation Никитская + Maroon,non_kfm,2026-07-20,medium,bike,08:00,16:00,8,08:00-24:00,1,0,0,
grp_19_54,Conversation Никитская + Maroon,non_kfm,2026-07-20,medium,bike,16:00,24:00,8,08:00-24:00,1,0,0,
grp_302_443,Ribambelle Шелепиха + Пинский доставка,non_kfm,2026-07-20,medium,auto,10:00,18:00,8,10:00-22:00,1,0,0,
grp_71_94,КО Medusa + КО Высота 5642,non_kfm,2026-07-20,medium,bike,12:00,23:00,11,12:00-23:59,1,0,0,
119,Bluefin Успенское,non_kfm,2026-07-21,medium,auto,11:00,22:00,11,11:00-22:00,1,0,0,
119,Bluefin Успенское,non_kfm,2026-07-21,medium,bike,11:00,18:00,7,11:00-22:00,1,0,0,
301,Биродром и Панчетта Дежнева,non_kfm,2026-07-21,medium,auto,12:00,23:00,11,12:00-23:00,1,0,0,
516,La Raquette by Pinskiy&Co,non_kfm,2026-07-21,low,auto,09:00,12:00,3,09:00-22:00,1,0,0,
558,ЮГ 22,non_kfm,2026-07-21,low,auto,12:00,23:00,11,12:00-23:30,1,0,0,
560,Пафос,non_kfm,2026-07-21,low,auto,10:00,22:00,12,10:00-22:00,1,0,0,
597,Rockets Тверской,non_kfm,2026-07-21,low,auto,09:00,16:00,7,09:00-22:30,1,0,0,
597,Rockets Тверской,non_kfm,2026-07-21,low,auto,16:00,22:00,6,09:00-22:30,1,0,0,
grp_102_125,Мясо&Рыба Тверская + Meraki,non_kfm,2026-07-21,medium,auto,00:00,12:00,12,00:00-23:59,1,0,0,
grp_102_125,Мясо&Рыба Тверская + Meraki,non_kfm,2026-07-21,medium,auto,12:00,23:00,11,00:00-23:59,1,0,0,
grp_19_54,Conversation Никитская + Maroon,non_kfm,2026-07-21,medium,auto,08:00,16:00,8,08:00-24:00,1,0,0,
grp_19_54,Conversation Никитская + Maroon,non_kfm,2026-07-21,medium,auto,08:00,18:00,10,08:00-24:00,2,0,0,
grp_19_54,Conversation Никитская + Maroon,non_kfm,2026-07-21,medium,auto,16:00,24:00,8,08:00-24:00,1,0,0,
grp_19_54,Conversation Никитская + Maroon,non_kfm,2026-07-21,medium,bike,08:00,16:00,8,08:00-24:00,1,0,0,
grp_19_54,Conversation Никитская + Maroon,non_kfm,2026-07-21,medium,bike,16:00,24:00,8,08:00-24:00,1,0,0,
grp_302_443,Ribambelle Шелепиха + Пинский доставка,non_kfm,2026-07-21,medium,auto,10:00,18:00,8,10:00-22:00,1,0,0,
grp_71_94,КО Medusa + КО Высота 5642,non_kfm,2026-07-21,medium,bike,12:00,23:00,11,12:00-23:59,1,0,0,
119,Bluefin Успенское,non_kfm,2026-07-22,medium,auto,11:00,22:00,11,11:00-22:00,1,0,0,
119,Bluefin Успенское,non_kfm,2026-07-22,medium,bike,11:00,18:00,7,11:00-22:00,1,0,0,
301,Биродром и Панчетта Дежнева,non_kfm,2026-07-22,medium,auto,12:00,23:00,11,12:00-23:00,1,0,0,
36,Friends Forever Botanica,non_kfm,2026-07-22,medium,auto,08:00,18:00,10,08:00-23:00,1,0,0,
516,La Raquette by Pinskiy&Co,non_kfm,2026-07-22,low,auto,09:00,12:00,3,09:00-22:00,1,0,0,
558,ЮГ 22,non_kfm,2026-07-22,low,auto,12:00,23:00,11,12:00-23:30,1,0,0,
560,Пафос,non_kfm,2026-07-22,low,auto,10:00,22:00,12,10:00-22:00,1,0,0,
597,Rockets Тверской,non_kfm,2026-07-22,low,auto,09:00,16:00,7,09:00-22:30,1,0,0,
597,Rockets Тверской,non_kfm,2026-07-22,low,auto,16:00,22:00,6,09:00-22:30,1,0,0,
grp_102_125,Мясо&Рыба Тверская + Meraki,non_kfm,2026-07-22,medium,auto,00:00,12:00,12,00:00-23:59,1,0,0,
grp_102_125,Мясо&Рыба Тверская + Meraki,non_kfm,2026-07-22,medium,auto,12:00,23:00,11,00:00-23:59,1,0,0,
grp_19_54,Conversation Никитская + Maroon,non_kfm,2026-07-22,medium,auto,08:00,18:00,10,08:00-24:00,3,0,0,
grp_19_54,Conversation Никитская + Maroon,non_kfm,2026-07-22,medium,bike,08:00,16:00,8,08:00-24:00,1,0,0,
grp_19_54,Conversation Никитская + Maroon,non_kfm,2026-07-22,medium,bike,16:00,24:00,8,08:00-24:00,1,0,0,
grp_302_443,Ribambelle Шелепиха + Пинский доставка,non_kfm,2026-07-22,medium,auto,10:00,22:00,12,10:00-22:00,1,0,0,
grp_71_94,КО Medusa + КО Высота 5642,non_kfm,2026-07-22,medium,bike,12:00,23:00,11,12:00-23:59,1,0,0,
119,Bluefin Успенское,non_kfm,2026-07-23,medium,auto,11:00,23:00,12,11:00-23:00,1,0,0,
119,Bluefin Успенское,non_kfm,2026-07-23,medium,bike,11:00,18:00,7,11:00-23:00,1,0,0,
301,Биродром и Панчетта Дежнева,non_kfm,2026-07-23,medium,auto,12:00,23:00,11,12:00-23:00,1,0,0,
36,Friends Forever Botanica,non_kfm,2026-07-23,medium,auto,08:00,18:00,10,08:00-23:00,1,0,0,
516,La Raquette by Pinskiy&Co,non_kfm,2026-07-23,low,auto,09:00,12:00,3,09:00-22:00,1,0,0,
558,ЮГ 22,non_kfm,2026-07-23,low,auto,12:00,23:00,11,12:00-23:30,1,0,0,
560,Пафос,non_kfm,2026-07-23,low,auto,10:00,22:00,12,10:00-22:00,1,0,0,
597,Rockets Тверской,non_kfm,2026-07-23,low,auto,09:00,16:00,7,09:00-22:30,1,0,0,
597,Rockets Тверской,non_kfm,2026-07-23,low,auto,16:00,22:00,6,09:00-22:30,1,0,0,
grp_102_125,Мясо&Рыба Тверская + Meraki,non_kfm,2026-07-23,medium,auto,00:00,12:00,12,00:00-23:59,1,0,0,
grp_102_125,Мясо&Рыба Тверская + Meraki,non_kfm,2026-07-23,medium,auto,12:00,23:00,11,00:00-23:59,1,0,0,
grp_19_54,Conversation Никитская + Maroon,non_kfm,2026-07-23,medium,auto,08:00,16:00,8,08:00-24:00,1,0,0,
grp_19_54,Conversation Никитская + Maroon,non_kfm,2026-07-23,medium,auto,08:00,18:00,10,08:00-24:00,2,0,0,
grp_19_54,Conversation Никитская + Maroon,non_kfm,2026-07-23,medium,auto,16:00,24:00,8,08:00-24:00,1,0,0,
grp_19_54,Conversation Никитская + Maroon,non_kfm,2026-07-23,medium,bike,08:00,16:00,8,08:00-24:00,1,0,0,
grp_19_54,Conversation Никитская + Maroon,non_kfm,2026-07-23,medium,bike,16:00,24:00,8,08:00-24:00,1,0,0,
grp_302_443,Ribambelle Шелепиха + Пинский доставка,non_kfm,2026-07-23,medium,auto,10:00,18:00,8,10:00-22:00,1,0,0,
grp_71_94,КО Medusa + КО Высота 5642,non_kfm,2026-07-23,medium,bike,12:00,23:00,11,12:00-23:59,1,0,0,
119,Bluefin Успенское,non_kfm,2026-07-24,medium,auto,11:00,23:00,12,11:00-23:00,1,0,0,
119,Bluefin Успенское,non_kfm,2026-07-24,medium,bike,11:00,18:00,7,11:00-23:00,1,0,0,
301,Биродром и Панчетта Дежнева,non_kfm,2026-07-24,medium,auto,12:00,23:00,11,12:00-23:00,1,0,0,
36,Friends Forever Botanica,non_kfm,2026-07-24,medium,auto,08:00,16:00,8,08:00-23:00,1,0,0,
36,Friends Forever Botanica,non_kfm,2026-07-24,medium,auto,16:00,23:00,7,08:00-23:00,1,0,0,
516,La Raquette by Pinskiy&Co,non_kfm,2026-07-24,low,auto,09:00,12:00,3,09:00-22:00,1,0,0,
558,ЮГ 22,non_kfm,2026-07-24,low,auto,12:00,23:00,11,12:00-23:30,1,0,0,
560,Пафос,non_kfm,2026-07-24,low,auto,10:00,22:00,12,10:00-22:00,1,0,0,
597,Rockets Тверской,non_kfm,2026-07-24,low,auto,09:00,16:00,7,09:00-22:30,1,0,0,
597,Rockets Тверской,non_kfm,2026-07-24,low,auto,16:00,22:00,6,09:00-22:30,1,0,0,
grp_102_125,Мясо&Рыба Тверская + Meraki,non_kfm,2026-07-24,medium,auto,00:00,12:00,12,00:00-23:59,1,0,0,
grp_102_125,Мясо&Рыба Тверская + Meraki,non_kfm,2026-07-24,medium,auto,12:00,23:00,11,00:00-23:59,1,0,0,
grp_19_54,Conversation Никитская + Maroon,non_kfm,2026-07-24,medium,auto,08:00,16:00,8,08:00-24:00,1,0,0,
grp_19_54,Conversation Никитская + Maroon,non_kfm,2026-07-24,medium,auto,08:00,18:00,10,08:00-24:00,2,0,0,
grp_19_54,Conversation Никитская + Maroon,non_kfm,2026-07-24,medium,auto,16:00,24:00,8,08:00-24:00,1,0,0,
grp_19_54,Conversation Никитская + Maroon,non_kfm,2026-07-24,medium,bike,08:00,16:00,8,08:00-24:00,1,0,0,
grp_19_54,Conversation Никитская + Maroon,non_kfm,2026-07-24,medium,bike,16:00,24:00,8,08:00-24:00,1,0,0,
grp_302_443,Ribambelle Шелепиха + Пинский доставка,non_kfm,2026-07-24,medium,auto,10:00,22:00,12,10:00-22:00,1,0,0,
grp_71_94,КО Medusa + КО Высота 5642,non_kfm,2026-07-24,medium,bike,12:00,23:00,11,12:00-23:59,1,0,0,
119,Bluefin Успенское,non_kfm,2026-07-25,medium,auto,11:00,23:00,12,11:00-23:00,1,0,0,
119,Bluefin Успенское,non_kfm,2026-07-25,medium,bike,11:00,18:00,7,11:00-23:00,1,0,0,
301,Биродром и Панчетта Дежнева,non_kfm,2026-07-25,medium,auto,12:00,23:00,11,12:00-23:00,1,0,0,
36,Friends Forever Botanica,non_kfm,2026-07-25,medium,auto,08:00,18:00,10,08:00-23:00,1,0,0,
516,La Raquette by Pinskiy&Co,non_kfm,2026-07-25,low,auto,09:00,12:00,3,09:00-22:00,1,0,0,
558,ЮГ 22,non_kfm,2026-07-25,low,auto,12:00,23:00,11,12:00-23:30,1,0,0,
560,Пафос,non_kfm,2026-07-25,low,auto,10:00,22:00,12,10:00-22:00,1,0,0,
597,Rockets Тверской,non_kfm,2026-07-25,low,auto,16:00,22:00,6,09:00-22:30,1,0,0,
grp_102_125,Мясо&Рыба Тверская + Meraki,non_kfm,2026-07-25,medium,auto,00:00,12:00,12,00:00-23:59,1,0,0,
grp_102_125,Мясо&Рыба Тверская + Meraki,non_kfm,2026-07-25,medium,auto,12:00,23:00,11,00:00-23:59,1,0,0,
grp_19_54,Conversation Никитская + Maroon,non_kfm,2026-07-25,medium,auto,08:00,18:00,10,08:00-24:00,2,0,0,
grp_19_54,Conversation Никитская + Maroon,non_kfm,2026-07-25,medium,bike,08:00,16:00,8,08:00-24:00,1,0,0,
grp_19_54,Conversation Никитская + Maroon,non_kfm,2026-07-25,medium,bike,16:00,24:00,8,08:00-24:00,1,0,0,
grp_302_443,Ribambelle Шелепиха + Пинский доставка,non_kfm,2026-07-25,medium,auto,10:00,22:00,12,10:00-22:00,1,0,0,
grp_71_94,КО Medusa + КО Высота 5642,non_kfm,2026-07-25,medium,auto,12:00,23:00,11,12:00-23:59,1,0,0,
grp_71_94,КО Medusa + КО Высота 5642,non_kfm,2026-07-25,medium,bike,12:00,18:00,6,12:00-23:59,1,0,0,
119,Bluefin Успенское,non_kfm,2026-07-26,medium,auto,11:00,23:00,12,11:00-23:00,1,0,0,
119,Bluefin Успенское,non_kfm,2026-07-26,medium,bike,11:00,18:00,7,11:00-23:00,1,0,0,
301,Биродром и Панчетта Дежнева,non_kfm,2026-07-26,medium,auto,12:00,23:00,11,12:00-23:00,1,0,0,
516,La Raquette by Pinskiy&Co,non_kfm,2026-07-26,low,auto,09:00,12:00,3,09:00-22:00,1,0,0,
558,ЮГ 22,non_kfm,2026-07-26,low,auto,12:00,23:00,11,12:00-23:30,1,0,0,
560,Пафос,non_kfm,2026-07-26,low,auto,10:00,22:00,12,10:00-22:00,1,0,0,
597,Rockets Тверской,non_kfm,2026-07-26,low,auto,16:00,22:00,6,09:00-22:30,1,0,0,
grp_102_125,Мясо&Рыба Тверская + Meraki,non_kfm,2026-07-26,medium,auto,00:00,12:00,12,00:00-23:59,1,0,0,
grp_102_125,Мясо&Рыба Тверская + Meraki,non_kfm,2026-07-26,medium,auto,12:00,23:00,11,00:00-23:59,1,0,0,
grp_19_54,Conversation Никитская + Maroon,non_kfm,2026-07-26,medium,auto,08:00,16:00,8,08:00-24:00,1,0,0,
grp_19_54,Conversation Никитская + Maroon,non_kfm,2026-07-26,medium,auto,08:00,18:00,10,08:00-24:00,2,0,0,
grp_19_54,Conversation Никитская + Maroon,non_kfm,2026-07-26,medium,auto,16:00,24:00,8,08:00-24:00,1,0,0,
grp_19_54,Conversation Никитская + Maroon,non_kfm,2026-07-26,medium,bike,08:00,16:00,8,08:00-24:00,1,0,0,
grp_19_54,Conversation Никитская + Maroon,non_kfm,2026-07-26,medium,bike,16:00,24:00,8,08:00-24:00,1,0,0,
grp_302_443,Ribambelle Шелепиха + Пинский доставка,non_kfm,2026-07-26,medium,auto,10:00,22:00,12,10:00-22:00,1,0,0,
grp_71_94,КО Medusa + КО Высота 5642,non_kfm,2026-07-26,medium,auto,12:00,23:00,11,12:00-23:59,1,0,0,
grp_71_94,КО Medusa + КО Высота 5642,non_kfm,2026-07-26,medium,bike,12:00,18:00,6,12:00-23:59,1,0,0,
