location_id,segment_datetime,segment,time_segment,orders_prediction,auto_order_prediction,bike_order_prediction,auto_slots_needed,bike_slots_needed,total_slots_needed,auto_slot_capacity_source,bike_slot_capacity_source
29,2026-06-24 12:00:00+03:00,mega,lunch,40.06299924452015,26.35085775719951,13.712141487320638,7,2,9,location_shift_history,location_shift_history
29,2026-06-26 12:00:00+03:00,mega,lunch,39.740551610011885,26.13877249370704,13.601779116304844,7,2,9,location_shift_history,location_shift_history
29,2026-06-25 12:00:00+03:00,mega,lunch,39.47889486487935,25.96667155762592,13.512223307253434,7,2,9,location_shift_history,location_shift_history
29,2026-06-22 12:00:00+03:00,mega,lunch,39.440359806282586,25.941325680709635,13.499034125572951,7,2,9,location_shift_history,location_shift_history
29,2026-06-23 12:00:00+03:00,mega,lunch,39.34886393572974,25.881145596448,13.467718339281744,7,2,9,location_shift_history,location_shift_history
29,2026-06-27 12:00:00+03:00,mega,lunch,38.1075514241758,25.064690262573716,13.04286116160209,7,2,9,location_shift_history,location_shift_history
29,2026-06-27 09:00:00+03:00,mega,morning,19.52861509338821,13.5015314528403,6.027083640547911,7,2,9,location_shift_history,location_shift_history
29,2026-06-28 12:00:00+03:00,mega,lunch,34.97358482742134,23.003369104293554,11.970215723127788,6,2,8,location_shift_history,location_shift_history
29,2026-06-28 09:00:00+03:00,mega,morning,18.211754806006688,12.591091541763474,5.620663264243214,6,2,8,location_shift_history,location_shift_history
29,2026-06-22 09:00:00+03:00,mega,morning,17.430335448575654,12.050840326725424,5.37949512185023,6,2,8,location_shift_history,location_shift_history
29,2026-06-26 09:00:00+03:00,mega,morning,17.02156977572146,11.768231316179106,5.253338459542354,6,2,8,location_shift_history,location_shift_history
29,2026-06-25 09:00:00+03:00,mega,morning,16.91861276672916,11.697049755758549,5.221563010970615,6,2,8,location_shift_history,location_shift_history
29,2026-06-24 09:00:00+03:00,mega,morning,16.705422955907984,11.549656357790363,5.155766598117619,6,2,8,location_shift_history,location_shift_history
29,2026-06-23 09:00:00+03:00,mega,morning,16.6974422157873,11.544138700074186,5.153303515713117,6,2,8,location_shift_history,location_shift_history
69,2026-06-27 12:00:00+03:00,mega,lunch,50.670163077155046,21.03464471246049,29.635518364694555,3,4,7,location_shift_history,location_shift_history
69,2026-06-28 12:00:00+03:00,mega,lunch,46.15202792352897,19.15903662383662,26.99299129969235,3,4,7,location_shift_history,location_shift_history
69,2026-06-28 09:00:00+03:00,mega,morning,23.792893814024207,10.219333555287704,13.573560258736508,3,4,7,location_shift_history,location_shift_history
69,2026-06-27 09:00:00+03:00,mega,morning,23.582633215449835,10.129024103769895,13.453609111679942,3,4,7,location_shift_history,location_shift_history
29,2026-06-25 15:00:00+03:00,mega,afternoon,19.637615635811294,12.407846695263853,7.229768940547442,5,2,7,location_shift_history,location_shift_history
29,2026-06-22 15:00:00+03:00,mega,afternoon,19.537648524589724,12.344683396133806,7.192965128455918,5,2,7,location_shift_history,location_shift_history
29,2026-06-26 06:00:00+03:00,mega,early_morning,8.481804716142447,6.276341175977114,2.205463540165333,5,2,7,location_shift_history,location_shift_history
29,2026-06-25 06:00:00+03:00,mega,early_morning,8.454249430425941,6.255950895824923,2.198298534601018,5,2,7,location_shift_history,location_shift_history
29,2026-06-27 06:00:00+03:00,mega,early_morning,8.42388362260928,6.233480893706294,2.1904027289029857,5,2,7,location_shift_history,location_shift_history
29,2026-06-24 06:00:00+03:00,mega,early_morning,8.08595724822457,5.9834231183884,2.1025341298361715,5,2,7,location_shift_history,location_shift_history
29,2026-06-23 06:00:00+03:00,mega,early_morning,8.058888363257713,5.963392763647747,2.0954955996099667,5,2,7,location_shift_history,location_shift_history
29,2026-06-22 06:00:00+03:00,mega,early_morning,7.846029349835021,5.805881970210107,2.040147379624914,5,2,7,location_shift_history,location_shift_history
69,2026-06-26 12:00:00+03:00,mega,lunch,44.42877904565347,18.4436663606294,25.985112685024077,3,3,6,location_shift_history,location_shift_history
69,2026-06-23 12:00:00+03:00,mega,lunch,44.15859800163102,18.331506424210797,25.827091577420227,3,3,6,location_shift_history,location_shift_history
69,2026-06-25 12:00:00+03:00,mega,lunch,43.63811420599723,18.115438603330112,25.52267560266712,3,3,6,location_shift_history,location_shift_history
69,2026-06-22 12:00:00+03:00,mega,lunch,41.91464633460729,17.399977429604927,24.514668905002363,3,3,6,location_shift_history,location_shift_history
