time_segment,vehicle_type,orders,courier_equiv,location_count,orders_per_slot
afternoon,auto,684.0,325.6666666666667,15,2.1003070624360287
afternoon,bike,927.0,245.58333333333331,14,3.774686121479471
block_06_12,auto,781.0,132.41666666666666,19,5.898049087476401
block_06_12,bike,1120.0,80.16666666666666,20,13.970893970893972
block_12_18,auto,1133.0,224.75,22,5.041156840934372
block_12_18,bike,1375.0,105.41666666666667,24,13.043478260869565
block_18_24,auto,771.0,145.08333333333331,22,5.31418724870764
block_18_24,bike,611.0,64.66666666666667,22,9.448453608247423
dinner,auto,651.0,310.0,14,2.1
dinner,bike,878.0,191.33333333333331,14,4.588850174216028
early_morning,auto,248.0,272.5,15,1.0
early_morning,bike,362.0,253.0,14,1.4308300395256917
late_evening,auto,313.0,142.66666666666666,14,2.19392523364486
late_evening,bike,203.0,50.666666666666664,14,4.006578947368421
lunch,auto,1217.0,351.875,15,3.458614564831261
lunch,bike,1822.0,289.0625,14,6.303135135135135
morning,auto,520.0,305.5,14,1.702127659574468
morning,bike,836.0,281.25,14,2.9724444444444442
opening,auto,206.0,97.75,9,2.1074168797953963
opening,bike,177.0,60.0,9,2.95
