location_id,segment,time_segment,vehicle_type,orders,courier_equiv,shift_overlap_hours,orders_per_slot
101,medium,block_12_18,auto,121.0,26.666666666666668,160.0,4.5375
11,medium,block_00_06,auto,116.0,38.166666666666664,229.0,3.039301310043668
126,high,lunch,bike,139.0,21.625,99.0,6.427745664739884
126,high,morning,bike,64.0,22.75,52.5,2.8131868131868134
14,medium,block_12_18,auto,172.0,36.5,219.0,4.712328767123288
14,medium,block_18_24,auto,101.0,22.5,135.0,4.488888888888889
17,medium,block_12_18,auto,82.0,28.666666666666668,172.0,2.8604651162790695
18,medium,block_12_18,auto,122.0,24.0,144.0,5.083333333333333
2,high,afternoon,bike,57.0,23.0,69.0,2.4782608695652173
2,high,lunch,bike,120.0,25.0,100.0,4.8
2,high,morning,bike,77.0,25.0,50.0,3.08
21,high,afternoon,auto,65.0,38.333333333333336,115.0,1.6956521739130435
21,high,dinner,auto,85.0,34.0,102.0,2.5
21,high,lunch,auto,117.0,39.375,157.5,2.9714285714285715
29,mega,afternoon,auto,110.0,51.166666666666664,153.5,2.1498371335504887
29,mega,dinner,auto,104.0,44.666666666666664,134.0,2.328358208955224
29,mega,early_morning,auto,51.0,67.5,67.5,1.0
29,mega,lunch,auto,198.0,71.75,287.0,2.759581881533101
29,mega,morning,auto,104.0,68.75,137.5,1.5127272727272727
29,mega,opening,auto,51.0,25.5,51.0,2.0
30,high,afternoon,auto,53.0,32.333333333333336,97.0,1.6391752577319587
30,high,dinner,auto,56.0,31.333333333333332,94.0,1.7872340425531916
30,high,lunch,auto,99.0,32.125,128.5,3.0817120622568095
35,high,afternoon,auto,72.0,28.666666666666668,86.0,2.511627906976744
35,high,dinner,auto,51.0,25.333333333333332,76.0,2.013157894736842
35,high,lunch,auto,127.0,35.125,140.5,3.6156583629893237
35,high,morning,auto,51.0,25.75,51.5,1.9805825242718447
39,high,afternoon,auto,81.0,31.333333333333332,94.0,2.5851063829787235
39,high,lunch,auto,143.0,31.0,124.0,4.612903225806452
39,high,morning,auto,62.0,30.75,61.5,2.016260162601626
4,high,afternoon,bike,82.0,27.5,84.0,2.981818181818182
4,high,dinner,bike,67.0,23.833333333333332,73.0,2.8111888111888113
4,high,lunch,bike,172.0,31.625,128.5,5.438735177865612
4,high,morning,bike,56.0,23.0,47.0,2.4347826086956523
434,medium,block_12_18,auto,166.0,26.666666666666668,160.0,6.225
54,medium,block_12_18,auto,129.0,22.5,135.0,5.733333333333333
69,mega,afternoon,auto,93.0,29.0,87.0,3.206896551724138
69,mega,afternoon,bike,100.0,24.833333333333332,74.5,4.026845637583893
69,mega,dinner,auto,100.0,27.666666666666668,83.0,3.614457831325301
69,mega,lunch,auto,152.0,29.0,116.0,5.241379310344827
69,mega,lunch,bike,176.0,27.375,109.5,6.429223744292237
69,mega,morning,auto,58.0,29.0,58.0,2.0
69,mega,morning,bike,86.0,27.5,55.0,3.1272727272727274
69,mega,opening,auto,53.0,25.25,50.5,2.099009900990099
7,mega,lunch,auto,53.0,28.375,115.0,1.86784140969163
8,mega,afternoon,bike,134.0,22.333333333333332,79.0,6.0
8,mega,early_morning,bike,57.0,27.0,32.0,2.111111111111111
8,mega,lunch,bike,267.0,29.5625,140.5,9.031712473572938
8,mega,morning,bike,146.0,30.0,72.0,4.866666666666666
9,medium,block_12_18,auto,134.0,23.583333333333332,141.5,5.681978798586573
9,medium,block_18_24,auto,106.0,20.916666666666668,125.5,5.067729083665339
99,mega,afternoon,bike,111.0,35.166666666666664,105.5,3.1563981042654032
99,mega,dinner,bike,122.0,27.0,81.0,4.518518518518518
99,mega,lunch,bike,264.0,44.625,178.5,5.915966386554622
99,mega,morning,bike,82.0,43.5,87.0,1.8850574712643677
