location_id,history_start,history_finish,has_recent_schedule,slots_suppressed,forecast_rows,orders_prediction_sum,total_slots_needed_sum
1,2026-08-31 00:00:00+03:00,2026-09-14 00:00:00+03:00,True,False,21,151.34560282764812,21
10,2026-08-31 00:00:00+03:00,2026-09-14 00:00:00+03:00,True,False,21,257.44009569356155,21
100,2026-08-31 00:00:00+03:00,2026-09-14 00:00:00+03:00,False,True,21,6.047923230857877,0
101,2026-08-31 00:00:00+03:00,2026-09-14 00:00:00+03:00,True,False,21,267.92448624822896,45
11,2026-08-31 00:00:00+03:00,2026-09-14 00:00:00+03:00,True,False,28,264.0114537866704,54
114,2026-08-31 00:00:00+03:00,2026-09-14 00:00:00+03:00,False,True,28,37.41959609854704,0
115,2026-08-31 00:00:00+03:00,2026-09-14 00:00:00+03:00,True,False,56,394.20478440254055,128
117,2026-08-31 00:00:00+03:00,2026-09-14 00:00:00+03:00,False,True,14,5.875724998342943,0
118,2026-08-31 00:00:00+03:00,2026-09-14 00:00:00+03:00,False,True,18,2.9301133658548375,0
119,2026-08-31 00:00:00+03:00,2026-09-14 00:00:00+03:00,False,True,21,15.207321188086166,0
12,2026-08-31 00:00:00+03:00,2026-09-14 00:00:00+03:00,True,False,56,432.7559512684999,133
120,2026-08-31 00:00:00+03:00,2026-09-14 00:00:00+03:00,False,True,21,2.849092452452751,0
123,2026-08-31 00:00:00+03:00,2026-09-14 00:00:00+03:00,True,False,21,244.36371671630576,25
124,2026-08-31 00:00:00+03:00,2026-09-14 00:00:00+03:00,False,True,21,6.787571060697177,0
125,2026-08-31 00:00:00+03:00,2026-09-14 00:00:00+03:00,True,False,21,44.3554302251349,21
126,2026-08-31 00:00:00+03:00,2026-09-14 00:00:00+03:00,True,False,56,409.9832824028797,108
127,2026-08-31 00:00:00+03:00,2026-09-14 00:00:00+03:00,True,False,21,68.46995880062737,21
128,2026-08-31 00:00:00+03:00,2026-09-14 00:00:00+03:00,True,False,21,420.26500815389204,30
129,2026-08-31 00:00:00+03:00,2026-09-14 00:00:00+03:00,False,True,21,2.959070208789167,0
135,2026-08-31 00:00:00+03:00,2026-09-14 00:00:00+03:00,False,True,14,4.709309259496394,0
137,2026-08-31 00:00:00+03:00,2026-09-14 00:00:00+03:00,False,True,21,32.57795375363175,0
138,2026-08-31 00:00:00+03:00,2026-09-14 00:00:00+03:00,False,True,21,49.65103665147315,0
14,2026-08-31 00:00:00+03:00,2026-09-14 00:00:00+03:00,True,False,21,288.7669645586481,49
141,2026-08-31 00:00:00+03:00,2026-09-14 00:00:00+03:00,False,True,14,3.443395355828668,0
142,2026-08-31 00:00:00+03:00,2026-09-14 00:00:00+03:00,True,False,21,141.77238995407313,21
145,2026-08-31 00:00:00+03:00,2026-09-14 00:00:00+03:00,False,True,14,7.4714007839897,0
15,2026-08-31 00:00:00+03:00,2026-09-14 00:00:00+03:00,False,True,28,153.75171692198361,0
16,2026-08-31 00:00:00+03:00,2026-09-14 00:00:00+03:00,True,False,21,178.29788258430295,21
17,2026-08-31 00:00:00+03:00,2026-09-14 00:00:00+03:00,True,False,21,234.16469307061632,50
179,2026-08-31 00:00:00+03:00,2026-09-14 00:00:00+03:00,False,True,14,3.966013275478113,0
18,2026-08-31 00:00:00+03:00,2026-09-14 00:00:00+03:00,True,False,21,262.83122295201156,41
184,2026-08-31 00:00:00+03:00,2026-09-14 00:00:00+03:00,False,True,21,5.9398474600593625,0
188,2026-08-31 00:00:00+03:00,2026-09-14 00:00:00+03:00,False,True,16,10.291653479196684,0
19,2026-08-31 00:00:00+03:00,2026-09-14 00:00:00+03:00,False,True,21,24.283087280453383,0
2,2026-08-31 00:00:00+03:00,2026-09-14 00:00:00+03:00,True,False,56,396.50787026791636,108
20,2026-08-31 00:00:00+03:00,2026-09-14 00:00:00+03:00,True,False,21,184.36341917290238,31
21,2026-08-31 00:00:00+03:00,2026-09-14 00:00:00+03:00,True,False,56,429.29428863894714,163
22,2026-08-31 00:00:00+03:00,2026-09-14 00:00:00+03:00,False,True,14,6.74247826649025,0
222,2026-08-31 00:00:00+03:00,2026-09-14 00:00:00+03:00,False,True,21,26.578972886988012,0
23,2026-08-31 00:00:00+03:00,2026-09-14 00:00:00+03:00,False,True,21,4.0991306206133515,0
24,2026-08-31 00:00:00+03:00,2026-09-14 00:00:00+03:00,False,True,21,3.3187178578053866,0
25,2026-08-31 00:00:00+03:00,2026-09-14 00:00:00+03:00,True,False,21,249.92255251973106,21
255,2026-08-31 00:00:00+03:00,2026-09-14 00:00:00+03:00,False,True,21,2.766938833387134,0
26,2026-08-31 00:00:00+03:00,2026-09-14 00:00:00+03:00,True,False,21,230.50140426028736,21
27,2026-08-31 00:00:00+03:00,2026-09-14 00:00:00+03:00,False,True,21,21.88436317242833,0
28,2026-08-31 00:00:00+03:00,2026-09-14 00:00:00+03:00,False,True,21,9.775778419643117,0
29,2026-08-31 00:00:00+03:00,2026-09-14 00:00:00+03:00,True,False,56,786.5795785441878,292
290,2026-08-31 00:00:00+03:00,2026-09-14 00:00:00+03:00,False,True,14,4.360821446303978,0
30,2026-08-31 00:00:00+03:00,2026-09-14 00:00:00+03:00,True,False,56,587.1541952369178,200
301,2026-08-31 00:00:00+03:00,2026-09-14 00:00:00+03:00,False,True,14,10.690353023570145,0
33,2026-08-31 00:00:00+03:00,2026-09-14 00:00:00+03:00,True,False,56,443.5471778802027,142
335,2026-08-31 00:00:00+03:00,2026-09-14 00:00:00+03:00,False,True,28,177.09307762953438,0
34,2026-08-31 00:00:00+03:00,2026-09-14 00:00:00+03:00,True,False,21,95.99236764720214,21
343,2026-08-31 00:00:00+03:00,2026-09-14 00:00:00+03:00,False,True,14,2.319680286256717,0
345,2026-08-31 00:00:00+03:00,2026-09-14 00:00:00+03:00,False,True,21,2.657072473291413,0
347,2026-08-31 00:00:00+03:00,2026-09-14 00:00:00+03:00,False,True,14,2.9197332444987274,0
348,2026-08-31 00:00:00+03:00,2026-09-14 00:00:00+03:00,True,False,21,99.10674873356648,22
35,2026-08-31 00:00:00+03:00,2026-09-14 00:00:00+03:00,True,False,56,538.7010466472211,167
36,2026-08-31 00:00:00+03:00,2026-09-14 00:00:00+03:00,False,True,21,16.90585891061231,0
37,2026-08-31 00:00:00+03:00,2026-09-14 00:00:00+03:00,True,False,21,139.88636004396253,21
38,2026-08-31 00:00:00+03:00,2026-09-14 00:00:00+03:00,True,False,21,122.54948632645069,21
39,2026-08-31 00:00:00+03:00,2026-09-14 00:00:00+03:00,True,False,56,512.3759483075619,161
4,2026-08-31 00:00:00+03:00,2026-09-14 00:00:00+03:00,True,False,56,548.5153399323312,160
40,2026-08-31 00:00:00+03:00,2026-09-14 00:00:00+03:00,False,True,21,23.885490943399564,0
41,2026-08-31 00:00:00+03:00,2026-09-14 00:00:00+03:00,False,True,21,4.886636274791525,0
416,2026-08-31 00:00:00+03:00,2026-09-14 00:00:00+03:00,False,True,14,2.1227108585358256,0
43,2026-08-31 00:00:00+03:00,2026-09-14 00:00:00+03:00,False,True,21,9.39499513264802,0
434,2026-08-31 00:00:00+03:00,2026-09-14 00:00:00+03:00,True,False,21,278.30194088009455,40
436,2026-08-31 00:00:00+03:00,2026-09-14 00:00:00+03:00,False,True,21,4.685372661138877,0
44,2026-08-31 00:00:00+03:00,2026-09-14 00:00:00+03:00,False,True,21,8.663443517455633,0
443,2026-08-31 00:00:00+03:00,2026-09-14 00:00:00+03:00,False,True,21,17.067337303678997,0
445,2026-08-31 00:00:00+03:00,2026-09-14 00:00:00+03:00,False,True,14,3.1523366044786316,0
46,2026-08-31 00:00:00+03:00,2026-09-14 00:00:00+03:00,False,True,21,13.495124933433983,0
47,2026-08-31 00:00:00+03:00,2026-09-14 00:00:00+03:00,False,True,21,74.28440210774157,0
479,2026-08-31 00:00:00+03:00,2026-09-14 00:00:00+03:00,True,False,28,98.89684433896456,28
481,2026-08-31 00:00:00+03:00,2026-09-14 00:00:00+03:00,False,True,14,3.420913664263927,0
5,2026-08-31 00:00:00+03:00,2026-09-14 00:00:00+03:00,False,True,28,107.62667440552875,0
51,2026-08-31 00:00:00+03:00,2026-09-14 00:00:00+03:00,False,True,21,42.76201787805444,0
516,2026-08-31 00:00:00+03:00,2026-09-14 00:00:00+03:00,False,True,21,18.964064887209116,0
53,2026-08-31 00:00:00+03:00,2026-09-14 00:00:00+03:00,False,True,23,14.381245033867742,0
54,2026-08-31 00:00:00+03:00,2026-09-14 00:00:00+03:00,True,False,21,150.13665045892742,31
556,2026-08-31 00:00:00+03:00,2026-09-14 00:00:00+03:00,False,True,21,4.695020679304697,0
557,2026-08-31 00:00:00+03:00,2026-09-14 00:00:00+03:00,False,True,21,6.244203859756982,0
558,2026-08-31 00:00:00+03:00,2026-09-14 00:00:00+03:00,False,True,14,2.509436656165451,0
560,2026-08-31 00:00:00+03:00,2026-09-14 00:00:00+03:00,False,True,21,2.8174275312800283,0
597,2026-08-31 00:00:00+03:00,2026-09-14 00:00:00+03:00,False,True,28,37.41959609854704,0
598,2026-08-31 00:00:00+03:00,2026-09-14 00:00:00+03:00,False,True,14,3.286457286268445,0
599,2026-08-31 00:00:00+03:00,2026-09-14 00:00:00+03:00,False,True,14,3.3239882115886403,0
6,2026-08-31 00:00:00+03:00,2026-09-14 00:00:00+03:00,True,False,56,561.224528807684,169
69,2026-08-31 00:00:00+03:00,2026-09-14 00:00:00+03:00,True,False,56,1067.0920607371638,266
7,2026-08-31 00:00:00+03:00,2026-09-14 00:00:00+03:00,True,False,56,644.7463165480036,214
70,2026-08-31 00:00:00+03:00,2026-09-14 00:00:00+03:00,False,True,14,8.126034764446148,0
71,2026-08-31 00:00:00+03:00,2026-09-14 00:00:00+03:00,False,True,14,9.11366337916127,0
72,2026-08-31 00:00:00+03:00,2026-09-14 00:00:00+03:00,False,True,16,7.220721175238191,0
8,2026-08-31 00:00:00+03:00,2026-09-14 00:00:00+03:00,True,False,56,700.3950483031546,131
9,2026-08-31 00:00:00+03:00,2026-09-14 00:00:00+03:00,True,False,21,277.3867968713114,43
94,2026-08-31 00:00:00+03:00,2026-09-14 00:00:00+03:00,False,True,14,15.836094344567417,0
95,2026-08-31 00:00:00+03:00,2026-09-14 00:00:00+03:00,False,True,21,3.2152190059056993,0
96,2026-08-31 00:00:00+03:00,2026-09-14 00:00:00+03:00,False,True,21,3.2152190059056993,0
97,2026-08-31 00:00:00+03:00,2026-09-14 00:00:00+03:00,False,True,14,2.792215464448433,0
99,2026-08-31 00:00:00+03:00,2026-09-14 00:00:00+03:00,True,False,56,828.2366711926634,194
