location_id,segment_datetime,segment,time_segment,vehicle_type,actual_slots,shift_overlap_hours
1,2026-07-20 06:00:00+03:00,medium,block_06_12,bike,1.0,4.0
1,2026-07-20 12:00:00+03:00,medium,block_12_18,bike,1.0,6.0
1,2026-07-20 18:00:00+03:00,medium,block_18_24,bike,1.0,2.0
1,2026-07-21 06:00:00+03:00,medium,block_06_12,bike,1.0,4.0
1,2026-07-21 12:00:00+03:00,medium,block_12_18,bike,1.0,6.0
1,2026-07-21 18:00:00+03:00,medium,block_18_24,bike,1.0,2.0
1,2026-07-22 06:00:00+03:00,medium,block_06_12,bike,1.0,4.0
1,2026-07-22 12:00:00+03:00,medium,block_12_18,bike,1.0,6.0
1,2026-07-22 18:00:00+03:00,medium,block_18_24,bike,1.0,2.0
10,2026-07-20 06:00:00+03:00,medium,block_06_12,bike,1.0,4.0
10,2026-07-20 12:00:00+03:00,medium,block_12_18,bike,3.0,6.5
10,2026-07-20 18:00:00+03:00,medium,block_18_24,bike,1.0,5.0
10,2026-07-21 06:00:00+03:00,medium,block_06_12,bike,1.0,4.0
10,2026-07-21 12:00:00+03:00,medium,block_12_18,bike,2.0,6.0
10,2026-07-21 18:00:00+03:00,medium,block_18_24,bike,1.0,5.0
10,2026-07-22 06:00:00+03:00,medium,block_06_12,bike,2.0,6.0
10,2026-07-22 12:00:00+03:00,medium,block_12_18,bike,2.0,8.0
10,2026-07-22 18:00:00+03:00,medium,block_18_24,bike,1.0,5.0
101,2026-07-20 09:00:00+03:00,high,morning,auto,3.0,5.0
101,2026-07-20 12:00:00+03:00,high,lunch,auto,3.0,12.0
101,2026-07-20 15:00:00+03:00,high,afternoon,auto,3.0,9.0
101,2026-07-20 18:00:00+03:00,high,dinner,auto,2.0,4.0
101,2026-07-20 21:00:00+03:00,high,late_evening,auto,1.0,1.0
101,2026-07-21 09:00:00+03:00,high,morning,auto,3.0,5.0
101,2026-07-21 12:00:00+03:00,high,lunch,auto,3.0,12.0
101,2026-07-21 15:00:00+03:00,high,afternoon,auto,3.0,9.0
101,2026-07-21 18:00:00+03:00,high,dinner,auto,2.0,6.0
101,2026-07-21 21:00:00+03:00,high,late_evening,auto,2.0,2.0
101,2026-07-22 09:00:00+03:00,high,morning,auto,3.0,5.0
101,2026-07-22 12:00:00+03:00,high,lunch,auto,3.0,12.0
101,2026-07-22 15:00:00+03:00,high,afternoon,auto,4.0,10.0
101,2026-07-22 18:00:00+03:00,high,dinner,auto,2.0,6.0
101,2026-07-22 21:00:00+03:00,high,late_evening,auto,2.0,2.0
11,2026-07-20 00:00:00+03:00,medium,block_00_06,auto,4.0,13.5
11,2026-07-20 06:00:00+03:00,medium,block_06_12,auto,4.0,7.0
11,2026-07-20 18:00:00+03:00,medium,block_18_24,auto,2.0,2.0
11,2026-07-21 00:00:00+03:00,medium,block_00_06,auto,3.0,17.5
11,2026-07-21 06:00:00+03:00,medium,block_06_12,auto,4.0,5.5
11,2026-07-21 18:00:00+03:00,medium,block_18_24,auto,3.0,5.0
11,2026-07-22 00:00:00+03:00,medium,block_00_06,auto,4.0,19.0
11,2026-07-22 06:00:00+03:00,medium,block_06_12,auto,3.0,5.0
11,2026-07-22 18:00:00+03:00,medium,block_18_24,auto,1.0,2.0
11,2026-07-23 00:00:00+03:00,medium,block_00_06,auto,2.0,12.0
11,2026-07-23 06:00:00+03:00,medium,block_06_12,auto,2.0,4.0
115,2026-07-20 09:00:00+03:00,high,morning,auto,3.0,6.0
115,2026-07-20 09:00:00+03:00,high,morning,bike,1.0,2.0
115,2026-07-20 12:00:00+03:00,high,lunch,auto,3.0,12.0
115,2026-07-20 12:00:00+03:00,high,lunch,bike,1.0,4.0
115,2026-07-20 15:00:00+03:00,high,afternoon,auto,3.0,7.0
115,2026-07-20 15:00:00+03:00,high,afternoon,bike,1.0,3.0
115,2026-07-20 18:00:00+03:00,high,dinner,auto,2.0,6.0
115,2026-07-20 18:00:00+03:00,high,dinner,bike,1.0,2.0
115,2026-07-20 21:00:00+03:00,high,late_evening,auto,1.0,1.0
115,2026-07-21 09:00:00+03:00,high,morning,auto,4.0,6.0
115,2026-07-21 09:00:00+03:00,high,morning,bike,1.0,2.0
115,2026-07-21 12:00:00+03:00,high,lunch,auto,3.0,12.0
115,2026-07-21 12:00:00+03:00,high,lunch,bike,1.0,4.0
115,2026-07-21 15:00:00+03:00,high,afternoon,auto,3.0,9.0
115,2026-07-21 15:00:00+03:00,high,afternoon,bike,1.0,3.0
115,2026-07-21 18:00:00+03:00,high,dinner,auto,3.0,9.0
115,2026-07-21 18:00:00+03:00,high,dinner,bike,1.0,2.0
115,2026-07-21 21:00:00+03:00,high,late_evening,auto,2.0,2.0
115,2026-07-21 21:00:00+03:00,high,late_evening,bike,1.0,1.0
115,2026-07-22 09:00:00+03:00,high,morning,auto,3.0,5.0
115,2026-07-22 09:00:00+03:00,high,morning,bike,1.0,2.0
115,2026-07-22 12:00:00+03:00,high,lunch,auto,3.0,12.0
115,2026-07-22 12:00:00+03:00,high,lunch,bike,1.0,4.0
115,2026-07-22 15:00:00+03:00,high,afternoon,auto,3.0,9.0
115,2026-07-22 15:00:00+03:00,high,afternoon,bike,1.0,3.0
115,2026-07-22 18:00:00+03:00,high,dinner,auto,3.0,8.0
115,2026-07-22 18:00:00+03:00,high,dinner,bike,1.0,2.0
115,2026-07-22 21:00:00+03:00,high,late_evening,auto,1.0,1.0
12,2026-07-20 09:00:00+03:00,high,morning,auto,1.0,2.0
12,2026-07-20 12:00:00+03:00,high,lunch,auto,2.0,8.0
12,2026-07-20 12:00:00+03:00,high,lunch,bike,1.0,4.0
12,2026-07-20 15:00:00+03:00,high,afternoon,auto,2.0,6.0
12,2026-07-20 15:00:00+03:00,high,afternoon,bike,1.0,3.0
12,2026-07-20 18:00:00+03:00,high,dinner,auto,3.0,8.0
12,2026-07-20 21:00:00+03:00,high,late_evening,auto,3.0,3.0
12,2026-07-21 09:00:00+03:00,high,morning,bike,1.0,2.0
12,2026-07-21 12:00:00+03:00,high,lunch,auto,1.0,4.0
12,2026-07-21 12:00:00+03:00,high,lunch,bike,1.0,4.0
12,2026-07-21 15:00:00+03:00,high,afternoon,auto,1.0,3.0
12,2026-07-21 15:00:00+03:00,high,afternoon,bike,1.0,3.0
12,2026-07-21 18:00:00+03:00,high,dinner,auto,2.0,4.0
12,2026-07-21 18:00:00+03:00,high,dinner,bike,1.0,2.0
12,2026-07-21 21:00:00+03:00,high,late_evening,auto,2.0,2.0
12,2026-07-22 09:00:00+03:00,high,morning,auto,2.0,4.0
12,2026-07-22 09:00:00+03:00,high,morning,bike,1.0,2.0
12,2026-07-22 12:00:00+03:00,high,lunch,auto,2.0,8.0
12,2026-07-22 12:00:00+03:00,high,lunch,bike,1.0,4.0
12,2026-07-22 15:00:00+03:00,high,afternoon,auto,2.0,6.0
12,2026-07-22 15:00:00+03:00,high,afternoon,bike,1.0,2.0
12,2026-07-22 18:00:00+03:00,high,dinner,auto,2.0,5.0
12,2026-07-22 21:00:00+03:00,high,late_evening,auto,1.0,1.0
123,2026-07-20 09:00:00+03:00,high,morning,bike,2.0,4.0
123,2026-07-20 12:00:00+03:00,high,lunch,bike,2.0,6.0
123,2026-07-20 15:00:00+03:00,high,afternoon,bike,1.0,3.0
123,2026-07-20 18:00:00+03:00,high,dinner,bike,1.0,3.0
123,2026-07-20 21:00:00+03:00,high,late_evening,bike,1.0,3.0
123,2026-07-21 09:00:00+03:00,high,morning,bike,2.0,4.0
123,2026-07-21 12:00:00+03:00,high,lunch,bike,2.0,5.0
123,2026-07-21 15:00:00+03:00,high,afternoon,bike,1.0,3.0
123,2026-07-21 18:00:00+03:00,high,dinner,bike,1.0,3.0
123,2026-07-21 21:00:00+03:00,high,late_evening,bike,1.0,3.0
123,2026-07-22 09:00:00+03:00,high,morning,bike,2.0,4.0
123,2026-07-22 12:00:00+03:00,high,lunch,bike,2.0,6.0
123,2026-07-22 15:00:00+03:00,high,afternoon,bike,1.0,3.0
123,2026-07-22 18:00:00+03:00,high,dinner,bike,1.0,3.0
123,2026-07-22 21:00:00+03:00,high,late_evening,bike,1.0,3.0
126,2026-07-20 09:00:00+03:00,high,morning,bike,3.0,6.0
126,2026-07-20 12:00:00+03:00,high,lunch,bike,3.0,12.0
126,2026-07-20 15:00:00+03:00,high,afternoon,bike,3.0,7.0
126,2026-07-20 18:00:00+03:00,high,dinner,bike,2.0,5.0
126,2026-07-20 21:00:00+03:00,high,late_evening,bike,1.0,1.0
126,2026-07-21 09:00:00+03:00,high,morning,bike,3.0,6.0
126,2026-07-21 12:00:00+03:00,high,lunch,bike,3.0,12.0
126,2026-07-21 15:00:00+03:00,high,afternoon,bike,3.0,7.0
126,2026-07-21 18:00:00+03:00,high,dinner,bike,2.0,5.0
126,2026-07-21 21:00:00+03:00,high,late_evening,bike,1.0,1.0
126,2026-07-22 09:00:00+03:00,high,morning,bike,3.0,6.0
126,2026-07-22 12:00:00+03:00,high,lunch,bike,3.0,12.0
126,2026-07-22 15:00:00+03:00,high,afternoon,bike,3.0,7.0
126,2026-07-22 18:00:00+03:00,high,dinner,bike,2.0,5.0
126,2026-07-22 21:00:00+03:00,high,late_evening,bike,1.0,1.0
128,2026-07-20 09:00:00+03:00,high,morning,bike,2.0,4.0
128,2026-07-20 12:00:00+03:00,high,lunch,bike,2.0,8.0
128,2026-07-20 15:00:00+03:00,high,afternoon,bike,2.0,6.0
128,2026-07-20 18:00:00+03:00,high,dinner,bike,2.0,5.0
128,2026-07-20 21:00:00+03:00,high,late_evening,bike,1.0,3.0
128,2026-07-21 09:00:00+03:00,high,morning,bike,2.0,4.0
128,2026-07-21 12:00:00+03:00,high,lunch,bike,2.0,8.0
128,2026-07-21 15:00:00+03:00,high,afternoon,bike,2.0,6.0
128,2026-07-21 18:00:00+03:00,high,dinner,bike,2.0,5.0
128,2026-07-21 21:00:00+03:00,high,late_evening,bike,1.0,3.0
128,2026-07-22 09:00:00+03:00,high,morning,bike,2.0,4.0
128,2026-07-22 12:00:00+03:00,high,lunch,bike,2.0,8.0
128,2026-07-22 15:00:00+03:00,high,afternoon,bike,2.0,6.0
128,2026-07-22 18:00:00+03:00,high,dinner,bike,2.0,5.0
128,2026-07-22 21:00:00+03:00,high,late_evening,bike,1.0,3.0
14,2026-07-20 09:00:00+03:00,high,morning,auto,3.0,5.0
14,2026-07-20 12:00:00+03:00,high,lunch,auto,3.0,12.0
14,2026-07-20 15:00:00+03:00,high,afternoon,auto,3.0,7.0
14,2026-07-20 18:00:00+03:00,high,dinner,auto,3.0,7.0
14,2026-07-20 21:00:00+03:00,high,late_evening,auto,3.0,5.0
14,2026-07-21 09:00:00+03:00,high,morning,auto,2.0,4.0
14,2026-07-21 12:00:00+03:00,high,lunch,auto,3.0,12.0
14,2026-07-21 15:00:00+03:00,high,afternoon,auto,4.0,9.0
14,2026-07-21 18:00:00+03:00,high,dinner,auto,3.0,9.0
14,2026-07-21 21:00:00+03:00,high,late_evening,auto,3.0,5.0
14,2026-07-22 09:00:00+03:00,high,morning,auto,4.0,7.0
14,2026-07-22 12:00:00+03:00,high,lunch,auto,5.0,20.0
14,2026-07-22 15:00:00+03:00,high,afternoon,auto,5.0,11.0
14,2026-07-22 18:00:00+03:00,high,dinner,auto,3.0,9.0
14,2026-07-22 21:00:00+03:00,high,late_evening,auto,1.0,2.0
142,2026-07-20 06:00:00+03:00,medium,block_06_12,bike,1.0,4.0
142,2026-07-20 12:00:00+03:00,medium,block_12_18,bike,1.0,6.0
142,2026-07-20 18:00:00+03:00,medium,block_18_24,bike,1.0,4.0
142,2026-07-21 06:00:00+03:00,medium,block_06_12,bike,1.0,4.0
142,2026-07-21 12:00:00+03:00,medium,block_12_18,bike,1.0,6.0
142,2026-07-21 18:00:00+03:00,medium,block_18_24,bike,1.0,4.0
142,2026-07-22 06:00:00+03:00,medium,block_06_12,bike,1.0,4.0
142,2026-07-22 12:00:00+03:00,medium,block_12_18,bike,1.0,6.0
142,2026-07-22 18:00:00+03:00,medium,block_18_24,bike,1.0,4.0
16,2026-07-20 06:00:00+03:00,medium,block_06_12,bike,1.0,3.0
16,2026-07-20 12:00:00+03:00,medium,block_12_18,bike,1.0,6.0
16,2026-07-20 18:00:00+03:00,medium,block_18_24,bike,1.0,3.0
16,2026-07-21 06:00:00+03:00,medium,block_06_12,bike,1.0,3.0
16,2026-07-21 12:00:00+03:00,medium,block_12_18,bike,1.0,6.0
16,2026-07-21 18:00:00+03:00,medium,block_18_24,bike,1.0,3.0
16,2026-07-22 06:00:00+03:00,medium,block_06_12,bike,1.0,3.0
16,2026-07-22 12:00:00+03:00,medium,block_12_18,bike,1.0,6.0
16,2026-07-22 18:00:00+03:00,medium,block_18_24,bike,1.0,3.0
17,2026-07-20 09:00:00+03:00,high,morning,auto,3.0,6.0
17,2026-07-20 12:00:00+03:00,high,lunch,auto,3.0,12.0
17,2026-07-20 15:00:00+03:00,high,afternoon,auto,3.0,9.0
17,2026-07-20 18:00:00+03:00,high,dinner,auto,3.0,8.0
17,2026-07-20 21:00:00+03:00,high,late_evening,auto,2.0,2.0
17,2026-07-21 09:00:00+03:00,high,morning,auto,3.0,5.5
17,2026-07-21 12:00:00+03:00,high,lunch,auto,3.0,12.0
17,2026-07-21 15:00:00+03:00,high,afternoon,auto,3.0,9.0
17,2026-07-21 18:00:00+03:00,high,dinner,auto,3.0,8.0
17,2026-07-21 21:00:00+03:00,high,late_evening,auto,1.0,1.0
17,2026-07-22 09:00:00+03:00,high,morning,auto,3.0,5.5
17,2026-07-22 12:00:00+03:00,high,lunch,auto,3.0,12.0
17,2026-07-22 15:00:00+03:00,high,afternoon,auto,3.0,9.0
17,2026-07-22 18:00:00+03:00,high,dinner,auto,3.0,8.0
17,2026-07-22 21:00:00+03:00,high,late_evening,auto,1.0,1.0
18,2026-07-20 06:00:00+03:00,medium,block_06_12,auto,3.0,11.0
18,2026-07-20 12:00:00+03:00,medium,block_12_18,auto,4.0,17.0
18,2026-07-20 18:00:00+03:00,medium,block_18_24,auto,3.0,9.0
18,2026-07-21 06:00:00+03:00,medium,block_06_12,auto,3.0,12.0
18,2026-07-21 12:00:00+03:00,medium,block_12_18,auto,3.0,18.0
18,2026-07-21 18:00:00+03:00,medium,block_18_24,auto,3.0,10.0
18,2026-07-22 06:00:00+03:00,medium,block_06_12,auto,3.0,12.0
18,2026-07-22 12:00:00+03:00,medium,block_12_18,auto,3.0,18.0
18,2026-07-22 18:00:00+03:00,medium,block_18_24,auto,3.0,8.0
2,2026-07-20 09:00:00+03:00,high,morning,bike,3.0,6.0
2,2026-07-20 12:00:00+03:00,high,lunch,bike,3.0,12.0
2,2026-07-20 15:00:00+03:00,high,afternoon,bike,3.0,9.0
2,2026-07-20 18:00:00+03:00,high,dinner,bike,3.0,6.0
2,2026-07-20 21:00:00+03:00,high,late_evening,bike,1.0,3.0
2,2026-07-21 09:00:00+03:00,high,morning,bike,3.0,6.0
2,2026-07-21 12:00:00+03:00,high,lunch,bike,3.0,12.0
2,2026-07-21 15:00:00+03:00,high,afternoon,bike,4.0,9.0
2,2026-07-21 18:00:00+03:00,high,dinner,bike,3.0,6.0
2,2026-07-21 21:00:00+03:00,high,late_evening,bike,1.0,3.0
2,2026-07-22 09:00:00+03:00,high,morning,bike,3.0,6.0
2,2026-07-22 12:00:00+03:00,high,lunch,bike,3.0,12.0
2,2026-07-22 15:00:00+03:00,high,afternoon,bike,4.0,9.0
2,2026-07-22 18:00:00+03:00,high,dinner,bike,3.0,6.0
2,2026-07-22 21:00:00+03:00,high,late_evening,bike,1.0,3.0
20,2026-07-20 06:00:00+03:00,medium,block_06_12,auto,1.0,4.0
20,2026-07-20 12:00:00+03:00,medium,block_12_18,auto,1.0,6.0
20,2026-07-20 18:00:00+03:00,medium,block_18_24,auto,1.0,2.0
20,2026-07-21 06:00:00+03:00,medium,block_06_12,auto,1.0,3.5
20,2026-07-21 12:00:00+03:00,medium,block_12_18,auto,1.0,6.0
20,2026-07-21 18:00:00+03:00,medium,block_18_24,auto,1.0,2.5
20,2026-07-22 06:00:00+03:00,medium,block_06_12,auto,1.0,3.5
20,2026-07-22 12:00:00+03:00,medium,block_12_18,auto,1.0,6.0
20,2026-07-22 18:00:00+03:00,medium,block_18_24,auto,1.0,2.5
21,2026-07-20 09:00:00+03:00,high,morning,auto,5.0,9.0
21,2026-07-20 12:00:00+03:00,high,lunch,auto,5.0,20.0
21,2026-07-20 15:00:00+03:00,high,afternoon,auto,5.0,15.0
21,2026-07-20 18:00:00+03:00,high,dinner,auto,5.0,14.5
21,2026-07-20 21:00:00+03:00,high,late_evening,auto,4.0,8.0
21,2026-07-21 09:00:00+03:00,high,morning,auto,4.0,7.0
21,2026-07-21 12:00:00+03:00,high,lunch,auto,4.0,16.0
21,2026-07-21 15:00:00+03:00,high,afternoon,auto,5.0,14.0
21,2026-07-21 18:00:00+03:00,high,dinner,auto,5.0,15.0
21,2026-07-21 21:00:00+03:00,high,late_evening,auto,3.0,6.0
21,2026-07-22 09:00:00+03:00,high,morning,auto,5.0,9.0
21,2026-07-22 12:00:00+03:00,high,lunch,auto,5.0,20.0
21,2026-07-22 15:00:00+03:00,high,afternoon,auto,5.0,15.0
21,2026-07-22 18:00:00+03:00,high,dinner,auto,5.0,13.0
21,2026-07-22 21:00:00+03:00,high,late_evening,auto,3.0,6.0
25,2026-07-20 09:00:00+03:00,high,morning,bike,2.0,4.0
25,2026-07-20 12:00:00+03:00,high,lunch,bike,2.0,8.0
25,2026-07-20 15:00:00+03:00,high,afternoon,bike,2.0,4.0
25,2026-07-20 18:00:00+03:00,high,dinner,bike,1.0,3.0
25,2026-07-20 21:00:00+03:00,high,late_evening,bike,1.0,3.0
25,2026-07-21 09:00:00+03:00,high,morning,bike,2.0,4.0
25,2026-07-21 12:00:00+03:00,high,lunch,bike,2.0,8.0
25,2026-07-21 15:00:00+03:00,high,afternoon,bike,2.0,4.0
25,2026-07-21 18:00:00+03:00,high,dinner,bike,1.0,3.0
25,2026-07-21 21:00:00+03:00,high,late_evening,bike,1.0,3.0
25,2026-07-22 09:00:00+03:00,high,morning,bike,2.0,4.0
25,2026-07-22 12:00:00+03:00,high,lunch,bike,2.0,8.0
25,2026-07-22 15:00:00+03:00,high,afternoon,bike,2.0,4.0
25,2026-07-22 18:00:00+03:00,high,dinner,bike,1.0,3.0
25,2026-07-22 21:00:00+03:00,high,late_evening,bike,1.0,3.0
26,2026-07-20 06:00:00+03:00,medium,block_06_12,bike,1.0,4.0
26,2026-07-20 12:00:00+03:00,medium,block_12_18,bike,1.0,6.0
26,2026-07-20 18:00:00+03:00,medium,block_18_24,bike,1.0,4.5
26,2026-07-21 06:00:00+03:00,medium,block_06_12,bike,1.0,4.0
26,2026-07-21 12:00:00+03:00,medium,block_12_18,bike,1.0,6.0
26,2026-07-21 18:00:00+03:00,medium,block_18_24,bike,1.0,4.5
26,2026-07-22 06:00:00+03:00,medium,block_06_12,bike,1.0,4.0
26,2026-07-22 12:00:00+03:00,medium,block_12_18,bike,1.0,6.0
26,2026-07-22 18:00:00+03:00,medium,block_18_24,bike,1.0,4.5
29,2026-07-20 09:00:00+03:00,mega,morning,auto,3.0,6.0
29,2026-07-20 09:00:00+03:00,mega,morning,bike,1.0,2.0
29,2026-07-20 12:00:00+03:00,mega,lunch,auto,3.0,12.0
29,2026-07-20 12:00:00+03:00,mega,lunch,bike,1.0,4.0
29,2026-07-20 15:00:00+03:00,mega,afternoon,auto,4.0,11.0
29,2026-07-20 15:00:00+03:00,mega,afternoon,bike,1.0,3.0
29,2026-07-20 18:00:00+03:00,mega,dinner,auto,7.0,15.5
29,2026-07-20 18:00:00+03:00,mega,dinner,bike,1.0,3.0
29,2026-07-20 21:00:00+03:00,mega,late_evening,auto,5.0,5.0
29,2026-07-21 09:00:00+03:00,mega,morning,auto,8.0,15.5
29,2026-07-21 09:00:00+03:00,mega,morning,bike,1.0,2.0
29,2026-07-21 12:00:00+03:00,mega,lunch,auto,9.0,34.5
29,2026-07-21 12:00:00+03:00,mega,lunch,bike,1.0,3.0
29,2026-07-21 15:00:00+03:00,mega,afternoon,auto,10.0,23.5
29,2026-07-21 18:00:00+03:00,mega,dinner,auto,9.0,21.0
29,2026-07-21 21:00:00+03:00,mega,late_evening,auto,4.0,4.0
29,2026-07-22 09:00:00+03:00,mega,morning,auto,6.0,10.5
29,2026-07-22 09:00:00+03:00,mega,morning,bike,2.0,4.0
29,2026-07-22 12:00:00+03:00,mega,lunch,auto,7.0,28.0
29,2026-07-22 12:00:00+03:00,mega,lunch,bike,2.0,7.0
29,2026-07-22 15:00:00+03:00,mega,afternoon,auto,9.0,21.0
29,2026-07-22 15:00:00+03:00,mega,afternoon,bike,1.0,3.0
29,2026-07-22 18:00:00+03:00,mega,dinner,auto,9.0,17.0
29,2026-07-22 18:00:00+03:00,mega,dinner,bike,1.0,2.0
29,2026-07-22 21:00:00+03:00,mega,late_evening,auto,3.0,3.0
30,2026-07-20 09:00:00+03:00,mega,morning,auto,2.0,3.0
30,2026-07-20 09:00:00+03:00,mega,morning,bike,2.0,4.0
30,2026-07-20 12:00:00+03:00,mega,lunch,auto,4.0,16.0
30,2026-07-20 12:00:00+03:00,mega,lunch,bike,1.0,4.0
30,2026-07-20 15:00:00+03:00,mega,afternoon,auto,4.0,12.0
30,2026-07-20 15:00:00+03:00,mega,afternoon,bike,1.0,3.0
30,2026-07-20 18:00:00+03:00,mega,dinner,auto,4.0,11.0
30,2026-07-20 18:00:00+03:00,mega,dinner,bike,1.0,3.0
30,2026-07-20 21:00:00+03:00,mega,late_evening,auto,4.0,6.5
30,2026-07-21 09:00:00+03:00,mega,morning,auto,4.0,5.5
30,2026-07-21 09:00:00+03:00,mega,morning,bike,2.0,4.0
30,2026-07-21 12:00:00+03:00,mega,lunch,auto,5.0,17.0
30,2026-07-21 12:00:00+03:00,mega,lunch,bike,1.0,4.0
30,2026-07-21 15:00:00+03:00,mega,afternoon,auto,5.0,13.0
30,2026-07-21 15:00:00+03:00,mega,afternoon,bike,1.0,3.0
30,2026-07-21 18:00:00+03:00,mega,dinner,auto,4.0,12.0
30,2026-07-21 18:00:00+03:00,mega,dinner,bike,1.0,3.0
30,2026-07-21 21:00:00+03:00,mega,late_evening,auto,4.0,8.0
30,2026-07-22 09:00:00+03:00,mega,morning,auto,5.0,8.0
30,2026-07-22 09:00:00+03:00,mega,morning,bike,1.0,2.0
30,2026-07-22 12:00:00+03:00,mega,lunch,auto,6.0,24.0
30,2026-07-22 12:00:00+03:00,mega,lunch,bike,1.0,4.0
30,2026-07-22 15:00:00+03:00,mega,afternoon,auto,6.0,14.0
30,2026-07-22 15:00:00+03:00,mega,afternoon,bike,1.0,3.0
30,2026-07-22 18:00:00+03:00,mega,dinner,auto,5.0,13.0
30,2026-07-22 18:00:00+03:00,mega,dinner,bike,1.0,3.0
30,2026-07-22 21:00:00+03:00,mega,late_evening,auto,5.0,10.0
33,2026-07-20 09:00:00+03:00,high,morning,auto,1.0,2.0
33,2026-07-20 09:00:00+03:00,high,morning,bike,2.0,4.0
33,2026-07-20 12:00:00+03:00,high,lunch,auto,1.0,4.0
33,2026-07-20 12:00:00+03:00,high,lunch,bike,2.0,8.0
33,2026-07-20 15:00:00+03:00,high,afternoon,auto,1.0,3.0
33,2026-07-20 15:00:00+03:00,high,afternoon,bike,2.0,4.0
33,2026-07-20 18:00:00+03:00,high,dinner,auto,2.0,3.0
33,2026-07-20 18:00:00+03:00,high,dinner,bike,1.0,2.0
33,2026-07-20 21:00:00+03:00,high,late_evening,auto,1.0,2.0
33,2026-07-21 09:00:00+03:00,high,morning,auto,2.0,4.0
33,2026-07-21 09:00:00+03:00,high,morning,bike,1.0,2.0
33,2026-07-21 12:00:00+03:00,high,lunch,auto,2.0,8.0
33,2026-07-21 12:00:00+03:00,high,lunch,bike,1.0,4.0
33,2026-07-21 15:00:00+03:00,high,afternoon,auto,2.0,4.0
33,2026-07-21 15:00:00+03:00,high,afternoon,bike,1.0,3.0
33,2026-07-21 18:00:00+03:00,high,dinner,auto,1.0,3.0
33,2026-07-21 18:00:00+03:00,high,dinner,bike,2.0,2.5
33,2026-07-21 21:00:00+03:00,high,late_evening,auto,1.0,2.0
33,2026-07-22 09:00:00+03:00,high,morning,auto,1.0,2.0
33,2026-07-22 09:00:00+03:00,high,morning,bike,2.0,4.0
33,2026-07-22 12:00:00+03:00,high,lunch,auto,2.0,8.0
33,2026-07-22 12:00:00+03:00,high,lunch,bike,2.0,8.0
33,2026-07-22 15:00:00+03:00,high,afternoon,auto,2.0,6.0
33,2026-07-22 15:00:00+03:00,high,afternoon,bike,2.0,4.0
33,2026-07-22 18:00:00+03:00,high,dinner,auto,2.0,6.0
33,2026-07-22 18:00:00+03:00,high,dinner,bike,1.0,2.0
33,2026-07-22 21:00:00+03:00,high,late_evening,auto,1.0,2.0
34,2026-07-20 06:00:00+03:00,medium,block_06_12,auto,1.0,2.0
34,2026-07-20 18:00:00+03:00,medium,block_18_24,auto,2.0,3.0
34,2026-07-21 06:00:00+03:00,medium,block_06_12,auto,1.0,2.0
34,2026-07-21 18:00:00+03:00,medium,block_18_24,auto,2.0,3.0
34,2026-07-22 06:00:00+03:00,medium,block_06_12,auto,1.0,2.0
34,2026-07-22 18:00:00+03:00,medium,block_18_24,auto,1.0,1.0
34,2026-07-23 06:00:00+03:00,medium,block_06_12,auto,1.0,2.0
348,2026-07-20 06:00:00+03:00,medium,block_06_12,auto,1.0,4.0
348,2026-07-20 12:00:00+03:00,medium,block_12_18,auto,1.0,6.0
348,2026-07-20 18:00:00+03:00,medium,block_18_24,auto,1.0,2.0
348,2026-07-21 06:00:00+03:00,medium,block_06_12,auto,1.0,4.0
348,2026-07-21 12:00:00+03:00,medium,block_12_18,auto,1.0,6.0
348,2026-07-21 18:00:00+03:00,medium,block_18_24,auto,1.0,2.0
348,2026-07-22 06:00:00+03:00,medium,block_06_12,auto,1.0,4.0
348,2026-07-22 12:00:00+03:00,medium,block_12_18,auto,1.0,6.0
348,2026-07-22 18:00:00+03:00,medium,block_18_24,auto,1.0,2.0
35,2026-07-20 09:00:00+03:00,high,morning,auto,3.0,5.0
35,2026-07-20 09:00:00+03:00,high,morning,bike,1.0,2.0
35,2026-07-20 12:00:00+03:00,high,lunch,auto,3.0,11.0
35,2026-07-20 12:00:00+03:00,high,lunch,bike,1.0,4.0
35,2026-07-20 15:00:00+03:00,high,afternoon,auto,2.0,6.0
35,2026-07-20 15:00:00+03:00,high,afternoon,bike,1.0,3.0
35,2026-07-20 18:00:00+03:00,high,dinner,auto,2.0,5.0
35,2026-07-20 18:00:00+03:00,high,dinner,bike,1.0,3.0
35,2026-07-20 21:00:00+03:00,high,late_evening,auto,1.0,1.0
35,2026-07-20 21:00:00+03:00,high,late_evening,bike,2.0,1.0
35,2026-07-21 09:00:00+03:00,high,morning,auto,3.0,5.0
35,2026-07-21 09:00:00+03:00,high,morning,bike,1.0,2.0
35,2026-07-21 12:00:00+03:00,high,lunch,auto,4.0,15.0
35,2026-07-21 12:00:00+03:00,high,lunch,bike,3.0,5.5
35,2026-07-21 15:00:00+03:00,high,afternoon,auto,3.0,9.0
35,2026-07-21 15:00:00+03:00,high,afternoon,bike,2.0,4.5
35,2026-07-21 18:00:00+03:00,high,dinner,auto,3.0,8.0
35,2026-07-21 18:00:00+03:00,high,dinner,bike,1.0,3.0
35,2026-07-21 21:00:00+03:00,high,late_evening,auto,2.0,3.0
35,2026-07-21 21:00:00+03:00,high,late_evening,bike,1.0,2.0
35,2026-07-22 09:00:00+03:00,high,morning,auto,2.0,4.0
35,2026-07-22 09:00:00+03:00,high,morning,bike,1.0,2.0
35,2026-07-22 12:00:00+03:00,high,lunch,auto,4.0,9.0
35,2026-07-22 12:00:00+03:00,high,lunch,bike,1.0,4.0
35,2026-07-22 15:00:00+03:00,high,afternoon,auto,3.0,9.0
35,2026-07-22 15:00:00+03:00,high,afternoon,bike,1.0,3.0
35,2026-07-22 18:00:00+03:00,high,dinner,auto,3.0,8.0
35,2026-07-22 18:00:00+03:00,high,dinner,bike,1.0,2.0
35,2026-07-22 21:00:00+03:00,high,late_evening,auto,2.0,4.0
38,2026-07-21 06:00:00+03:00,medium,block_06_12,bike,1.0,4.0
38,2026-07-21 12:00:00+03:00,medium,block_12_18,bike,1.0,6.0
38,2026-07-21 18:00:00+03:00,medium,block_18_24,bike,1.0,6.0
39,2026-07-20 09:00:00+03:00,mega,morning,auto,3.0,6.0
39,2026-07-20 12:00:00+03:00,mega,lunch,auto,3.0,12.0
39,2026-07-20 15:00:00+03:00,mega,afternoon,auto,3.0,8.5
39,2026-07-20 18:00:00+03:00,mega,dinner,auto,3.0,9.0
39,2026-07-20 21:00:00+03:00,mega,late_evening,auto,2.0,3.0
39,2026-07-21 09:00:00+03:00,mega,morning,auto,3.0,6.0
39,2026-07-21 12:00:00+03:00,mega,lunch,auto,3.0,12.0
39,2026-07-21 15:00:00+03:00,mega,afternoon,auto,3.0,9.0
39,2026-07-21 18:00:00+03:00,mega,dinner,auto,3.0,9.0
39,2026-07-21 21:00:00+03:00,mega,late_evening,auto,2.0,3.0
39,2026-07-22 09:00:00+03:00,mega,morning,auto,3.0,6.0
39,2026-07-22 12:00:00+03:00,mega,lunch,auto,4.0,13.0
39,2026-07-22 15:00:00+03:00,mega,afternoon,auto,4.0,12.0
39,2026-07-22 18:00:00+03:00,mega,dinner,auto,4.0,8.0
39,2026-07-22 21:00:00+03:00,mega,late_evening,auto,1.0,2.0
4,2026-07-20 09:00:00+03:00,high,morning,auto,2.0,3.0
4,2026-07-20 09:00:00+03:00,high,morning,bike,3.0,5.0
4,2026-07-20 12:00:00+03:00,high,lunch,auto,2.0,8.0
4,2026-07-20 12:00:00+03:00,high,lunch,bike,3.0,11.5
4,2026-07-20 15:00:00+03:00,high,afternoon,auto,2.0,6.0
4,2026-07-20 15:00:00+03:00,high,afternoon,bike,3.0,6.5
4,2026-07-20 18:00:00+03:00,high,dinner,auto,2.0,6.0
4,2026-07-20 18:00:00+03:00,high,dinner,bike,3.0,5.5
4,2026-07-20 21:00:00+03:00,high,late_evening,auto,1.0,3.0
4,2026-07-20 21:00:00+03:00,high,late_evening,bike,2.0,2.0
4,2026-07-21 09:00:00+03:00,high,morning,auto,2.0,4.0
4,2026-07-21 09:00:00+03:00,high,morning,bike,2.0,3.0
4,2026-07-21 12:00:00+03:00,high,lunch,auto,2.0,8.0
4,2026-07-21 12:00:00+03:00,high,lunch,bike,3.0,11.5
4,2026-07-21 15:00:00+03:00,high,afternoon,auto,2.0,6.0
4,2026-07-21 15:00:00+03:00,high,afternoon,bike,3.0,7.0
4,2026-07-21 18:00:00+03:00,high,dinner,auto,2.0,6.0
4,2026-07-21 18:00:00+03:00,high,dinner,bike,2.0,6.0
4,2026-07-21 21:00:00+03:00,high,late_evening,auto,1.0,3.0
4,2026-07-21 21:00:00+03:00,high,late_evening,bike,1.0,1.0
4,2026-07-22 09:00:00+03:00,high,morning,auto,1.0,2.0
4,2026-07-22 09:00:00+03:00,high,morning,bike,4.0,7.0
4,2026-07-22 12:00:00+03:00,high,lunch,auto,2.0,8.0
4,2026-07-22 12:00:00+03:00,high,lunch,bike,4.0,16.0
4,2026-07-22 15:00:00+03:00,high,afternoon,auto,2.0,6.0
4,2026-07-22 15:00:00+03:00,high,afternoon,bike,4.0,10.0
4,2026-07-22 18:00:00+03:00,high,dinner,auto,2.0,6.0
4,2026-07-22 18:00:00+03:00,high,dinner,bike,3.0,8.0
4,2026-07-22 21:00:00+03:00,high,late_evening,auto,2.0,4.0
4,2026-07-22 21:00:00+03:00,high,late_evening,bike,1.0,1.0
434,2026-07-20 06:00:00+03:00,medium,block_06_12,auto,3.0,8.0
434,2026-07-20 12:00:00+03:00,medium,block_12_18,auto,3.0,18.0
434,2026-07-20 18:00:00+03:00,medium,block_18_24,auto,3.0,12.0
434,2026-07-21 06:00:00+03:00,medium,block_06_12,auto,4.0,11.5
434,2026-07-21 12:00:00+03:00,medium,block_12_18,auto,4.0,19.5
434,2026-07-21 18:00:00+03:00,medium,block_18_24,auto,3.0,12.0
434,2026-07-22 06:00:00+03:00,medium,block_06_12,auto,3.0,9.0
434,2026-07-22 12:00:00+03:00,medium,block_12_18,auto,4.0,18.0
434,2026-07-22 18:00:00+03:00,medium,block_18_24,auto,3.0,12.0
479,2026-07-20 00:00:00+03:00,medium,block_00_06,auto,1.0,6.0
479,2026-07-20 06:00:00+03:00,medium,block_06_12,auto,1.0,2.0
479,2026-07-20 06:00:00+03:00,medium,block_06_12,bike,1.0,2.0
479,2026-07-21 00:00:00+03:00,medium,block_00_06,auto,1.0,6.0
479,2026-07-21 06:00:00+03:00,medium,block_06_12,auto,2.0,3.0
479,2026-07-21 06:00:00+03:00,medium,block_06_12,bike,1.0,2.0
479,2026-07-22 00:00:00+03:00,medium,block_00_06,auto,1.0,6.0
479,2026-07-22 06:00:00+03:00,medium,block_06_12,auto,1.0,2.0
479,2026-07-22 06:00:00+03:00,medium,block_06_12,bike,1.0,2.0
479,2026-07-23 00:00:00+03:00,medium,block_00_06,auto,1.0,6.0
479,2026-07-23 06:00:00+03:00,medium,block_06_12,auto,1.0,2.0
6,2026-07-20 00:00:00+03:00,mega,deep_night,auto,2.0,2.5
6,2026-07-20 06:00:00+03:00,mega,early_morning,auto,1.0,1.0
6,2026-07-20 09:00:00+03:00,mega,morning,auto,2.0,4.0
6,2026-07-20 09:00:00+03:00,mega,morning,bike,2.0,4.0
6,2026-07-20 12:00:00+03:00,mega,lunch,auto,2.0,8.0
6,2026-07-20 12:00:00+03:00,mega,lunch,bike,2.0,8.0
6,2026-07-20 15:00:00+03:00,mega,afternoon,auto,2.0,6.0
6,2026-07-20 15:00:00+03:00,mega,afternoon,bike,2.0,4.5
6,2026-07-20 18:00:00+03:00,mega,dinner,auto,3.0,5.0
6,2026-07-20 18:00:00+03:00,mega,dinner,bike,2.0,3.5
6,2026-07-20 21:00:00+03:00,mega,late_evening,auto,2.0,6.0
6,2026-07-20 21:00:00+03:00,mega,late_evening,bike,1.0,2.0
6,2026-07-21 06:00:00+03:00,mega,early_morning,auto,1.0,1.0
6,2026-07-21 09:00:00+03:00,mega,morning,auto,1.0,2.0
6,2026-07-21 09:00:00+03:00,mega,morning,bike,2.0,4.0
6,2026-07-21 12:00:00+03:00,mega,lunch,auto,1.0,3.0
6,2026-07-21 12:00:00+03:00,mega,lunch,bike,2.0,8.0
6,2026-07-21 15:00:00+03:00,mega,afternoon,bike,2.0,6.0
6,2026-07-21 18:00:00+03:00,mega,dinner,auto,2.0,2.0
6,2026-07-21 18:00:00+03:00,mega,dinner,bike,2.0,5.0
6,2026-07-21 21:00:00+03:00,mega,late_evening,auto,2.0,4.0
6,2026-07-21 21:00:00+03:00,mega,late_evening,bike,1.0,2.0
6,2026-07-22 09:00:00+03:00,mega,morning,auto,1.0,2.0
6,2026-07-22 09:00:00+03:00,mega,morning,bike,2.0,4.0
6,2026-07-22 12:00:00+03:00,mega,lunch,auto,1.0,4.0
6,2026-07-22 12:00:00+03:00,mega,lunch,bike,2.0,8.0
6,2026-07-22 15:00:00+03:00,mega,afternoon,auto,1.0,3.0
6,2026-07-22 15:00:00+03:00,mega,afternoon,bike,2.0,6.0
6,2026-07-22 18:00:00+03:00,mega,dinner,auto,3.0,7.0
6,2026-07-22 18:00:00+03:00,mega,dinner,bike,2.0,5.0
6,2026-07-22 21:00:00+03:00,mega,late_evening,auto,2.0,6.0
6,2026-07-22 21:00:00+03:00,mega,late_evening,bike,1.0,2.0
69,2026-07-20 09:00:00+03:00,mega,morning,auto,3.0,6.0
69,2026-07-20 09:00:00+03:00,mega,morning,bike,2.0,4.0
69,2026-07-20 12:00:00+03:00,mega,lunch,auto,3.0,12.0
69,2026-07-20 12:00:00+03:00,mega,lunch,bike,2.0,8.0
69,2026-07-20 15:00:00+03:00,mega,afternoon,auto,4.0,9.0
69,2026-07-20 15:00:00+03:00,mega,afternoon,bike,2.0,6.0
69,2026-07-20 18:00:00+03:00,mega,dinner,auto,2.0,6.0
69,2026-07-20 18:00:00+03:00,mega,dinner,bike,2.0,5.0
69,2026-07-20 21:00:00+03:00,mega,late_evening,auto,1.0,1.0
69,2026-07-20 21:00:00+03:00,mega,late_evening,bike,1.0,1.0
69,2026-07-21 09:00:00+03:00,mega,morning,auto,3.0,6.0
69,2026-07-21 09:00:00+03:00,mega,morning,bike,3.0,6.0
69,2026-07-21 12:00:00+03:00,mega,lunch,auto,3.0,12.0
69,2026-07-21 12:00:00+03:00,mega,lunch,bike,3.0,12.0
69,2026-07-21 15:00:00+03:00,mega,afternoon,auto,4.0,9.0
69,2026-07-21 15:00:00+03:00,mega,afternoon,bike,3.0,9.0
69,2026-07-21 18:00:00+03:00,mega,dinner,auto,3.0,8.0
69,2026-07-21 18:00:00+03:00,mega,dinner,bike,3.0,7.0
69,2026-07-21 21:00:00+03:00,mega,late_evening,auto,2.0,3.0
69,2026-07-21 21:00:00+03:00,mega,late_evening,bike,2.0,3.0
69,2026-07-22 09:00:00+03:00,mega,morning,auto,3.0,6.0
69,2026-07-22 09:00:00+03:00,mega,morning,bike,3.0,6.0
69,2026-07-22 12:00:00+03:00,mega,lunch,auto,3.0,12.0
69,2026-07-22 12:00:00+03:00,mega,lunch,bike,3.0,12.0
69,2026-07-22 15:00:00+03:00,mega,afternoon,auto,3.0,7.0
69,2026-07-22 15:00:00+03:00,mega,afternoon,bike,3.0,9.0
69,2026-07-22 18:00:00+03:00,mega,dinner,auto,2.0,6.0
69,2026-07-22 18:00:00+03:00,mega,dinner,bike,3.0,8.0
69,2026-07-22 21:00:00+03:00,mega,late_evening,auto,2.0,3.0
69,2026-07-22 21:00:00+03:00,mega,late_evening,bike,2.0,3.0
7,2026-07-20 00:00:00+03:00,mega,deep_night,auto,1.0,5.0
7,2026-07-20 03:00:00+03:00,mega,opening,auto,1.0,2.0
7,2026-07-20 06:00:00+03:00,mega,early_morning,auto,1.0,1.0
7,2026-07-20 06:00:00+03:00,mega,early_morning,bike,1.0,1.0
7,2026-07-20 09:00:00+03:00,mega,morning,auto,3.0,6.0
7,2026-07-20 09:00:00+03:00,mega,morning,bike,1.0,2.0
7,2026-07-20 12:00:00+03:00,mega,lunch,auto,3.0,12.0
7,2026-07-20 12:00:00+03:00,mega,lunch,bike,1.0,4.0
7,2026-07-20 15:00:00+03:00,mega,afternoon,auto,4.0,7.5
7,2026-07-20 15:00:00+03:00,mega,afternoon,bike,2.0,5.0
7,2026-07-20 18:00:00+03:00,mega,dinner,auto,4.0,9.0
7,2026-07-20 18:00:00+03:00,mega,dinner,bike,2.0,5.0
7,2026-07-20 21:00:00+03:00,mega,late_evening,auto,2.0,5.0
7,2026-07-20 21:00:00+03:00,mega,late_evening,bike,1.0,2.0
7,2026-07-21 00:00:00+03:00,mega,deep_night,auto,1.0,5.0
7,2026-07-21 03:00:00+03:00,mega,opening,auto,1.0,2.0
7,2026-07-21 06:00:00+03:00,mega,early_morning,auto,2.0,1.5
7,2026-07-21 06:00:00+03:00,mega,early_morning,bike,1.0,1.0
7,2026-07-21 09:00:00+03:00,mega,morning,auto,3.0,6.0
7,2026-07-21 09:00:00+03:00,mega,morning,bike,2.0,4.0
7,2026-07-21 12:00:00+03:00,mega,lunch,auto,3.0,12.0
7,2026-07-21 12:00:00+03:00,mega,lunch,bike,2.0,8.0
7,2026-07-21 15:00:00+03:00,mega,afternoon,auto,4.0,6.0
7,2026-07-21 15:00:00+03:00,mega,afternoon,bike,2.0,6.0
7,2026-07-21 18:00:00+03:00,mega,dinner,auto,4.0,10.0
7,2026-07-21 18:00:00+03:00,mega,dinner,bike,2.0,5.0
7,2026-07-21 21:00:00+03:00,mega,late_evening,auto,3.0,7.0
7,2026-07-21 21:00:00+03:00,mega,late_evening,bike,1.0,2.0
7,2026-07-22 06:00:00+03:00,mega,early_morning,auto,2.0,2.0
7,2026-07-22 06:00:00+03:00,mega,early_morning,bike,1.0,1.0
7,2026-07-22 09:00:00+03:00,mega,morning,auto,2.0,4.0
7,2026-07-22 09:00:00+03:00,mega,morning,bike,2.0,4.0
7,2026-07-22 12:00:00+03:00,mega,lunch,auto,3.0,12.0
7,2026-07-22 12:00:00+03:00,mega,lunch,bike,2.0,8.0
7,2026-07-22 15:00:00+03:00,mega,afternoon,auto,4.0,8.0
7,2026-07-22 15:00:00+03:00,mega,afternoon,bike,2.0,6.0
7,2026-07-22 18:00:00+03:00,mega,dinner,auto,5.0,13.0
7,2026-07-22 18:00:00+03:00,mega,dinner,bike,2.0,5.0
7,2026-07-22 21:00:00+03:00,mega,late_evening,auto,4.0,9.0
7,2026-07-22 21:00:00+03:00,mega,late_evening,bike,1.0,2.0
8,2026-07-20 09:00:00+03:00,mega,morning,bike,3.0,6.0
8,2026-07-20 12:00:00+03:00,mega,lunch,bike,3.0,12.0
8,2026-07-20 15:00:00+03:00,mega,afternoon,bike,3.0,7.0
8,2026-07-20 18:00:00+03:00,mega,dinner,auto,1.0,1.0
8,2026-07-20 18:00:00+03:00,mega,dinner,bike,2.0,6.0
8,2026-07-20 21:00:00+03:00,mega,late_evening,auto,1.0,3.0
8,2026-07-20 21:00:00+03:00,mega,late_evening,bike,1.0,1.0
8,2026-07-21 09:00:00+03:00,mega,morning,bike,4.0,8.0
8,2026-07-21 12:00:00+03:00,mega,lunch,bike,4.0,15.0
8,2026-07-21 15:00:00+03:00,mega,afternoon,bike,3.0,9.0
8,2026-07-21 18:00:00+03:00,mega,dinner,auto,1.0,1.0
8,2026-07-21 18:00:00+03:00,mega,dinner,bike,3.0,8.0
8,2026-07-21 21:00:00+03:00,mega,late_evening,auto,1.0,3.0
8,2026-07-21 21:00:00+03:00,mega,late_evening,bike,1.0,2.0
8,2026-07-22 09:00:00+03:00,mega,morning,bike,4.0,8.0
8,2026-07-22 12:00:00+03:00,mega,lunch,bike,4.0,15.0
8,2026-07-22 15:00:00+03:00,mega,afternoon,bike,3.0,9.0
8,2026-07-22 18:00:00+03:00,mega,dinner,auto,1.0,1.0
8,2026-07-22 18:00:00+03:00,mega,dinner,bike,3.0,8.0
8,2026-07-22 21:00:00+03:00,mega,late_evening,auto,1.0,3.0
8,2026-07-22 21:00:00+03:00,mega,late_evening,bike,1.0,2.0
9,2026-07-20 09:00:00+03:00,high,morning,auto,1.0,2.0
9,2026-07-20 12:00:00+03:00,high,lunch,auto,3.0,5.5
9,2026-07-20 15:00:00+03:00,high,afternoon,auto,2.0,6.0
9,2026-07-20 18:00:00+03:00,high,dinner,auto,2.0,6.0
9,2026-07-20 21:00:00+03:00,high,late_evening,auto,2.0,4.0
9,2026-07-21 09:00:00+03:00,high,morning,auto,3.0,6.0
9,2026-07-21 12:00:00+03:00,high,lunch,auto,4.0,12.0
9,2026-07-21 15:00:00+03:00,high,afternoon,auto,3.0,9.0
9,2026-07-21 18:00:00+03:00,high,dinner,auto,3.0,9.0
9,2026-07-21 21:00:00+03:00,high,late_evening,auto,2.0,4.0
9,2026-07-22 09:00:00+03:00,high,morning,auto,2.0,4.0
9,2026-07-22 12:00:00+03:00,high,lunch,auto,4.0,8.0
9,2026-07-22 15:00:00+03:00,high,afternoon,auto,2.0,6.0
9,2026-07-22 18:00:00+03:00,high,dinner,auto,2.0,6.0
9,2026-07-22 21:00:00+03:00,high,late_evening,auto,2.0,4.0
99,2026-07-20 09:00:00+03:00,mega,morning,bike,5.0,10.0
99,2026-07-20 12:00:00+03:00,mega,lunch,bike,5.0,20.0
99,2026-07-20 15:00:00+03:00,mega,afternoon,bike,6.0,15.0
99,2026-07-20 18:00:00+03:00,mega,dinner,bike,5.0,13.0
99,2026-07-20 21:00:00+03:00,mega,late_evening,bike,2.0,3.5
99,2026-07-21 09:00:00+03:00,mega,morning,bike,4.0,8.0
99,2026-07-21 12:00:00+03:00,mega,lunch,bike,4.0,16.0
99,2026-07-21 15:00:00+03:00,mega,afternoon,bike,4.0,12.0
99,2026-07-21 18:00:00+03:00,mega,dinner,bike,4.0,9.0
99,2026-07-21 21:00:00+03:00,mega,late_evening,bike,2.0,4.0
99,2026-07-22 09:00:00+03:00,mega,morning,bike,5.0,10.0
99,2026-07-22 12:00:00+03:00,mega,lunch,bike,5.0,20.0
99,2026-07-22 15:00:00+03:00,mega,afternoon,bike,5.0,11.0
99,2026-07-22 18:00:00+03:00,mega,dinner,bike,4.0,9.0
99,2026-07-22 21:00:00+03:00,mega,late_evening,bike,1.0,2.0
grp_102_125,2026-07-20 12:00:00+03:00,medium,block_12_18,auto,1.0,6.0
grp_102_125,2026-07-20 18:00:00+03:00,medium,block_18_24,auto,1.0,4.0
grp_102_125,2026-07-21 12:00:00+03:00,medium,block_12_18,auto,1.0,6.0
grp_102_125,2026-07-21 18:00:00+03:00,medium,block_18_24,auto,1.0,2.0
grp_102_125,2026-07-22 06:00:00+03:00,medium,block_06_12,auto,1.0,0.5
grp_102_125,2026-07-22 12:00:00+03:00,medium,block_12_18,auto,3.0,18.0
grp_102_125,2026-07-22 18:00:00+03:00,medium,block_18_24,auto,3.0,12.0
grp_130_139,2026-07-22 06:00:00+03:00,medium,block_06_12,auto,1.0,2.0
grp_130_139,2026-07-22 12:00:00+03:00,medium,block_12_18,auto,1.0,6.0
grp_130_139,2026-07-22 18:00:00+03:00,medium,block_18_24,auto,1.0,4.0
grp_19_54,2026-07-20 06:00:00+03:00,medium,block_06_12,auto,3.0,5.0
grp_19_54,2026-07-20 12:00:00+03:00,medium,block_12_18,auto,4.0,19.0
grp_19_54,2026-07-20 18:00:00+03:00,medium,block_18_24,auto,4.0,18.0
grp_19_54,2026-07-21 06:00:00+03:00,medium,block_06_12,auto,4.0,6.0
grp_19_54,2026-07-21 12:00:00+03:00,medium,block_12_18,auto,5.0,25.0
grp_19_54,2026-07-21 18:00:00+03:00,medium,block_18_24,auto,5.0,24.0
grp_19_54,2026-07-22 06:00:00+03:00,medium,block_06_12,auto,2.0,3.0
grp_19_54,2026-07-22 12:00:00+03:00,medium,block_12_18,auto,3.0,13.0
grp_19_54,2026-07-22 18:00:00+03:00,medium,block_18_24,auto,3.0,13.0
