segment,time_segment,rows,mae,rmse,wape,mean_abs_pct_error,rows_nonzero_orders,mean_orders,mean_pred,acceptance_applicable,acceptance_passed
medium,block_00_06,158.0,4.094936708860759,5.703097093307829,0.42819324950363996,100.15522562346717,143.0,9.563291139240507,10.962025316455696,True,False
low,block_06_12,2203.0,0.2106218792555606,0.6078619428990901,1.4919614147909968,99.25656984785614,241.0,0.14117113027689515,0.08488424875170222,True,False
low,block_18_24,2703.0,0.1805401405845357,0.6640719019323111,0.991869918699187,96.29481629481629,286.0,0.18201997780244172,0.09174990751017388,True,False
low,block_12_18,2808.0,0.2938034188034188,0.7565007913369605,1.0798429319371727,95.5951566115837,487.0,0.2720797720797721,0.17343304843304844,True,False
mega,deep_night,154.0,2.8896103896103895,3.9320527668177294,0.4550102249488753,61.08709263949736,144.0,6.35064935064935,6.357142857142857,True,False
high,early_morning,957.0,1.4148380355276906,1.8125304018637178,0.4317602040816326,59.34498227466977,896.0,3.276907001044932,3.699059561128527,True,False
high,late_evening,998.0,1.5581162324649298,2.097092175175513,0.4044213263979194,55.142445688741994,810.0,3.852705410821643,4.226452905811623,True,False
high,opening,231.0,0.8441558441558441,1.301015254576476,0.44419134396355353,54.81887755102041,140.0,1.9004329004329004,2.1471861471861473,True,False
mega,opening,385.0,1.9688311688311688,2.6687221515320627,0.3367392270102177,53.67548062864259,373.0,5.846753246753247,5.825974025974026,True,False
mega,early_morning,539.0,2.287569573283859,2.962035603518644,0.33716160787530763,51.26531564707564,537.0,6.784786641929499,7.39517625231911,True,False
mega,late_evening,539.0,2.411873840445269,2.9872953000410747,0.31784841075794623,48.33359364814872,537.0,7.588126159554731,8.526901669758812,True,False
medium,block_06_12,2080.0,2.2576923076923077,3.2996211903792836,0.3543348675771523,42.51062184200629,1682.0,6.3716346153846155,6.027403846153846,True,False
high,morning,1001.0,2.5264735264735263,3.1913657240772615,0.2671949286846276,42.30209136905492,999.0,9.455544455544455,10.107892107892107,True,False
medium,block_12_18,2306.0,2.55724197745013,3.881539469808446,0.32458168207837956,41.34854726537143,1816.0,7.878577623590633,7.657849089332177,True,False
medium,block_18_24,2377.0,1.7135044173327725,2.584296123417909,0.4151885830784913,39.78561126654319,1677.0,4.1270509045014725,3.8868321413546485,True,False
high,dinner,1001.0,2.814185814185814,3.550829707039132,0.2731239092495637,36.17672676561529,960.0,10.303696303696304,10.77022977022977,True,False
high,afternoon,1001.0,2.868131868131868,3.599728039455475,0.2689461358313817,36.06211836250648,999.0,10.664335664335665,11.342657342657343,True,False
high,lunch,1001.0,4.35064935064935,5.503699600333333,0.21618267560188634,28.386442597297346,1001.0,20.124875124875125,22.60939060939061,True,True
mega,morning,539.0,3.5398886827458256,4.568180664395871,0.23497536945812808,28.229744688444335,539.0,15.064935064935066,15.873840445269016,True,True
mega,afternoon,539.0,3.6901669758812616,4.769063882503451,0.21532965248457292,27.616165030568045,539.0,17.137291280148425,17.855287569573285,True,True
mega,dinner,539.0,3.5194805194805197,4.469853670617719,0.19913919798446358,24.131128849566906,539.0,17.6734693877551,18.25417439703154,True,True
mega,lunch,539.0,5.9647495361781075,7.5888063255774485,0.1836093660765277,20.84662962873586,539.0,32.4860853432282,35.51576994434137,True,True
