location_id,date,weekday,open_intervals,has_work_hours
1,2026-08-24,0,08:00-23:00,True
1,2026-08-25,1,08:00-23:00,True
1,2026-08-26,2,08:00-23:00,True
1,2026-08-27,3,08:00-23:00,True
1,2026-08-28,4,08:00-23:00,True
1,2026-08-29,5,09:00-23:00,True
1,2026-08-30,6,09:00-23:00,True
10,2026-08-24,0,08:00-23:30,True
10,2026-08-25,1,08:00-23:30,True
10,2026-08-26,2,08:00-23:30,True
10,2026-08-27,3,08:00-23:30,True
10,2026-08-28,4,08:00-23:30,True
10,2026-08-29,5,08:00-23:30,True
10,2026-08-30,6,08:00-23:30,True
100,2026-08-24,0,10:00-22:00,True
100,2026-08-25,1,10:00-22:00,True
100,2026-08-26,2,10:00-22:00,True
100,2026-08-27,3,10:00-22:00,True
100,2026-08-28,4,10:00-23:00,True
100,2026-08-29,5,10:00-23:00,True
100,2026-08-30,6,10:00-22:00,True
101,2026-08-24,0,08:00-22:00,True
101,2026-08-25,1,08:00-22:00,True
101,2026-08-26,2,08:00-22:00,True
101,2026-08-27,3,08:00-22:00,True
101,2026-08-28,4,08:00-23:00,True
101,2026-08-29,5,08:00-23:00,True
101,2026-08-30,6,08:00-22:00,True
11,2026-08-24,0,22:00-07:00,True
11,2026-08-25,1,22:00-07:00,True
11,2026-08-26,2,22:00-07:00,True
11,2026-08-27,3,22:00-07:00,True
11,2026-08-28,4,22:00-07:00,True
11,2026-08-29,5,22:00-07:00,True
11,2026-08-30,6,22:00-07:00,True
114,2026-08-24,0,10:00-22:00,True
114,2026-08-25,1,10:00-22:00,True
114,2026-08-26,2,10:00-22:00,True
114,2026-08-27,3,10:00-23:59,True
114,2026-08-28,4,10:00-23:59,True
114,2026-08-29,5,10:00-23:59,True
114,2026-08-30,6,10:00-23:59,True
115,2026-08-24,0,07:00-23:00,True
115,2026-08-25,1,07:00-23:00,True
115,2026-08-26,2,07:00-23:00,True
115,2026-08-27,3,07:00-23:00,True
115,2026-08-28,4,07:00-23:00,True
115,2026-08-29,5,07:00-23:00,True
115,2026-08-30,6,07:00-23:00,True
117,2026-08-24,0,12:00-23:00,True
117,2026-08-25,1,12:00-23:00,True
117,2026-08-26,2,12:00-23:00,True
117,2026-08-27,3,12:00-23:00,True
117,2026-08-28,4,12:00-24:00,True
117,2026-08-29,5,12:00-24:00,True
117,2026-08-30,6,12:00-23:00,True
118,2026-08-24,0,09:00-19:30,True
118,2026-08-25,1,09:00-19:30,True
118,2026-08-26,2,09:00-19:30,True
118,2026-08-27,3,09:00-19:30,True
118,2026-08-28,4,09:00-19:30,True
118,2026-08-29,5,09:00-19:30,True
119,2026-08-24,0,11:00-22:00,True
119,2026-08-25,1,11:00-22:00,True
119,2026-08-26,2,11:00-22:00,True
119,2026-08-27,3,11:00-23:00,True
119,2026-08-28,4,11:00-23:00,True
119,2026-08-29,5,11:00-23:00,True
119,2026-08-30,6,11:00-23:00,True
12,2026-08-24,0,08:00-22:00,True
12,2026-08-25,1,08:00-22:00,True
12,2026-08-26,2,08:00-22:00,True
12,2026-08-27,3,08:00-22:00,True
12,2026-08-28,4,08:00-22:00,True
12,2026-08-29,5,09:00-22:00,True
12,2026-08-30,6,09:00-22:00,True
120,2026-08-24,0,08:00-23:00,True
120,2026-08-25,1,08:00-23:00,True
120,2026-08-26,2,08:00-23:00,True
120,2026-08-27,3,08:00-23:00,True
120,2026-08-28,4,08:00-23:00,True
120,2026-08-29,5,08:00-23:00,True
120,2026-08-30,6,08:00-23:00,True
123,2026-08-24,0,08:00-23:00,True
123,2026-08-25,1,08:00-23:00,True
123,2026-08-26,2,08:00-23:00,True
123,2026-08-27,3,08:00-23:00,True
123,2026-08-28,4,08:00-23:00,True
123,2026-08-29,5,08:00-23:00,True
123,2026-08-30,6,08:00-23:00,True
124,2026-08-24,0,09:00-22:30,True
124,2026-08-25,1,09:00-22:30,True
124,2026-08-26,2,09:00-22:30,True
124,2026-08-27,3,09:00-22:30,True
124,2026-08-28,4,09:00-22:30,True
124,2026-08-29,5,09:00-22:30,True
124,2026-08-30,6,09:00-22:30,True
125,2026-08-24,0,10:00-23:00,True
125,2026-08-25,1,10:00-23:00,True
125,2026-08-26,2,10:00-23:00,True
125,2026-08-27,3,10:00-23:00,True
125,2026-08-28,4,10:00-23:00,True
125,2026-08-29,5,10:00-23:00,True
125,2026-08-30,6,10:00-23:00,True
126,2026-08-24,0,07:00-23:00,True
126,2026-08-25,1,07:00-23:00,True
126,2026-08-26,2,07:00-23:00,True
126,2026-08-27,3,07:00-23:00,True
126,2026-08-28,4,07:00-23:00,True
126,2026-08-29,5,07:00-23:00,True
126,2026-08-30,6,07:00-23:00,True
127,2026-08-24,0,07:00-23:00,True
127,2026-08-25,1,07:00-23:00,True
127,2026-08-26,2,07:00-23:00,True
127,2026-08-27,3,07:00-23:00,True
127,2026-08-28,4,07:00-23:00,True
127,2026-08-29,5,07:00-23:00,True
127,2026-08-30,6,07:00-23:00,True
128,2026-08-24,0,08:00-24:00,True
128,2026-08-25,1,08:00-24:00,True
128,2026-08-26,2,08:00-24:00,True
128,2026-08-27,3,08:00-24:00,True
128,2026-08-28,4,08:00-24:00,True
128,2026-08-29,5,08:00-24:00,True
128,2026-08-30,6,08:00-24:00,True
129,2026-08-24,0,09:00-21:00,True
129,2026-08-25,1,09:00-21:00,True
129,2026-08-26,2,09:00-21:00,True
129,2026-08-27,3,09:00-21:00,True
129,2026-08-28,4,09:00-21:00,True
129,2026-08-29,5,09:00-21:00,True
129,2026-08-30,6,09:00-21:00,True
135,2026-08-24,0,12:00-22:00,True
135,2026-08-25,1,12:00-22:00,True
135,2026-08-26,2,12:00-22:00,True
135,2026-08-27,3,12:00-22:00,True
135,2026-08-28,4,12:00-22:00,True
135,2026-08-29,5,12:00-22:00,True
135,2026-08-30,6,12:00-22:00,True
137,2026-08-24,0,08:00-23:00,True
137,2026-08-25,1,08:00-23:00,True
137,2026-08-26,2,08:00-23:00,True
137,2026-08-27,3,08:00-23:00,True
137,2026-08-28,4,08:00-23:59,True
137,2026-08-29,5,08:00-23:59,True
137,2026-08-30,6,08:00-23:00,True
138,2026-08-24,0,08:00-23:00,True
138,2026-08-25,1,08:00-23:00,True
138,2026-08-26,2,08:00-23:00,True
138,2026-08-27,3,08:00-23:00,True
138,2026-08-28,4,08:00-23:00,True
138,2026-08-29,5,08:00-23:00,True
138,2026-08-30,6,08:00-23:00,True
14,2026-08-24,0,09:00-23:00,True
14,2026-08-25,1,09:00-23:00,True
14,2026-08-26,2,09:00-23:00,True
14,2026-08-27,3,09:00-23:00,True
14,2026-08-28,4,09:00-23:00,True
14,2026-08-29,5,09:00-23:00,True
14,2026-08-30,6,09:00-23:00,True
141,2026-08-24,0,10:00-18:00,True
141,2026-08-25,1,10:00-18:00,True
141,2026-08-26,2,10:00-18:00,True
141,2026-08-27,3,10:00-18:00,True
141,2026-08-28,4,10:00-18:00,True
141,2026-08-29,5,10:00-18:00,True
141,2026-08-30,6,10:00-18:00,True
142,2026-08-24,0,08:00-23:59,True
142,2026-08-25,1,08:00-23:59,True
142,2026-08-26,2,08:00-23:59,True
142,2026-08-27,3,08:00-23:59,True
142,2026-08-28,4,08:00-23:59,True
142,2026-08-29,5,08:00-23:59,True
142,2026-08-30,6,08:00-23:59,True
145,2026-08-24,0,14:00-23:00,True
145,2026-08-25,1,14:00-23:00,True
145,2026-08-26,2,14:00-23:00,True
145,2026-08-27,3,14:00-23:00,True
145,2026-08-28,4,14:00-23:00,True
145,2026-08-29,5,14:00-23:00,True
145,2026-08-30,6,14:00-23:00,True
15,2026-08-24,0,00:00-24:00,True
15,2026-08-25,1,00:00-24:00,True
15,2026-08-26,2,00:00-24:00,True
15,2026-08-27,3,00:00-24:00,True
15,2026-08-28,4,00:00-24:00,True
15,2026-08-29,5,00:00-24:00,True
15,2026-08-30,6,00:00-24:00,True
16,2026-08-24,0,08:00-23:00,True
16,2026-08-25,1,08:00-23:00,True
16,2026-08-26,2,08:00-23:00,True
16,2026-08-27,3,08:00-23:00,True
16,2026-08-28,4,08:00-23:00,True
16,2026-08-29,5,08:00-23:00,True
16,2026-08-30,6,08:00-23:00,True
17,2026-08-24,0,08:00-22:00,True
17,2026-08-25,1,08:00-22:00,True
17,2026-08-26,2,08:00-22:00,True
17,2026-08-27,3,08:00-22:00,True
17,2026-08-28,4,08:00-22:00,True
17,2026-08-29,5,08:00-22:00,True
17,2026-08-30,6,08:00-22:00,True
179,2026-08-24,0,12:00-23:59,True
179,2026-08-25,1,12:00-23:59,True
179,2026-08-26,2,12:00-23:59,True
179,2026-08-27,3,12:00-23:59,True
179,2026-08-28,4,12:00-23:59,True
179,2026-08-29,5,12:00-23:59,True
179,2026-08-30,6,12:00-23:59,True
18,2026-08-24,0,08:00-22:00,True
18,2026-08-25,1,08:00-22:00,True
18,2026-08-26,2,08:00-22:00,True
18,2026-08-27,3,08:00-22:00,True
18,2026-08-28,4,08:00-22:00,True
18,2026-08-29,5,08:00-22:00,True
18,2026-08-30,6,08:00-22:00,True
184,2026-08-24,0,11:00-23:00,True
184,2026-08-25,1,11:00-23:00,True
184,2026-08-26,2,11:00-23:00,True
184,2026-08-27,3,11:00-23:00,True
184,2026-08-28,4,11:00-23:00,True
184,2026-08-29,5,11:00-23:00,True
184,2026-08-30,6,11:00-23:00,True
188,2026-08-24,0,12:00-20:00,True
188,2026-08-25,1,12:00-20:00,True
188,2026-08-26,2,12:00-20:00,True
188,2026-08-27,3,12:00-20:00,True
188,2026-08-28,4,12:00-06:00,True
188,2026-08-29,5,12:00-06:00,True
188,2026-08-30,6,12:00-24:00,True
19,2026-08-24,0,08:00-24:00,True
19,2026-08-25,1,08:00-24:00,True
19,2026-08-26,2,08:00-24:00,True
19,2026-08-27,3,08:00-24:00,True
19,2026-08-28,4,08:00-24:00,True
19,2026-08-29,5,08:00-24:00,True
19,2026-08-30,6,08:00-24:00,True
2,2026-08-24,0,00:00-24:00,True
2,2026-08-25,1,00:00-24:00,True
2,2026-08-26,2,00:00-24:00,True
2,2026-08-27,3,00:00-24:00,True
2,2026-08-28,4,00:00-24:00,True
2,2026-08-29,5,00:00-24:00,True
2,2026-08-30,6,00:00-24:00,True
20,2026-08-24,0,08:00-22:00,True
20,2026-08-25,1,08:00-22:00,True
20,2026-08-26,2,08:00-22:00,True
20,2026-08-27,3,08:00-22:00,True
20,2026-08-28,4,08:00-22:00,True
20,2026-08-29,5,09:00-22:00,True
20,2026-08-30,6,09:00-22:00,True
21,2026-08-24,0,08:00-23:00,True
21,2026-08-25,1,08:00-23:00,True
21,2026-08-26,2,08:00-23:00,True
21,2026-08-27,3,08:00-23:00,True
21,2026-08-28,4,08:00-23:00,True
21,2026-08-29,5,08:00-23:00,True
21,2026-08-30,6,08:00-23:00,True
22,2026-08-24,0,12:00-23:30,True
22,2026-08-25,1,12:00-23:30,True
22,2026-08-26,2,12:00-23:30,True
22,2026-08-27,3,12:00-23:30,True
22,2026-08-28,4,12:00-00:30,True
22,2026-08-29,5,12:00-00:30,True
22,2026-08-30,6,12:00-23:30,True
222,2026-08-24,0,06:00-23:59,True
222,2026-08-25,1,06:00-23:59,True
222,2026-08-26,2,06:00-23:59,True
222,2026-08-27,3,06:00-23:59,True
222,2026-08-28,4,06:00-23:59,True
222,2026-08-29,5,06:00-23:59,True
222,2026-08-30,6,06:00-23:59,True
23,2026-08-24,0,08:00-23:00,True
23,2026-08-25,1,08:00-23:00,True
23,2026-08-26,2,08:00-23:00,True
23,2026-08-27,3,08:00-23:00,True
23,2026-08-28,4,08:00-23:00,True
23,2026-08-29,5,08:00-23:00,True
23,2026-08-30,6,08:00-23:00,True
24,2026-08-24,0,08:00-23:00,True
24,2026-08-25,1,08:00-23:00,True
24,2026-08-26,2,08:00-23:00,True
24,2026-08-27,3,08:00-23:00,True
24,2026-08-28,4,08:00-23:00,True
24,2026-08-29,5,08:00-23:00,True
24,2026-08-30,6,08:00-23:00,True
25,2026-08-24,0,08:00-24:00,True
25,2026-08-25,1,08:00-24:00,True
25,2026-08-26,2,08:00-24:00,True
25,2026-08-27,3,08:00-24:00,True
25,2026-08-28,4,08:00-24:00,True
25,2026-08-29,5,08:00-24:00,True
25,2026-08-30,6,08:00-24:00,True
255,2026-08-24,0,08:00-21:00,True
255,2026-08-25,1,08:00-21:00,True
255,2026-08-26,2,08:00-21:00,True
255,2026-08-27,3,08:00-21:00,True
255,2026-08-28,4,08:00-21:00,True
255,2026-08-29,5,08:00-21:00,True
255,2026-08-30,6,08:00-21:00,True
26,2026-08-24,0,08:00-23:00,True
26,2026-08-25,1,08:00-23:00,True
26,2026-08-26,2,08:00-23:00,True
26,2026-08-27,3,08:00-23:00,True
26,2026-08-28,4,08:00-23:00,True
26,2026-08-29,5,08:00-23:00,True
26,2026-08-30,6,08:00-23:00,True
27,2026-08-24,0,08:00-23:30,True
27,2026-08-25,1,08:00-23:30,True
27,2026-08-26,2,08:00-23:30,True
27,2026-08-27,3,08:00-23:30,True
27,2026-08-28,4,08:00-23:30,True
27,2026-08-29,5,08:00-23:30,True
27,2026-08-30,6,08:00-23:30,True
28,2026-08-24,0,08:00-23:00,True
28,2026-08-25,1,08:00-23:00,True
28,2026-08-26,2,08:00-23:00,True
28,2026-08-27,3,08:00-23:00,True
28,2026-08-28,4,08:00-23:00,True
28,2026-08-29,5,10:00-23:00,True
28,2026-08-30,6,10:00-23:00,True
29,2026-08-24,0,07:00-22:00,True
29,2026-08-25,1,07:00-22:00,True
29,2026-08-26,2,07:00-22:00,True
29,2026-08-27,3,07:00-22:00,True
29,2026-08-28,4,07:00-22:00,True
29,2026-08-29,5,07:00-22:00,True
29,2026-08-30,6,07:00-22:00,True
290,2026-08-24,0,12:00-22:00,True
290,2026-08-25,1,12:00-22:00,True
290,2026-08-26,2,12:00-22:00,True
290,2026-08-27,3,12:00-22:00,True
290,2026-08-28,4,12:00-22:00,True
290,2026-08-29,5,12:00-22:00,True
290,2026-08-30,6,12:00-22:00,True
30,2026-08-24,0,08:00-24:00,True
30,2026-08-25,1,08:00-24:00,True
30,2026-08-26,2,08:00-24:00,True
30,2026-08-27,3,08:00-24:00,True
30,2026-08-28,4,08:00-24:00,True
30,2026-08-29,5,08:00-24:00,True
30,2026-08-30,6,08:00-24:00,True
301,2026-08-24,0,12:00-23:00,True
301,2026-08-25,1,12:00-23:00,True
301,2026-08-26,2,12:00-23:00,True
301,2026-08-27,3,12:00-23:00,True
301,2026-08-28,4,12:00-23:00,True
301,2026-08-29,5,12:00-23:00,True
301,2026-08-30,6,12:00-23:00,True
33,2026-08-24,0,08:00-23:00,True
33,2026-08-25,1,08:00-23:00,True
33,2026-08-26,2,08:00-23:00,True
33,2026-08-27,3,08:00-23:00,True
33,2026-08-28,4,08:00-23:00,True
33,2026-08-29,5,08:00-23:00,True
33,2026-08-30,6,08:00-23:00,True
335,2026-08-24,0,00:00-24:00,True
335,2026-08-25,1,00:00-24:00,True
335,2026-08-26,2,00:00-24:00,True
335,2026-08-27,3,00:00-24:00,True
335,2026-08-28,4,00:00-24:00,True
335,2026-08-29,5,00:00-24:00,True
335,2026-08-30,6,00:00-24:00,True
34,2026-08-24,0,22:00-07:00,True
34,2026-08-25,1,22:00-07:00,True
34,2026-08-26,2,22:00-07:00,True
34,2026-08-27,3,22:00-07:00,True
34,2026-08-28,4,22:00-07:00,True
34,2026-08-29,5,22:00-07:00,True
34,2026-08-30,6,22:00-07:00,True
343,2026-08-24,0,12:00-22:30,True
343,2026-08-25,1,12:00-22:30,True
343,2026-08-26,2,12:00-22:30,True
343,2026-08-27,3,12:00-22:30,True
343,2026-08-28,4,12:00-22:30,True
343,2026-08-29,5,12:00-22:30,True
343,2026-08-30,6,12:00-22:30,True
345,2026-08-24,0,08:00-21:30,True
345,2026-08-25,1,08:00-21:30,True
345,2026-08-26,2,08:00-21:30,True
345,2026-08-27,3,08:00-21:30,True
345,2026-08-28,4,08:00-21:30,True
345,2026-08-29,5,10:00-20:30,True
345,2026-08-30,6,10:00-20:30,True
347,2026-08-24,0,12:00-23:30,True
347,2026-08-25,1,12:00-23:30,True
347,2026-08-26,2,12:00-23:30,True
347,2026-08-27,3,12:00-23:30,True
347,2026-08-28,4,12:00-23:30,True
347,2026-08-29,5,12:00-23:30,True
347,2026-08-30,6,12:00-23:30,True
348,2026-08-24,0,08:00-21:00,True
348,2026-08-25,1,08:00-21:00,True
348,2026-08-26,2,08:00-21:00,True
348,2026-08-27,3,08:00-21:00,True
348,2026-08-28,4,08:00-22:00,True
348,2026-08-29,5,08:00-22:00,True
348,2026-08-30,6,08:00-21:00,True
35,2026-08-24,0,08:00-23:00,True
35,2026-08-25,1,08:00-23:00,True
35,2026-08-26,2,08:00-23:00,True
35,2026-08-27,3,08:00-23:00,True
35,2026-08-28,4,08:00-23:00,True
35,2026-08-29,5,08:00-23:00,True
35,2026-08-30,6,08:00-23:00,True
36,2026-08-24,0,08:00-23:00,True
36,2026-08-25,1,08:00-23:00,True
36,2026-08-26,2,08:00-23:00,True
36,2026-08-27,3,08:00-23:00,True
36,2026-08-28,4,08:00-23:00,True
36,2026-08-29,5,08:00-23:00,True
36,2026-08-30,6,08:00-23:00,True
37,2026-08-24,0,07:30-24:00,True
37,2026-08-25,1,07:30-24:00,True
37,2026-08-26,2,07:30-24:00,True
37,2026-08-27,3,07:30-24:00,True
37,2026-08-28,4,07:30-24:00,True
37,2026-08-29,5,07:30-24:00,True
37,2026-08-30,6,07:30-24:00,True
38,2026-08-24,0,08:00-23:00,True
38,2026-08-25,1,08:00-23:00,True
38,2026-08-26,2,08:00-23:00,True
38,2026-08-27,3,08:00-23:00,True
38,2026-08-28,4,08:00-23:00,True
38,2026-08-29,5,08:00-23:00,True
38,2026-08-30,6,08:00-23:00,True
39,2026-08-24,0,08:00-23:00,True
39,2026-08-25,1,08:00-23:00,True
39,2026-08-26,2,08:00-23:00,True
39,2026-08-27,3,08:00-23:00,True
39,2026-08-28,4,08:00-23:00,True
39,2026-08-29,5,08:00-23:00,True
39,2026-08-30,6,08:00-23:00,True
4,2026-08-24,0,08:00-24:00,True
4,2026-08-25,1,08:00-24:00,True
4,2026-08-26,2,08:00-24:00,True
4,2026-08-27,3,08:00-24:00,True
4,2026-08-28,4,08:00-24:00,True
4,2026-08-29,5,10:00-24:00,True
4,2026-08-30,6,10:00-24:00,True
40,2026-08-24,0,09:00-19:00,True
40,2026-08-25,1,09:00-19:00,True
40,2026-08-26,2,09:00-19:00,True
40,2026-08-27,3,09:00-19:00,True
40,2026-08-28,4,09:00-19:00,True
40,2026-08-29,5,09:00-19:00,True
40,2026-08-30,6,09:00-19:00,True
41,2026-08-24,0,08:00-22:00,True
41,2026-08-25,1,08:00-22:00,True
41,2026-08-26,2,08:00-22:00,True
41,2026-08-27,3,08:00-22:00,True
41,2026-08-28,4,08:00-22:00,True
41,2026-08-29,5,08:00-22:00,True
41,2026-08-30,6,08:00-22:00,True
416,2026-08-24,0,12:00-22:00,True
416,2026-08-25,1,12:00-22:00,True
416,2026-08-26,2,12:00-22:00,True
416,2026-08-27,3,12:00-22:00,True
416,2026-08-28,4,12:00-22:00,True
416,2026-08-29,5,12:00-22:00,True
416,2026-08-30,6,12:00-22:00,True
43,2026-08-24,0,11:00-23:00,True
43,2026-08-25,1,11:00-23:00,True
43,2026-08-26,2,11:00-23:00,True
43,2026-08-27,3,11:00-23:00,True
43,2026-08-28,4,11:00-23:00,True
43,2026-08-29,5,11:00-23:00,True
43,2026-08-30,6,11:00-23:00,True
434,2026-08-24,0,08:00-22:00,True
434,2026-08-25,1,08:00-22:00,True
434,2026-08-26,2,08:00-22:00,True
434,2026-08-27,3,08:00-22:00,True
434,2026-08-28,4,08:00-22:00,True
434,2026-08-29,5,08:00-22:00,True
434,2026-08-30,6,08:00-22:00,True
436,2026-08-24,0,10:00-22:00,True
436,2026-08-25,1,10:00-22:00,True
436,2026-08-26,2,10:00-22:00,True
436,2026-08-27,3,10:00-22:00,True
436,2026-08-28,4,10:00-22:00,True
436,2026-08-29,5,10:00-22:00,True
436,2026-08-30,6,10:00-22:00,True
44,2026-08-24,0,11:00-24:00,True
44,2026-08-25,1,11:00-24:00,True
44,2026-08-26,2,11:00-24:00,True
44,2026-08-27,3,11:00-24:00,True
44,2026-08-28,4,11:00-24:00,True
44,2026-08-29,5,11:00-24:00,True
44,2026-08-30,6,11:00-24:00,True
443,2026-08-24,0,10:00-20:00,True
443,2026-08-25,1,10:00-20:00,True
443,2026-08-26,2,10:00-20:00,True
443,2026-08-27,3,10:00-20:00,True
443,2026-08-28,4,10:00-20:00,True
443,2026-08-29,5,10:00-20:00,True
443,2026-08-30,6,10:00-20:00,True
445,2026-08-24,0,12:00-22:00,True
445,2026-08-25,1,12:00-22:00,True
445,2026-08-26,2,12:00-22:00,True
445,2026-08-27,3,12:00-22:00,True
445,2026-08-28,4,12:00-22:00,True
445,2026-08-29,5,12:00-22:00,True
445,2026-08-30,6,12:00-22:00,True
46,2026-08-24,0,10:00-22:00,True
46,2026-08-25,1,10:00-22:00,True
46,2026-08-26,2,10:00-22:00,True
46,2026-08-27,3,10:00-22:00,True
46,2026-08-28,4,10:00-22:00,True
46,2026-08-29,5,10:00-22:00,True
46,2026-08-30,6,10:00-22:00,True
47,2026-08-24,0,08:00-21:00,True
47,2026-08-25,1,08:00-21:00,True
47,2026-08-26,2,08:00-21:00,True
47,2026-08-27,3,08:00-21:00,True
47,2026-08-28,4,08:00-21:00,True
47,2026-08-29,5,08:00-21:00,True
47,2026-08-30,6,08:00-21:00,True
479,2026-08-24,0,00:00-24:00,True
479,2026-08-25,1,00:00-24:00,True
479,2026-08-26,2,00:00-24:00,True
479,2026-08-27,3,00:00-24:00,True
479,2026-08-28,4,00:00-24:00,True
479,2026-08-29,5,00:00-24:00,True
479,2026-08-30,6,00:00-24:00,True
481,2026-08-24,0,12:00-24:00,True
481,2026-08-25,1,12:00-24:00,True
481,2026-08-26,2,12:00-24:00,True
481,2026-08-27,3,12:00-24:00,True
481,2026-08-28,4,12:00-24:00,True
481,2026-08-29,5,12:00-24:00,True
481,2026-08-30,6,12:00-24:00,True
5,2026-08-24,0,00:00-24:00,True
5,2026-08-25,1,00:00-24:00,True
5,2026-08-26,2,00:00-24:00,True
5,2026-08-27,3,00:00-24:00,True
5,2026-08-28,4,00:00-24:00,True
5,2026-08-29,5,00:00-24:00,True
5,2026-08-30,6,00:00-24:00,True
51,2026-08-24,0,08:00-22:00,True
51,2026-08-25,1,08:00-22:00,True
51,2026-08-26,2,08:00-22:00,True
51,2026-08-27,3,08:00-22:00,True
51,2026-08-28,4,08:00-22:00,True
51,2026-08-29,5,08:00-22:00,True
51,2026-08-30,6,08:00-22:00,True
516,2026-08-24,0,09:00-22:00,True
516,2026-08-25,1,09:00-22:00,True
516,2026-08-26,2,09:00-22:00,True
516,2026-08-27,3,09:00-22:00,True
516,2026-08-28,4,09:00-22:00,True
516,2026-08-29,5,09:00-22:00,True
516,2026-08-30,6,09:00-22:00,True
53,2026-08-24,0,11:00-23:00,True
53,2026-08-25,1,11:00-23:00,True
53,2026-08-26,2,11:00-23:00,True
53,2026-08-27,3,11:00-23:00,True
53,2026-08-28,4,11:00-05:00,True
53,2026-08-29,5,11:00-05:00,True
53,2026-08-30,6,11:00-23:00,True
54,2026-08-24,0,10:00-23:00,True
54,2026-08-25,1,10:00-23:00,True
54,2026-08-26,2,10:00-23:00,True
54,2026-08-27,3,10:00-23:00,True
54,2026-08-28,4,10:00-23:00,True
54,2026-08-29,5,10:00-23:00,True
54,2026-08-30,6,10:00-23:00,True
556,2026-08-24,0,11:00-24:00,True
556,2026-08-25,1,11:00-24:00,True
556,2026-08-26,2,11:00-24:00,True
556,2026-08-27,3,11:00-24:00,True
556,2026-08-28,4,11:00-24:00,True
556,2026-08-29,5,11:00-24:00,True
556,2026-08-30,6,11:00-24:00,True
557,2026-08-24,0,10:00-22:00,True
557,2026-08-25,1,10:00-22:00,True
557,2026-08-26,2,10:00-22:00,True
557,2026-08-27,3,10:00-22:00,True
557,2026-08-28,4,10:00-22:00,True
557,2026-08-29,5,10:00-22:00,True
557,2026-08-30,6,10:00-22:00,True
558,2026-08-24,0,12:00-23:30,True
558,2026-08-25,1,12:00-23:30,True
558,2026-08-26,2,12:00-23:30,True
558,2026-08-27,3,12:00-23:30,True
558,2026-08-28,4,12:00-23:30,True
558,2026-08-29,5,12:00-23:30,True
558,2026-08-30,6,12:00-23:30,True
560,2026-08-24,0,10:00-22:00,True
560,2026-08-25,1,10:00-22:00,True
560,2026-08-26,2,10:00-22:00,True
560,2026-08-27,3,10:00-22:00,True
560,2026-08-28,4,10:00-22:00,True
560,2026-08-29,5,10:00-22:00,True
560,2026-08-30,6,10:00-22:00,True
597,2026-08-24,0,09:00-22:30,True
597,2026-08-25,1,09:00-22:30,True
597,2026-08-26,2,09:00-22:30,True
597,2026-08-27,3,09:00-22:30,True
597,2026-08-28,4,09:00-22:30,True
597,2026-08-29,5,09:00-22:30,True
597,2026-08-30,6,09:00-22:30,True
598,2026-08-24,0,12:00-23:00,True
598,2026-08-25,1,12:00-23:00,True
598,2026-08-26,2,12:00-23:00,True
598,2026-08-27,3,12:00-23:00,True
598,2026-08-28,4,12:00-23:00,True
598,2026-08-29,5,12:00-23:00,True
598,2026-08-30,6,12:00-23:00,True
599,2026-08-24,0,12:00-23:00,True
599,2026-08-25,1,12:00-23:00,True
599,2026-08-26,2,12:00-23:00,True
599,2026-08-27,3,12:00-23:00,True
599,2026-08-28,4,12:00-23:00,True
599,2026-08-29,5,12:00-23:00,True
599,2026-08-30,6,12:00-23:00,True
6,2026-08-24,0,00:00-24:00,True
6,2026-08-25,1,00:00-24:00,True
6,2026-08-26,2,00:00-24:00,True
6,2026-08-27,3,00:00-24:00,True
6,2026-08-28,4,00:00-24:00,True
6,2026-08-29,5,00:00-24:00,True
6,2026-08-30,6,00:00-24:00,True
69,2026-08-24,0,08:00-23:00,True
69,2026-08-25,1,08:00-23:00,True
69,2026-08-26,2,08:00-23:00,True
69,2026-08-27,3,08:00-23:00,True
69,2026-08-28,4,08:00-23:00,True
69,2026-08-29,5,08:00-23:00,True
69,2026-08-30,6,08:00-23:00,True
7,2026-08-24,0,00:00-24:00,True
7,2026-08-25,1,00:00-24:00,True
7,2026-08-26,2,00:00-24:00,True
7,2026-08-27,3,00:00-24:00,True
7,2026-08-28,4,00:00-24:00,True
7,2026-08-29,5,00:00-24:00,True
7,2026-08-30,6,00:00-24:00,True
70,2026-08-24,0,12:00-22:30,True
70,2026-08-25,1,12:00-22:30,True
70,2026-08-26,2,12:00-22:30,True
70,2026-08-27,3,12:00-22:30,True
70,2026-08-28,4,12:00-22:30,True
70,2026-08-29,5,12:00-22:30,True
70,2026-08-30,6,12:00-22:30,True
71,2026-08-24,0,12:00-23:59,True
71,2026-08-25,1,12:00-23:59,True
71,2026-08-26,2,12:00-23:59,True
71,2026-08-27,3,12:00-23:59,True
71,2026-08-28,4,12:00-23:59,True
71,2026-08-29,5,12:00-23:59,True
71,2026-08-30,6,12:00-23:59,True
72,2026-08-24,0,12:00-23:59,True
72,2026-08-25,1,12:00-23:59,True
72,2026-08-26,2,12:00-23:59,True
72,2026-08-27,3,12:00-23:59,True
72,2026-08-28,4,12:00-04:59,True
72,2026-08-29,5,12:00-04:59,True
72,2026-08-30,6,12:00-23:59,True
8,2026-08-24,0,07:30-24:00,True
8,2026-08-25,1,07:30-24:00,True
8,2026-08-26,2,07:30-24:00,True
8,2026-08-27,3,07:30-24:00,True
8,2026-08-28,4,07:30-24:00,True
8,2026-08-29,5,07:30-24:00,True
8,2026-08-30,6,07:30-24:00,True
9,2026-08-24,0,08:00-23:00,True
9,2026-08-25,1,08:00-23:00,True
9,2026-08-26,2,08:00-23:00,True
9,2026-08-27,3,08:00-24:00,True
9,2026-08-28,4,08:00-24:00,True
9,2026-08-29,5,08:00-24:00,True
9,2026-08-30,6,08:00-23:00,True
94,2026-08-24,0,12:00-23:59,True
94,2026-08-25,1,12:00-23:59,True
94,2026-08-26,2,12:00-23:59,True
94,2026-08-27,3,12:00-23:59,True
94,2026-08-28,4,12:00-23:59,True
94,2026-08-29,5,12:00-23:59,True
94,2026-08-30,6,12:00-23:59,True
95,2026-08-24,0,09:00-23:59,True
95,2026-08-25,1,09:00-23:59,True
95,2026-08-26,2,09:00-23:59,True
95,2026-08-27,3,09:00-23:59,True
95,2026-08-28,4,09:00-23:59,True
95,2026-08-29,5,09:00-23:59,True
95,2026-08-30,6,09:00-23:59,True
96,2026-08-24,0,09:00-23:59,True
96,2026-08-25,1,09:00-23:59,True
96,2026-08-26,2,09:00-23:59,True
96,2026-08-27,3,09:00-23:59,True
96,2026-08-28,4,09:00-23:59,True
96,2026-08-29,5,09:00-23:59,True
96,2026-08-30,6,09:00-23:59,True
97,2026-08-24,0,12:00-23:59,True
97,2026-08-25,1,12:00-23:59,True
97,2026-08-26,2,12:00-23:59,True
97,2026-08-27,3,12:00-23:59,True
97,2026-08-28,4,12:00-23:59,True
97,2026-08-29,5,12:00-23:59,True
97,2026-08-30,6,12:00-23:59,True
99,2026-08-24,0,07:00-23:00,True
99,2026-08-25,1,07:00-23:00,True
99,2026-08-26,2,07:00-23:00,True
99,2026-08-27,3,07:00-23:00,True
99,2026-08-28,4,07:00-23:00,True
99,2026-08-29,5,07:00-23:00,True
99,2026-08-30,6,07:00-23:00,True
