segment,time_segment,vehicle_type,duration_orders,duration_minutes
high,afternoon,auto,2280,28.49593859649123
high,afternoon,bike,1670,12.81834131736527
high,deep_night,auto,32,28.561875
high,deep_night,bike,6,7.43
high,dinner,auto,2186,29.359730100640437
high,dinner,bike,1450,12.266510344827585
high,early_morning,auto,476,25.064810924369745
high,early_morning,bike,418,12.84165071770335
high,late_evening,auto,1051,23.09490960989534
high,late_evening,bike,334,11.475808383233533
high,lunch,auto,4040,26.988688118811883
high,lunch,bike,3290,12.26628875379939
high,morning,auto,1768,25.325865384615383
high,morning,bike,1417,12.420959774170784
high,opening,auto,39,32.492820512820515
high,opening,bike,96,15.438125
low,block_00_06,auto,71,23.66
low,block_00_06,bike,1,15.08
low,block_06_12,auto,149,39.254228187919466
low,block_06_12,bike,65,11.106153846153846
low,block_12_18,auto,195,31.894923076923078
low,block_12_18,bike,46,13.370217391304347
low,block_18_24,auto,232,32.87198275862069
low,block_18_24,bike,53,15.712641509433961
medium,block_00_06,auto,725,26.496593103448273
medium,block_00_06,bike,4,15.015
medium,block_06_12,auto,2916,25.755120027434838
medium,block_06_12,bike,4248,10.528189736346516
medium,block_12_18,auto,4766,28.672566093159887
medium,block_12_18,bike,5800,11.201306896551724
medium,block_18_24,auto,3245,28.424184899845915
medium,block_18_24,bike,2593,10.76793289625916
mega,afternoon,auto,1334,31.598590704647673
mega,afternoon,bike,2375,13.361174736842106
mega,deep_night,auto,459,23.92527233115468
mega,deep_night,bike,9,10.183333333333334
mega,dinner,auto,1465,32.446197952218434
mega,dinner,bike,2284,13.706379159369527
mega,early_morning,auto,486,25.96670781893004
mega,early_morning,bike,697,12.870071736011479
mega,late_evening,auto,918,23.93961873638344
mega,late_evening,bike,718,12.345431754874653
mega,lunch,auto,2304,28.779609375
mega,lunch,bike,4322,12.849254974548819
mega,morning,auto,971,26.23142121524202
mega,morning,bike,1898,13.088688092729189
mega,opening,auto,649,27.690662557781206
mega,opening,bike,365,12.345534246575342
