location_id,segment,time_segment,vehicle_type,courier_equiv,shift_overlap_hours
1,medium,block_06_12,bike,8.666666666666666,52.0
1,medium,block_12_18,bike,13.666666666666666,82.0
1,medium,block_18_24,bike,6.833333333333333,41.0
10,medium,block_06_12,bike,15.0,90.0
10,medium,block_12_18,bike,19.083333333333332,114.5
10,medium,block_18_24,bike,11.666666666666668,70.0
101,medium,block_06_12,auto,22.333333333333332,140.0
101,medium,block_12_18,auto,34.25,214.5
101,medium,block_18_24,auto,11.583333333333332,72.5
11,medium,block_00_06,auto,54.25,325.5
11,medium,block_06_12,auto,22.5,135.0
11,medium,block_18_24,auto,14.416666666666666,86.5
115,high,afternoon,auto,39.5,118.5
115,high,afternoon,bike,14.0,42.0
115,high,dinner,auto,37.666666666666664,113.0
115,high,dinner,bike,10.166666666666666,30.5
115,high,early_morning,auto,18.0,18.0
115,high,early_morning,bike,15.0,15.0
115,high,late_evening,auto,4.0,12.0
115,high,lunch,auto,38.625,154.5
115,high,lunch,bike,15.0,60.0
115,high,morning,auto,35.5,71.0
115,high,morning,bike,15.0,30.0
115,high,opening,auto,7.5,15.0
115,high,opening,bike,1.0,2.0
12,high,afternoon,auto,22.5,67.5
12,high,afternoon,bike,13.0,39.0
12,high,dinner,auto,19.0,57.0
12,high,dinner,bike,10.333333333333334,31.0
12,high,early_morning,auto,9.0,9.0
12,high,early_morning,bike,9.5,9.5
12,high,late_evening,auto,5.833333333333333,17.5
12,high,late_evening,bike,1.6666666666666665,5.0
12,high,lunch,auto,23.75,95.0
12,high,lunch,bike,12.5,50.0
12,high,morning,auto,16.75,33.5
12,high,morning,bike,12.0,24.0
12,high,opening,auto,1.0,2.0
123,medium,block_06_12,bike,12.0,96.0
123,medium,block_12_18,bike,13.25,109.0
123,medium,block_18_24,bike,10.0,84.0
125,medium,block_06_12,auto,0.5,3.0
125,medium,block_12_18,auto,6.666666666666667,40.0
125,medium,block_18_24,auto,3.833333333333333,23.0
126,high,afternoon,bike,20.666666666666668,80.0
126,high,dinner,bike,15.833333333333334,62.0
126,high,early_morning,bike,24.5,32.0
126,high,late_evening,bike,3.333333333333333,14.0
126,high,lunch,bike,26.0,136.0
126,high,morning,bike,26.5,70.0
127,medium,block_06_12,bike,5.5,66.0
127,medium,block_12_18,bike,7.0,83.5
127,medium,block_18_24,bike,3.0,36.0
128,medium,block_06_12,bike,18.666666666666664,112.0
128,medium,block_12_18,bike,28.0,168.0
128,medium,block_18_24,bike,19.0,114.0
14,medium,block_06_12,auto,20.583333333333332,123.5
14,medium,block_12_18,auto,49.166666666666664,295.0
14,medium,block_18_24,auto,30.333333333333332,182.0
142,medium,block_06_12,bike,9.333333333333332,56.0
142,medium,block_12_18,bike,14.0,84.0
142,medium,block_18_24,bike,9.333333333333332,56.0
16,medium,block_06_12,bike,13.666666666666666,82.0
16,medium,block_12_18,bike,18.25,109.5
16,medium,block_18_24,bike,10.5,63.0
17,medium,block_06_12,auto,21.916666666666664,131.5
17,medium,block_12_18,auto,42.083333333333336,252.5
17,medium,block_18_24,auto,17.75,106.5
18,medium,block_06_12,auto,26.083333333333332,156.5
18,medium,block_06_12,bike,2.0,12.0
18,medium,block_12_18,auto,37.083333333333336,222.5
18,medium,block_12_18,bike,2.333333333333333,14.0
18,medium,block_18_24,auto,16.25,97.5
18,medium,block_18_24,bike,0.6666666666666666,4.0
2,high,afternoon,bike,31.333333333333332,94.0
2,high,deep_night,auto,0.5,3.0
2,high,dinner,bike,24.166666666666668,72.5
2,high,early_morning,bike,28.0,28.0
2,high,late_evening,bike,14.0,42.0
2,high,lunch,bike,34.5,138.0
2,high,morning,bike,29.25,58.5
2,high,opening,auto,2.25,4.5
2,high,opening,bike,11.0,22.0
20,medium,block_06_12,auto,13.5,81.0
20,medium,block_12_18,auto,25.333333333333332,152.0
20,medium,block_18_24,auto,10.666666666666666,64.0
21,high,afternoon,auto,65.16666666666667,195.5
21,high,dinner,auto,56.666666666666664,170.0
21,high,early_morning,auto,31.5,31.5
21,high,late_evening,auto,23.666666666666664,71.0
21,high,lunch,auto,65.125,260.5
21,high,morning,auto,56.25,112.5
25,medium,block_06_12,bike,17.333333333333332,104.0
25,medium,block_12_18,bike,23.666666666666668,142.0
25,medium,block_18_24,bike,14.0,84.0
26,medium,block_06_12,bike,15.25,91.5
26,medium,block_12_18,bike,18.5,111.0
26,medium,block_18_24,bike,10.5,63.0
29,mega,afternoon,auto,92.0,276.0
29,mega,afternoon,bike,15.166666666666666,45.5
29,mega,dinner,auto,70.5,211.5
29,mega,dinner,bike,7.833333333333333,23.5
29,mega,early_morning,auto,110.0,110.0
29,mega,early_morning,bike,20.0,20.0
29,mega,late_evening,auto,16.166666666666664,48.5
29,mega,late_evening,bike,0.3333333333333333,1.0
29,mega,lunch,auto,105.625,422.5
29,mega,lunch,bike,18.875,75.5
29,mega,morning,auto,110.75,221.5
29,mega,morning,bike,19.5,39.0
29,mega,opening,auto,35.75,71.5
29,mega,opening,bike,8.75,17.5
30,high,afternoon,auto,43.0,129.0
30,high,afternoon,bike,15.0,45.0
30,high,dinner,auto,39.333333333333336,118.0
30,high,dinner,bike,14.0,42.0
30,high,early_morning,auto,19.5,19.5
30,high,early_morning,bike,7.5,7.5
30,high,late_evening,auto,30.0,90.0
30,high,lunch,auto,38.75,155.0
30,high,lunch,bike,18.25,73.0
30,high,morning,auto,28.25,56.5
30,high,morning,bike,19.0,38.0
33,high,afternoon,auto,29.166666666666668,87.5
33,high,afternoon,bike,13.0,39.0
33,high,dinner,auto,19.666666666666668,59.0
33,high,dinner,bike,10.0,30.0
33,high,early_morning,auto,28.0,28.0
33,high,early_morning,bike,19.0,19.0
33,high,late_evening,auto,12.166666666666666,36.5
33,high,lunch,auto,29.625,118.5
33,high,lunch,bike,20.5,82.0
33,high,morning,auto,28.5,57.0
33,high,morning,bike,23.0,46.0
34,medium,block_00_06,auto,16.5,99.0
34,medium,block_06_12,auto,4.416666666666666,26.5
34,medium,block_18_24,auto,6.166666666666666,37.0
348,medium,block_06_12,auto,8.666666666666666,52.0
348,medium,block_06_12,bike,0.6666666666666666,4.0
348,medium,block_12_18,auto,13.0,78.0
348,medium,block_12_18,bike,1.0,6.0
348,medium,block_18_24,auto,6.833333333333333,41.0
348,medium,block_18_24,bike,0.5,3.0
35,high,afternoon,auto,39.333333333333336,118.0
35,high,afternoon,bike,17.666666666666668,53.0
35,high,deep_night,auto,0.16666666666666666,1.0
35,high,dinner,auto,35.833333333333336,107.5
35,high,dinner,bike,14.333333333333332,43.0
35,high,early_morning,auto,32.0,32.0
35,high,early_morning,bike,14.0,14.0
35,high,late_evening,auto,12.333333333333332,37.0
35,high,late_evening,bike,2.1666666666666665,6.5
35,high,lunch,auto,51.25,205.0
35,high,lunch,bike,19.0,76.0
35,high,morning,auto,38.0,76.0
35,high,morning,bike,16.5,33.0
37,medium,block_06_12,bike,11.083333333333334,133.0
37,medium,block_12_18,bike,13.5,162.0
37,medium,block_18_24,bike,6.666666666666667,80.0
38,medium,block_06_12,bike,4.0,48.0
38,medium,block_12_18,bike,4.916666666666667,59.0
38,medium,block_18_24,bike,4.0,48.0
39,high,afternoon,auto,40.5,121.5
39,high,dinner,auto,41.833333333333336,125.5
39,high,early_morning,auto,38.0,38.0
39,high,late_evening,auto,17.833333333333332,53.5
39,high,lunch,auto,49.125,196.5
39,high,morning,auto,44.25,88.5
39,high,opening,auto,1.5,3.0
4,high,afternoon,auto,23.0,69.0
4,high,afternoon,bike,36.5,109.5
4,high,dinner,auto,20.833333333333332,62.5
4,high,dinner,bike,28.5,85.5
4,high,early_morning,auto,3.0,3.0
4,high,early_morning,bike,15.5,15.5
4,high,late_evening,auto,9.5,28.5
4,high,late_evening,bike,8.333333333333332,25.0
4,high,lunch,auto,21.75,87.0
4,high,lunch,bike,45.5,182.0
4,high,morning,auto,13.5,27.0
4,high,morning,bike,28.75,57.5
4,high,opening,auto,0.5,1.0
434,medium,block_06_12,auto,20.666666666666668,124.0
434,medium,block_12_18,auto,41.666666666666664,250.0
434,medium,block_18_24,auto,20.5,123.0
479,medium,block_00_06,auto,9.666666666666666,58.0
479,medium,block_00_06,bike,0.5,3.0
479,medium,block_06_12,auto,4.833333333333333,29.0
479,medium,block_06_12,bike,4.0,24.0
479,medium,block_18_24,bike,3.25,20.0
54,medium,block_06_12,auto,6.666666666666666,40.0
54,medium,block_12_18,auto,36.5,219.0
54,medium,block_18_24,auto,28.083333333333332,168.5
6,mega,afternoon,auto,30.333333333333332,91.0
6,mega,afternoon,bike,21.333333333333332,64.0
6,mega,deep_night,auto,0.75,4.5
6,mega,dinner,auto,30.833333333333332,92.5
6,mega,dinner,bike,17.666666666666668,53.0
6,mega,early_morning,auto,28.0,28.0
6,mega,early_morning,bike,23.0,23.0
6,mega,late_evening,auto,19.666666666666668,59.0
6,mega,late_evening,bike,5.833333333333333,17.5
6,mega,lunch,auto,27.375,109.5
6,mega,lunch,bike,23.0,92.0
6,mega,morning,auto,27.0,54.0
6,mega,morning,bike,23.0,46.0
6,mega,opening,auto,22.0,44.0
6,mega,opening,bike,9.0,18.0
602,low,block_06_12,auto,1.7499999999999998,16.5
602,low,block_12_18,auto,3.5,30.0
602,low,block_18_24,auto,1.25,10.5
604,low,block_18_24,bike,1.0,6.0
69,mega,afternoon,auto,44.166666666666664,132.5
69,mega,afternoon,bike,35.0,105.0
69,mega,dinner,auto,37.666666666666664,113.0
69,mega,dinner,bike,28.833333333333332,86.5
69,mega,early_morning,auto,46.0,46.0
69,mega,early_morning,bike,41.0,41.0
69,mega,late_evening,auto,14.666666666666666,44.0
69,mega,late_evening,bike,14.666666666666666,44.0
69,mega,lunch,auto,45.0,180.0
69,mega,lunch,bike,39.5,158.0
69,mega,morning,auto,45.0,90.0
69,mega,morning,bike,41.0,82.0
69,mega,opening,auto,30.75,61.5
69,mega,opening,bike,13.5,27.0
7,mega,afternoon,auto,39.833333333333336,119.5
7,mega,afternoon,bike,24.666666666666668,74.0
7,mega,deep_night,auto,8.5,51.0
7,mega,dinner,auto,49.333333333333336,148.0
7,mega,dinner,bike,21.0,63.0
7,mega,early_morning,auto,38.0,38.0
7,mega,early_morning,bike,25.0,25.0
7,mega,late_evening,auto,29.833333333333332,89.5
7,mega,late_evening,bike,7.999999999999999,24.0
7,mega,lunch,auto,41.875,167.5
7,mega,lunch,bike,28.0,112.0
7,mega,morning,auto,39.25,78.5
7,mega,morning,bike,25.0,50.0
7,mega,opening,auto,28.5,57.0
7,mega,opening,bike,20.0,40.0
8,mega,afternoon,bike,30.833333333333332,128.5
8,mega,dinner,bike,25.166666666666668,107.5
8,mega,early_morning,bike,31.5,45.0
8,mega,late_evening,bike,6.666666666666666,28.0
8,mega,lunch,bike,38.875,216.0
8,mega,morning,bike,38.5,108.0
8,mega,opening,bike,7.75,22.0
9,medium,block_00_06,auto,0.4166666666666667,2.5
9,medium,block_06_12,auto,21.083333333333332,126.5
9,medium,block_12_18,auto,38.333333333333336,230.0
9,medium,block_18_24,auto,31.583333333333336,189.5
99,mega,afternoon,bike,52.333333333333336,157.0
99,mega,dinner,bike,38.166666666666664,114.5
99,mega,early_morning,bike,59.0,59.0
99,mega,late_evening,bike,5.833333333333333,17.5
99,mega,lunch,bike,61.375,245.5
99,mega,morning,bike,61.5,123.0
99,mega,opening,bike,11.5,23.0
