location_id,segment,rows,auto_forecast_slots_sum,auto_actual_slots_sum,auto_slot_bias,auto_slot_mae,auto_slot_rmse,auto_slot_under_sum,auto_slot_over_sum,auto_under_rate,auto_slot_wape,bike_forecast_slots_sum,bike_actual_slots_sum,bike_slot_bias,bike_slot_mae,bike_slot_rmse,bike_slot_under_sum,bike_slot_over_sum,bike_under_rate,bike_slot_wape,total_forecast_slots_sum,total_actual_slots_sum,total_slot_bias,total_slot_mae,total_slot_rmse,total_slot_under_sum,total_slot_over_sum,total_under_rate,total_slot_wape
1,medium,21.0,0.0,0.0,0.0,0.0,0.0,0.0,0.0,0.0,,21.0,25.0,-0.19047619047619047,0.19047619047619047,0.5345224838248488,4.0,0.0,0.14285714285714285,0.16,21.0,25.0,-0.19047619047619047,0.19047619047619047,0.5345224838248488,4.0,0.0,0.14285714285714285,0.16
10,medium,21.0,0.0,0.0,0.0,0.0,0.0,0.0,0.0,0.0,,21.0,31.0,-0.47619047619047616,0.47619047619047616,0.6900655593423543,10.0,0.0,0.47619047619047616,0.3225806451612903,21.0,31.0,-0.47619047619047616,0.47619047619047616,0.6900655593423543,10.0,0.0,0.47619047619047616,0.3225806451612903
100,low,21.0,0.0,0.0,0.0,0.0,0.0,0.0,0.0,0.0,,0.0,0.0,0.0,0.0,0.0,0.0,0.0,0.0,,0.0,0.0,0.0,0.0,0.0,0.0,0.0,0.0,
101,medium,21.0,51.0,44.0,0.3333333333333333,0.6190476190476191,0.8997354108424374,3.0,10.0,0.14285714285714285,0.29545454545454547,0.0,0.0,0.0,0.0,0.0,0.0,0.0,0.0,,51.0,44.0,0.3333333333333333,0.6190476190476191,0.8997354108424374,3.0,10.0,0.14285714285714285,0.29545454545454547
11,medium,28.0,53.0,114.0,-2.1785714285714284,2.6785714285714284,3.2015621187164243,68.0,7.0,0.75,0.6578947368421053,0.0,0.0,0.0,0.0,0.0,0.0,0.0,0.0,,53.0,114.0,-2.1785714285714284,2.6785714285714284,3.2015621187164243,68.0,7.0,0.75,0.6578947368421053
114,low,28.0,0.0,0.0,0.0,0.0,0.0,0.0,0.0,0.0,,0.0,0.0,0.0,0.0,0.0,0.0,0.0,0.0,,0.0,0.0,0.0,0.0,0.0,0.0,0.0,0.0,
115,high,56.0,126.0,79.0,0.8392857142857143,0.9821428571428571,1.1877349391654208,4.0,51.0,0.07142857142857142,0.6962025316455697,20.0,26.0,-0.10714285714285714,0.42857142857142855,0.6813851438692469,15.0,9.0,0.25,0.9230769230769231,146.0,105.0,0.7321428571428571,1.0892857142857142,1.3822858914545448,10.0,51.0,0.14285714285714285,0.580952380952381
117,low,14.0,0.0,0.0,0.0,0.0,0.0,0.0,0.0,0.0,,0.0,0.0,0.0,0.0,0.0,0.0,0.0,0.0,,0.0,0.0,0.0,0.0,0.0,0.0,0.0,0.0,
118,low,18.0,0.0,0.0,0.0,0.0,0.0,0.0,0.0,0.0,,0.0,0.0,0.0,0.0,0.0,0.0,0.0,0.0,,0.0,0.0,0.0,0.0,0.0,0.0,0.0,0.0,
119,medium,21.0,0.0,0.0,0.0,0.0,0.0,0.0,0.0,0.0,,0.0,0.0,0.0,0.0,0.0,0.0,0.0,0.0,,0.0,0.0,0.0,0.0,0.0,0.0,0.0,0.0,
12,high,56.0,95.0,41.0,0.9642857142857143,1.1071428571428572,1.349603116263656,4.0,58.0,0.07142857142857142,1.5121951219512195,28.0,35.0,-0.125,0.125,0.3535533905932738,7.0,0.0,0.125,0.2,123.0,76.0,0.8392857142857143,1.1964285714285714,1.3822858914545448,10.0,57.0,0.17857142857142858,0.881578947368421
120,low,21.0,0.0,0.0,0.0,0.0,0.0,0.0,0.0,0.0,,0.0,0.0,0.0,0.0,0.0,0.0,0.0,0.0,,0.0,0.0,0.0,0.0,0.0,0.0,0.0,0.0,
123,medium,21.0,0.0,0.0,0.0,0.0,0.0,0.0,0.0,0.0,,24.0,31.0,-0.3333333333333333,0.3333333333333333,0.5773502691896257,7.0,0.0,0.3333333333333333,0.22580645161290322,24.0,31.0,-0.3333333333333333,0.3333333333333333,0.5773502691896257,7.0,0.0,0.3333333333333333,0.22580645161290322
124,low,21.0,0.0,0.0,0.0,0.0,0.0,0.0,0.0,0.0,,0.0,0.0,0.0,0.0,0.0,0.0,0.0,0.0,,0.0,0.0,0.0,0.0,0.0,0.0,0.0,0.0,
125,medium,21.0,21.0,15.0,0.2857142857142857,0.2857142857142857,0.5345224838248488,0.0,6.0,0.0,0.4,0.0,0.0,0.0,0.0,0.0,0.0,0.0,0.0,,21.0,15.0,0.2857142857142857,0.2857142857142857,0.5345224838248488,0.0,6.0,0.0,0.4
126,high,56.0,0.0,0.0,0.0,0.0,0.0,0.0,0.0,0.0,,82.0,75.0,0.125,0.9107142857142857,1.0773645092141684,22.0,29.0,0.39285714285714285,0.68,82.0,75.0,0.125,0.9107142857142857,1.0773645092141684,22.0,29.0,0.39285714285714285,0.68
127,medium,21.0,0.0,0.0,0.0,0.0,0.0,0.0,0.0,0.0,,21.0,22.0,-0.047619047619047616,1.1904761904761905,1.2909944487358056,13.0,12.0,0.38095238095238093,1.1363636363636365,21.0,22.0,-0.047619047619047616,1.1904761904761905,1.2909944487358056,13.0,12.0,0.38095238095238093,1.1363636363636365
128,medium,21.0,0.0,0.0,0.0,0.0,0.0,0.0,0.0,0.0,,32.0,42.0,-0.47619047619047616,0.47619047619047616,0.6900655593423543,10.0,0.0,0.47619047619047616,0.23809523809523808,32.0,42.0,-0.47619047619047616,0.47619047619047616,0.6900655593423543,10.0,0.0,0.47619047619047616,0.23809523809523808
129,low,21.0,0.0,0.0,0.0,0.0,0.0,0.0,0.0,0.0,,0.0,0.0,0.0,0.0,0.0,0.0,0.0,0.0,,0.0,0.0,0.0,0.0,0.0,0.0,0.0,0.0,
135,low,14.0,0.0,0.0,0.0,0.0,0.0,0.0,0.0,0.0,,0.0,0.0,0.0,0.0,0.0,0.0,0.0,0.0,,0.0,0.0,0.0,0.0,0.0,0.0,0.0,0.0,
137,medium,21.0,0.0,0.0,0.0,0.0,0.0,0.0,0.0,0.0,,0.0,0.0,0.0,0.0,0.0,0.0,0.0,0.0,,0.0,0.0,0.0,0.0,0.0,0.0,0.0,0.0,
138,medium,21.0,0.0,0.0,0.0,0.0,0.0,0.0,0.0,0.0,,0.0,0.0,0.0,0.0,0.0,0.0,0.0,0.0,,0.0,0.0,0.0,0.0,0.0,0.0,0.0,0.0,
14,medium,21.0,52.0,78.0,-1.2380952380952381,1.2380952380952381,1.632993161855452,26.0,0.0,0.6666666666666666,0.3333333333333333,0.0,0.0,0.0,0.0,0.0,0.0,0.0,0.0,,52.0,78.0,-1.2380952380952381,1.2380952380952381,1.632993161855452,26.0,0.0,0.6666666666666666,0.3333333333333333
141,low,14.0,0.0,0.0,0.0,0.0,0.0,0.0,0.0,0.0,,0.0,0.0,0.0,0.0,0.0,0.0,0.0,0.0,,0.0,0.0,0.0,0.0,0.0,0.0,0.0,0.0,
142,medium,21.0,0.0,0.0,0.0,0.0,0.0,0.0,0.0,0.0,,21.0,21.0,0.0,0.0,0.0,0.0,0.0,0.0,0.0,21.0,21.0,0.0,0.0,0.0,0.0,0.0,0.0,0.0
145,low,14.0,0.0,0.0,0.0,0.0,0.0,0.0,0.0,0.0,,0.0,0.0,0.0,0.0,0.0,0.0,0.0,0.0,,0.0,0.0,0.0,0.0,0.0,0.0,0.0,0.0,
15,medium,28.0,0.0,0.0,0.0,0.0,0.0,0.0,0.0,0.0,,0.0,0.0,0.0,0.0,0.0,0.0,0.0,0.0,,0.0,0.0,0.0,0.0,0.0,0.0,0.0,0.0,
16,medium,21.0,0.0,0.0,0.0,0.0,0.0,0.0,0.0,0.0,,21.0,35.0,-0.6666666666666666,0.6666666666666666,0.816496580927726,14.0,0.0,0.6666666666666666,0.4,21.0,35.0,-0.6666666666666666,0.6666666666666666,0.816496580927726,14.0,0.0,0.6666666666666666,0.4
17,medium,21.0,48.0,55.0,-0.3333333333333333,0.7142857142857143,1.0910894511799618,11.0,4.0,0.3333333333333333,0.2727272727272727,0.0,0.0,0.0,0.0,0.0,0.0,0.0,0.0,,48.0,55.0,-0.3333333333333333,0.7142857142857143,1.0910894511799618,11.0,4.0,0.3333333333333333,0.2727272727272727
179,low,14.0,0.0,0.0,0.0,0.0,0.0,0.0,0.0,0.0,,0.0,0.0,0.0,0.0,0.0,0.0,0.0,0.0,,0.0,0.0,0.0,0.0,0.0,0.0,0.0,0.0,
18,medium,21.0,38.0,48.0,-0.47619047619047616,0.8571428571428571,1.1547005383792515,14.0,4.0,0.47619047619047616,0.375,0.0,13.0,-0.6190476190476191,0.6190476190476191,0.7867957924694432,13.0,0.0,0.6190476190476191,1.0,38.0,61.0,-1.0952380952380953,1.0952380952380953,1.3627702877384937,23.0,0.0,0.7619047619047619,0.3770491803278688
184,low,21.0,0.0,0.0,0.0,0.0,0.0,0.0,0.0,0.0,,0.0,0.0,0.0,0.0,0.0,0.0,0.0,0.0,,0.0,0.0,0.0,0.0,0.0,0.0,0.0,0.0,
188,low,16.0,0.0,0.0,0.0,0.0,0.0,0.0,0.0,0.0,,0.0,0.0,0.0,0.0,0.0,0.0,0.0,0.0,,0.0,0.0,0.0,0.0,0.0,0.0,0.0,0.0,
19,medium,21.0,0.0,0.0,0.0,0.0,0.0,0.0,0.0,0.0,,0.0,0.0,0.0,0.0,0.0,0.0,0.0,0.0,,0.0,0.0,0.0,0.0,0.0,0.0,0.0,0.0,
2,high,56.0,0.0,0.0,0.0,0.0,0.0,0.0,0.0,0.0,,81.0,76.0,0.08928571428571429,0.9107142857142857,1.093813773650968,23.0,28.0,0.39285714285714285,0.6710526315789473,81.0,76.0,0.08928571428571429,0.9107142857142857,1.093813773650968,23.0,28.0,0.39285714285714285,0.6710526315789473
20,medium,21.0,28.0,44.0,-0.7619047619047619,0.7619047619047619,0.9258200997725514,16.0,0.0,0.7142857142857143,0.36363636363636365,0.0,0.0,0.0,0.0,0.0,0.0,0.0,0.0,,28.0,44.0,-0.7619047619047619,0.7619047619047619,0.9258200997725514,16.0,0.0,0.7142857142857143,0.36363636363636365
21,high,56.0,158.0,148.0,0.17857142857142858,1.25,1.5118578920369088,30.0,40.0,0.44642857142857145,0.47297297297297297,0.0,0.0,0.0,0.0,0.0,0.0,0.0,0.0,,158.0,148.0,0.17857142857142858,1.25,1.5118578920369088,30.0,40.0,0.44642857142857145,0.47297297297297297
22,low,14.0,0.0,0.0,0.0,0.0,0.0,0.0,0.0,0.0,,0.0,0.0,0.0,0.0,0.0,0.0,0.0,0.0,,0.0,0.0,0.0,0.0,0.0,0.0,0.0,0.0,
222,low,21.0,0.0,0.0,0.0,0.0,0.0,0.0,0.0,0.0,,0.0,0.0,0.0,0.0,0.0,0.0,0.0,0.0,,0.0,0.0,0.0,0.0,0.0,0.0,0.0,0.0,
23,low,21.0,0.0,0.0,0.0,0.0,0.0,0.0,0.0,0.0,,0.0,0.0,0.0,0.0,0.0,0.0,0.0,0.0,,0.0,0.0,0.0,0.0,0.0,0.0,0.0,0.0,
24,low,21.0,0.0,0.0,0.0,0.0,0.0,0.0,0.0,0.0,,0.0,0.0,0.0,0.0,0.0,0.0,0.0,0.0,,0.0,0.0,0.0,0.0,0.0,0.0,0.0,0.0,
25,medium,21.0,0.0,0.0,0.0,0.0,0.0,0.0,0.0,0.0,,21.0,36.0,-0.7142857142857143,0.7142857142857143,0.8997354108424374,15.0,0.0,0.6666666666666666,0.4166666666666667,21.0,36.0,-0.7142857142857143,0.7142857142857143,0.8997354108424374,15.0,0.0,0.6666666666666666,0.4166666666666667
255,low,21.0,0.0,0.0,0.0,0.0,0.0,0.0,0.0,0.0,,0.0,0.0,0.0,0.0,0.0,0.0,0.0,0.0,,0.0,0.0,0.0,0.0,0.0,0.0,0.0,0.0,
26,medium,21.0,0.0,0.0,0.0,0.0,0.0,0.0,0.0,0.0,,21.0,32.0,-0.5238095238095238,0.5238095238095238,0.7237468644557459,11.0,0.0,0.5238095238095238,0.34375,21.0,32.0,-0.5238095238095238,0.5238095238095238,0.7237468644557459,11.0,0.0,0.5238095238095238,0.34375
27,medium,21.0,0.0,0.0,0.0,0.0,0.0,0.0,0.0,0.0,,0.0,0.0,0.0,0.0,0.0,0.0,0.0,0.0,,0.0,0.0,0.0,0.0,0.0,0.0,0.0,0.0,
28,low,21.0,0.0,0.0,0.0,0.0,0.0,0.0,0.0,0.0,,0.0,0.0,0.0,0.0,0.0,0.0,0.0,0.0,,0.0,0.0,0.0,0.0,0.0,0.0,0.0,0.0,
29,mega,56.0,260.0,256.0,0.07142857142857142,2.2857142857142856,2.8030595529069404,62.0,66.0,0.4642857142857143,0.5,21.0,53.0,-0.5714285714285714,0.8214285714285714,1.2100767390069582,39.0,7.0,0.42857142857142855,0.8679245283018868,281.0,309.0,-0.5,3.0,3.525417908358019,98.0,70.0,0.5892857142857143,0.5436893203883495
290,low,14.0,0.0,0.0,0.0,0.0,0.0,0.0,0.0,0.0,,0.0,0.0,0.0,0.0,0.0,0.0,0.0,0.0,,0.0,0.0,0.0,0.0,0.0,0.0,0.0,0.0,
30,high,56.0,164.0,100.0,1.1428571428571428,1.3214285714285714,1.7525491637693282,5.0,69.0,0.08928571428571429,0.74,28.0,39.0,-0.19642857142857142,0.19642857142857142,0.5175491695067657,11.0,0.0,0.16071428571428573,0.28205128205128205,192.0,139.0,0.9464285714285714,1.3392857142857142,1.695582495781317,11.0,64.0,0.17857142857142858,0.539568345323741
301,low,14.0,0.0,0.0,0.0,0.0,0.0,0.0,0.0,0.0,,0.0,0.0,0.0,0.0,0.0,0.0,0.0,0.0,,0.0,0.0,0.0,0.0,0.0,0.0,0.0,0.0,
33,high,56.0,112.0,79.0,0.5892857142857143,0.9821428571428571,1.3562026818605375,11.0,44.0,0.19642857142857142,0.6962025316455697,28.0,37.0,-0.16071428571428573,0.23214285714285715,0.5175491695067657,11.0,2.0,0.17857142857142858,0.35135135135135137,140.0,116.0,0.42857142857142855,1.1071428571428572,1.4880476182856899,19.0,43.0,0.2857142857142857,0.5344827586206896
335,low,28.0,0.0,0.0,0.0,0.0,0.0,0.0,0.0,0.0,,0.0,0.0,0.0,0.0,0.0,0.0,0.0,0.0,,0.0,0.0,0.0,0.0,0.0,0.0,0.0,0.0,
34,medium,21.0,21.0,36.0,-0.7142857142857143,0.8095238095238095,1.5886502207249789,16.0,1.0,0.42857142857142855,0.4722222222222222,0.0,0.0,0.0,0.0,0.0,0.0,0.0,0.0,,21.0,36.0,-0.7142857142857143,0.8095238095238095,1.5886502207249789,16.0,1.0,0.42857142857142855,0.4722222222222222
343,low,14.0,0.0,0.0,0.0,0.0,0.0,0.0,0.0,0.0,,0.0,0.0,0.0,0.0,0.0,0.0,0.0,0.0,,0.0,0.0,0.0,0.0,0.0,0.0,0.0,0.0,
345,low,21.0,0.0,0.0,0.0,0.0,0.0,0.0,0.0,0.0,,0.0,0.0,0.0,0.0,0.0,0.0,0.0,0.0,,0.0,0.0,0.0,0.0,0.0,0.0,0.0,0.0,
347,low,14.0,0.0,0.0,0.0,0.0,0.0,0.0,0.0,0.0,,0.0,0.0,0.0,0.0,0.0,0.0,0.0,0.0,,0.0,0.0,0.0,0.0,0.0,0.0,0.0,0.0,
348,medium,21.0,21.0,21.0,0.0,0.0,0.0,0.0,0.0,0.0,0.0,0.0,0.0,0.0,0.0,0.0,0.0,0.0,0.0,,21.0,21.0,0.0,0.0,0.0,0.0,0.0,0.0,0.0
35,high,56.0,137.0,105.0,0.5714285714285714,0.9642857142857143,1.2817398889233114,11.0,43.0,0.17857142857142858,0.5142857142857142,28.0,48.0,-0.35714285714285715,0.39285714285714285,0.6546536707079771,21.0,1.0,0.35714285714285715,0.4583333333333333,165.0,153.0,0.21428571428571427,1.25,1.4880476182856899,29.0,41.0,0.39285714285714285,0.45751633986928103
36,medium,21.0,0.0,0.0,0.0,0.0,0.0,0.0,0.0,0.0,,0.0,0.0,0.0,0.0,0.0,0.0,0.0,0.0,,0.0,0.0,0.0,0.0,0.0,0.0,0.0,0.0,
37,medium,21.0,0.0,0.0,0.0,0.0,0.0,0.0,0.0,0.0,,21.0,53.0,-1.5238095238095237,2.0952380952380953,2.246690688016276,38.0,6.0,0.7142857142857143,0.8301886792452831,21.0,53.0,-1.5238095238095237,2.0952380952380953,2.246690688016276,38.0,6.0,0.7142857142857143,0.8301886792452831
38,medium,21.0,0.0,0.0,0.0,0.0,0.0,0.0,0.0,0.0,,21.0,16.0,0.23809523809523808,0.6190476190476191,0.7867957924694432,4.0,9.0,0.19047619047619047,0.8125,21.0,16.0,0.23809523809523808,0.6190476190476191,0.7867957924694432,4.0,9.0,0.19047619047619047,0.8125
39,high,56.0,181.0,120.0,1.0892857142857142,1.3035714285714286,1.609125760866973,6.0,67.0,0.10714285714285714,0.6083333333333333,0.0,0.0,0.0,0.0,0.0,0.0,0.0,0.0,,181.0,120.0,1.0892857142857142,1.3035714285714286,1.609125760866973,6.0,67.0,0.10714285714285714,0.6083333333333333
4,high,56.0,64.0,55.0,0.16071428571428573,0.5178571428571429,0.7676494735787385,10.0,19.0,0.14285714285714285,0.5272727272727272,74.0,99.0,-0.44642857142857145,1.3035714285714286,1.620185174601965,49.0,24.0,0.42857142857142855,0.7373737373737373,138.0,154.0,-0.2857142857142857,1.5,1.7728105208558367,50.0,34.0,0.48214285714285715,0.5454545454545454
40,medium,21.0,0.0,0.0,0.0,0.0,0.0,0.0,0.0,0.0,,0.0,0.0,0.0,0.0,0.0,0.0,0.0,0.0,,0.0,0.0,0.0,0.0,0.0,0.0,0.0,0.0,
41,low,21.0,0.0,0.0,0.0,0.0,0.0,0.0,0.0,0.0,,0.0,0.0,0.0,0.0,0.0,0.0,0.0,0.0,,0.0,0.0,0.0,0.0,0.0,0.0,0.0,0.0,
416,low,14.0,0.0,0.0,0.0,0.0,0.0,0.0,0.0,0.0,,0.0,0.0,0.0,0.0,0.0,0.0,0.0,0.0,,0.0,0.0,0.0,0.0,0.0,0.0,0.0,0.0,
43,low,21.0,0.0,0.0,0.0,0.0,0.0,0.0,0.0,0.0,,0.0,0.0,0.0,0.0,0.0,0.0,0.0,0.0,,0.0,0.0,0.0,0.0,0.0,0.0,0.0,0.0,
434,medium,21.0,48.0,58.0,-0.47619047619047616,0.8571428571428571,1.1126972805283737,14.0,4.0,0.5714285714285714,0.3103448275862069,0.0,0.0,0.0,0.0,0.0,0.0,0.0,0.0,,48.0,58.0,-0.47619047619047616,0.8571428571428571,1.1126972805283737,14.0,4.0,0.5714285714285714,0.3103448275862069
436,low,21.0,0.0,0.0,0.0,0.0,0.0,0.0,0.0,0.0,,0.0,0.0,0.0,0.0,0.0,0.0,0.0,0.0,,0.0,0.0,0.0,0.0,0.0,0.0,0.0,0.0,
44,low,21.0,0.0,0.0,0.0,0.0,0.0,0.0,0.0,0.0,,0.0,0.0,0.0,0.0,0.0,0.0,0.0,0.0,,0.0,0.0,0.0,0.0,0.0,0.0,0.0,0.0,
443,low,21.0,0.0,0.0,0.0,0.0,0.0,0.0,0.0,0.0,,0.0,0.0,0.0,0.0,0.0,0.0,0.0,0.0,,0.0,0.0,0.0,0.0,0.0,0.0,0.0,0.0,
445,low,14.0,0.0,0.0,0.0,0.0,0.0,0.0,0.0,0.0,,0.0,0.0,0.0,0.0,0.0,0.0,0.0,0.0,,0.0,0.0,0.0,0.0,0.0,0.0,0.0,0.0,
46,medium,21.0,0.0,0.0,0.0,0.0,0.0,0.0,0.0,0.0,,0.0,0.0,0.0,0.0,0.0,0.0,0.0,0.0,,0.0,0.0,0.0,0.0,0.0,0.0,0.0,0.0,
47,medium,21.0,0.0,0.0,0.0,0.0,0.0,0.0,0.0,0.0,,0.0,6.0,-0.2857142857142857,0.2857142857142857,0.5345224838248488,6.0,0.0,0.2857142857142857,1.0,0.0,6.0,-0.2857142857142857,0.2857142857142857,0.5345224838248488,6.0,0.0,0.2857142857142857,1.0
479,medium,28.0,28.0,16.0,0.42857142857142855,0.5,0.7071067811865476,1.0,13.0,0.03571428571428571,0.875,1.0,7.0,-0.21428571428571427,0.2857142857142857,0.5345224838248488,7.0,1.0,0.25,1.1428571428571428,29.0,23.0,0.21428571428571427,0.7857142857142857,0.9258200997725514,8.0,14.0,0.25,0.9565217391304348
481,low,14.0,0.0,0.0,0.0,0.0,0.0,0.0,0.0,0.0,,0.0,0.0,0.0,0.0,0.0,0.0,0.0,0.0,,0.0,0.0,0.0,0.0,0.0,0.0,0.0,0.0,
5,medium,28.0,0.0,0.0,0.0,0.0,0.0,0.0,0.0,0.0,,0.0,0.0,0.0,0.0,0.0,0.0,0.0,0.0,,0.0,0.0,0.0,0.0,0.0,0.0,0.0,0.0,
51,medium,21.0,0.0,0.0,0.0,0.0,0.0,0.0,0.0,0.0,,0.0,0.0,0.0,0.0,0.0,0.0,0.0,0.0,,0.0,0.0,0.0,0.0,0.0,0.0,0.0,0.0,
516,low,21.0,0.0,0.0,0.0,0.0,0.0,0.0,0.0,0.0,,0.0,0.0,0.0,0.0,0.0,0.0,0.0,0.0,,0.0,0.0,0.0,0.0,0.0,0.0,0.0,0.0,
53,low,23.0,0.0,0.0,0.0,0.0,0.0,0.0,0.0,0.0,,0.0,0.0,0.0,0.0,0.0,0.0,0.0,0.0,,0.0,0.0,0.0,0.0,0.0,0.0,0.0,0.0,
54,medium,21.0,37.0,54.0,-0.8095238095238095,0.8095238095238095,1.0465362369445672,17.0,0.0,0.6666666666666666,0.3148148148148148,0.0,0.0,0.0,0.0,0.0,0.0,0.0,0.0,,37.0,54.0,-0.8095238095238095,0.8095238095238095,1.0465362369445672,17.0,0.0,0.6666666666666666,0.3148148148148148
556,low,21.0,0.0,0.0,0.0,0.0,0.0,0.0,0.0,0.0,,0.0,0.0,0.0,0.0,0.0,0.0,0.0,0.0,,0.0,0.0,0.0,0.0,0.0,0.0,0.0,0.0,
557,low,21.0,0.0,0.0,0.0,0.0,0.0,0.0,0.0,0.0,,0.0,0.0,0.0,0.0,0.0,0.0,0.0,0.0,,0.0,0.0,0.0,0.0,0.0,0.0,0.0,0.0,
558,low,14.0,0.0,0.0,0.0,0.0,0.0,0.0,0.0,0.0,,0.0,0.0,0.0,0.0,0.0,0.0,0.0,0.0,,0.0,0.0,0.0,0.0,0.0,0.0,0.0,0.0,
560,low,21.0,0.0,0.0,0.0,0.0,0.0,0.0,0.0,0.0,,0.0,0.0,0.0,0.0,0.0,0.0,0.0,0.0,,0.0,0.0,0.0,0.0,0.0,0.0,0.0,0.0,
597,low,28.0,0.0,0.0,0.0,0.0,0.0,0.0,0.0,0.0,,0.0,0.0,0.0,0.0,0.0,0.0,0.0,0.0,,0.0,0.0,0.0,0.0,0.0,0.0,0.0,0.0,
598,low,14.0,0.0,0.0,0.0,0.0,0.0,0.0,0.0,0.0,,0.0,0.0,0.0,0.0,0.0,0.0,0.0,0.0,,0.0,0.0,0.0,0.0,0.0,0.0,0.0,0.0,
599,low,14.0,0.0,0.0,0.0,0.0,0.0,0.0,0.0,0.0,,0.0,0.0,0.0,0.0,0.0,0.0,0.0,0.0,,0.0,0.0,0.0,0.0,0.0,0.0,0.0,0.0,
6,mega,56.0,157.0,87.0,1.25,1.3571428571428572,1.7928429140015905,3.0,73.0,0.05357142857142857,0.8735632183908046,35.0,53.0,-0.32142857142857145,0.5714285714285714,0.7559289460184544,25.0,7.0,0.44642857142857145,0.6037735849056604,192.0,140.0,0.9285714285714286,1.3928571428571428,1.6035674514745464,13.0,65.0,0.21428571428571427,0.5571428571428572
602,low,21.0,21.0,0.0,1.0,1.0,1.0,0.0,21.0,0.0,,0.0,0.0,0.0,0.0,0.0,0.0,0.0,0.0,,21.0,0.0,1.0,1.0,1.0,0.0,21.0,0.0,
603,low,28.0,0.0,2.0,-0.07142857142857142,0.07142857142857142,0.2672612419124244,2.0,0.0,0.07142857142857142,1.0,0.0,0.0,0.0,0.0,0.0,0.0,0.0,0.0,,0.0,2.0,-0.07142857142857142,0.07142857142857142,0.2672612419124244,2.0,0.0,0.07142857142857142,1.0
604,low,28.0,0.0,2.0,-0.07142857142857142,0.07142857142857142,0.2672612419124244,2.0,0.0,0.07142857142857142,1.0,28.0,0.0,1.0,1.0,1.0,0.0,28.0,0.0,,28.0,2.0,0.9285714285714286,0.9285714285714286,0.9636241116594315,0.0,26.0,0.0,13.0
605,low,28.0,0.0,2.0,-0.07142857142857142,0.07142857142857142,0.2672612419124244,2.0,0.0,0.07142857142857142,1.0,0.0,0.0,0.0,0.0,0.0,0.0,0.0,0.0,,0.0,2.0,-0.07142857142857142,0.07142857142857142,0.2672612419124244,2.0,0.0,0.07142857142857142,1.0
69,mega,56.0,183.0,115.0,1.2142857142857142,1.4285714285714286,1.9639610121239315,6.0,74.0,0.10714285714285714,0.6956521739130435,84.0,102.0,-0.32142857142857145,0.8214285714285714,1.118033988749895,32.0,14.0,0.48214285714285715,0.45098039215686275,267.0,217.0,0.8928571428571429,1.75,2.6186146828319083,24.0,74.0,0.26785714285714285,0.45161290322580644
7,mega,56.0,205.0,144.0,1.0892857142857142,1.5892857142857142,1.8755951436429832,14.0,75.0,0.16071428571428573,0.6180555555555556,41.0,71.0,-0.5357142857142857,0.75,0.9063269671749657,36.0,6.0,0.6071428571428571,0.5915492957746479,246.0,215.0,0.5535714285714286,1.4821428571428572,1.9594095320493148,26.0,57.0,0.23214285714285715,0.386046511627907
70,low,14.0,0.0,0.0,0.0,0.0,0.0,0.0,0.0,0.0,,0.0,0.0,0.0,0.0,0.0,0.0,0.0,0.0,,0.0,0.0,0.0,0.0,0.0,0.0,0.0,0.0,
71,low,14.0,0.0,0.0,0.0,0.0,0.0,0.0,0.0,0.0,,0.0,0.0,0.0,0.0,0.0,0.0,0.0,0.0,,0.0,0.0,0.0,0.0,0.0,0.0,0.0,0.0,
72,low,16.0,0.0,0.0,0.0,0.0,0.0,0.0,0.0,0.0,,0.0,0.0,0.0,0.0,0.0,0.0,0.0,0.0,,0.0,0.0,0.0,0.0,0.0,0.0,0.0,0.0,
8,mega,56.0,0.0,0.0,0.0,0.0,0.0,0.0,0.0,0.0,,122.0,103.0,0.3392857142857143,0.9107142857142857,1.2886870394763368,16.0,35.0,0.2857142857142857,0.49514563106796117,122.0,103.0,0.3392857142857143,0.9107142857142857,1.2886870394763368,16.0,35.0,0.2857142857142857,0.49514563106796117
9,medium,21.0,48.0,70.0,-1.0476190476190477,1.1428571428571428,1.3093073414159542,23.0,1.0,0.8095238095238095,0.34285714285714286,0.0,0.0,0.0,0.0,0.0,0.0,0.0,0.0,,48.0,70.0,-1.0476190476190477,1.1428571428571428,1.3093073414159542,23.0,1.0,0.8095238095238095,0.34285714285714286
94,medium,14.0,0.0,0.0,0.0,0.0,0.0,0.0,0.0,0.0,,0.0,0.0,0.0,0.0,0.0,0.0,0.0,0.0,,0.0,0.0,0.0,0.0,0.0,0.0,0.0,0.0,
95,low,21.0,0.0,0.0,0.0,0.0,0.0,0.0,0.0,0.0,,0.0,0.0,0.0,0.0,0.0,0.0,0.0,0.0,,0.0,0.0,0.0,0.0,0.0,0.0,0.0,0.0,
96,low,21.0,0.0,0.0,0.0,0.0,0.0,0.0,0.0,0.0,,0.0,0.0,0.0,0.0,0.0,0.0,0.0,0.0,,0.0,0.0,0.0,0.0,0.0,0.0,0.0,0.0,
97,low,14.0,0.0,0.0,0.0,0.0,0.0,0.0,0.0,0.0,,0.0,0.0,0.0,0.0,0.0,0.0,0.0,0.0,,0.0,0.0,0.0,0.0,0.0,0.0,0.0,0.0,
99,mega,56.0,0.0,0.0,0.0,0.0,0.0,0.0,0.0,0.0,,179.0,117.0,1.1071428571428572,1.4642857142857142,2.187627547301936,10.0,72.0,0.16071428571428573,0.7008547008547008,179.0,117.0,1.1071428571428572,1.4642857142857142,2.187627547301936,10.0,72.0,0.16071428571428573,0.7008547008547008
