segment,time_segment,rows,auto_forecast_slots_sum,auto_actual_slots_sum,auto_slot_bias,auto_slot_mae,auto_slot_rmse,auto_slot_under_sum,auto_slot_over_sum,auto_under_rate,auto_slot_wape,bike_forecast_slots_sum,bike_actual_slots_sum,bike_slot_bias,bike_slot_mae,bike_slot_rmse,bike_slot_under_sum,bike_slot_over_sum,bike_under_rate,bike_slot_wape,total_forecast_slots_sum,total_actual_slots_sum,total_slot_bias,total_slot_mae,total_slot_rmse,total_slot_under_sum,total_slot_over_sum,total_under_rate,total_slot_wape
high,afternoon,70.0,157.0,153.0,0.05714285714285714,0.4,0.6546536707079771,12.0,16.0,0.17142857142857143,0.1830065359477124,71.0,108.0,-0.5285714285714286,0.5285714285714286,0.9486832980505138,37.0,0.0,0.38571428571428573,0.3425925925925926,228.0,261.0,-0.4714285714285714,0.8428571428571429,1.1019463300386794,46.0,13.0,0.5285714285714286,0.2260536398467433
high,deep_night,70.0,49.0,0.0,0.7,0.7,0.8366600265340756,0.0,49.0,0.0,,21.0,0.0,0.3,0.3,0.5477225575051661,0.0,21.0,0.0,,70.0,0.0,1.0,1.0,1.0,0.0,70.0,0.0,
high,dinner,70.0,161.0,140.0,0.3,0.6714285714285714,0.992831448793946,13.0,34.0,0.15714285714285714,0.3357142857142857,46.0,79.0,-0.4714285714285714,0.4714285714285714,0.7464200272921789,33.0,0.0,0.42857142857142855,0.4177215189873418,207.0,219.0,-0.17142857142857143,0.8285714285714286,1.0281745265969475,35.0,23.0,0.44285714285714284,0.2648401826484018
high,early_morning,70.0,116.0,0.0,1.6571428571428573,1.6571428571428573,1.9712215212183246,0.0,116.0,0.0,,45.0,0.0,0.6428571428571429,0.6428571428571429,1.0212037714663724,0.0,45.0,0.0,,161.0,0.0,2.3,2.3,2.3754698783308417,0.0,161.0,0.0,
high,late_evening,70.0,56.0,82.0,-0.37142857142857144,0.5714285714285714,0.8618916073713346,33.0,7.0,0.38571428571428573,0.4878048780487805,21.0,29.0,-0.11428571428571428,0.2,0.4472135954999579,11.0,3.0,0.15714285714285714,0.4827586206896552,77.0,111.0,-0.4857142857142857,0.6571428571428571,0.9102589898327995,40.0,6.0,0.4857142857142857,0.4144144144144144
high,lunch,70.0,213.0,186.0,0.38571428571428573,0.6428571428571429,1.0757057484009542,9.0,36.0,0.12857142857142856,0.24193548387096775,80.0,111.0,-0.44285714285714284,0.5,0.8194074514114278,33.0,2.0,0.4,0.3153153153153153,293.0,297.0,-0.05714285714285714,1.0,1.2983506020002016,37.0,33.0,0.4142857142857143,0.2356902356902357
high,morning,70.0,173.0,166.0,0.1,0.5,0.8366600265340756,14.0,21.0,0.2,0.21084337349397592,64.0,108.0,-0.6285714285714286,0.6571428571428571,1.121223821162776,45.0,1.0,0.45714285714285713,0.42592592592592593,237.0,274.0,-0.5285714285714286,0.9571428571428572,1.292837411057002,52.0,15.0,0.5285714285714286,0.24452554744525548
high,opening,70.0,112.0,0.0,1.6,1.6,1.8973665961010275,0.0,112.0,0.0,,21.0,0.0,0.3,0.3,0.5477225575051661,0.0,21.0,0.0,,133.0,0.0,1.9,1.9,2.0248456731316584,0.0,133.0,0.0,
low,block_00_06,48.0,0.0,0.0,0.0,0.0,0.0,0.0,0.0,0.0,,7.0,0.0,0.14583333333333334,0.14583333333333334,0.3818813079129867,0.0,7.0,0.0,,7.0,0.0,0.14583333333333334,0.14583333333333334,0.3818813079129867,0.0,7.0,0.0,
low,block_06_12,223.0,7.0,0.0,0.03139013452914798,0.03139013452914798,0.1771726122433938,0.0,7.0,0.0,,7.0,0.0,0.03139013452914798,0.03139013452914798,0.1771726122433938,0.0,7.0,0.0,,14.0,0.0,0.06278026905829596,0.06278026905829596,0.250559911115677,0.0,14.0,0.0,
low,block_12_18,363.0,7.0,3.0,0.011019283746556474,0.027548209366391185,0.16597653257732306,3.0,7.0,0.008264462809917356,3.3333333333333335,7.0,0.0,0.01928374655647383,0.01928374655647383,0.13886593015017698,0.0,7.0,0.0,,14.0,3.0,0.030303030303030304,0.04132231404958678,0.20327890704543544,2.0,13.0,0.005509641873278237,5.0
low,block_18_24,356.0,7.0,3.0,0.011235955056179775,0.028089887640449437,0.16760038078849773,3.0,7.0,0.008426966292134831,3.3333333333333335,7.0,0.0,0.019662921348314606,0.019662921348314606,0.14022453903762566,0.0,7.0,0.0,,14.0,3.0,0.03089887640449438,0.042134831460674156,0.20526770681399,2.0,13.0,0.0056179775280898875,5.0
medium,block_00_06,35.0,35.0,67.0,-0.9142857142857143,0.9142857142857143,2.042407542932745,32.0,0.0,0.34285714285714286,0.47761194029850745,1.0,0.0,0.02857142857142857,0.02857142857142857,0.1690308509457033,0.0,1.0,0.0,,36.0,67.0,-0.8857142857142857,0.9428571428571428,2.04939015319192,32.0,1.0,0.34285714285714286,0.4925373134328358
medium,block_06_12,252.0,127.0,216.0,-0.3531746031746032,0.38492063492063494,0.9150418500274112,93.0,4.0,0.21428571428571427,0.44907407407407407,78.0,142.0,-0.25396825396825395,0.3253968253968254,0.6725927091345493,73.0,9.0,0.24206349206349206,0.5774647887323944,205.0,358.0,-0.6071428571428571,0.7023809523809523,1.1391308298957796,165.0,12.0,0.4444444444444444,0.49441340782122906
medium,block_12_18,252.0,196.0,174.0,0.0873015873015873,0.1984126984126984,0.4960158727618966,14.0,36.0,0.051587301587301584,0.28735632183908044,87.0,136.0,-0.19444444444444445,0.26587301587301587,0.6330826571575396,58.0,9.0,0.17857142857142858,0.49264705882352944,283.0,310.0,-0.10714285714285714,0.44047619047619047,0.7943251103624894,69.0,42.0,0.21428571428571427,0.3580645161290323
medium,block_18_24,259.0,136.0,196.0,-0.23166023166023167,0.3088803088803089,0.8101670546070461,70.0,10.0,0.16988416988416988,0.40816326530612246,80.0,92.0,-0.04633204633204633,0.11583011583011583,0.39298874594592964,21.0,9.0,0.06177606177606178,0.32608695652173914,216.0,288.0,-0.277992277992278,0.4247104247104247,0.9047280356730516,91.0,19.0,0.2277992277992278,0.3819444444444444
mega,afternoon,42.0,133.0,126.0,0.16666666666666666,0.9761904761904762,1.4880476182856899,17.0,24.0,0.21428571428571427,0.3253968253968254,73.0,115.0,-1.0,1.0952380952380953,1.3093073414159542,44.0,2.0,0.8095238095238095,0.4,206.0,241.0,-0.8333333333333334,1.5476190476190477,2.0644381225662256,50.0,15.0,0.5476190476190477,0.2697095435684647
mega,deep_night,42.0,28.0,11.0,0.40476190476190477,0.5476190476190477,0.7400128699009549,3.0,20.0,0.07142857142857142,2.090909090909091,14.0,0.0,0.3333333333333333,0.3333333333333333,0.5773502691896257,0.0,14.0,0.0,,42.0,11.0,0.7380952380952381,0.8809523809523809,0.9385906354489059,3.0,34.0,0.07142857142857142,3.3636363636363638
mega,dinner,42.0,134.0,133.0,0.023809523809523808,0.9761904761904762,1.6547190813232433,20.0,21.0,0.19047619047619047,0.3082706766917293,71.0,95.0,-0.5714285714285714,0.9047619047619048,1.1338934190276817,31.0,7.0,0.5952380952380952,0.4,205.0,228.0,-0.5476190476190477,1.4047619047619047,2.132514723892674,41.0,18.0,0.40476190476190477,0.25877192982456143
mega,early_morning,42.0,114.0,28.0,2.0476190476190474,2.0476190476190474,2.9358214555806383,0.0,86.0,0.0,3.0714285714285716,94.0,7.0,2.0714285714285716,2.0714285714285716,2.7299049346783035,0.0,87.0,0.0,12.428571428571429,208.0,35.0,4.119047619047619,4.119047619047619,4.574775560458833,0.0,173.0,0.0,4.942857142857143
mega,late_evening,42.0,48.0,78.0,-0.7142857142857143,0.8095238095238095,1.3972762620115438,32.0,2.0,0.40476190476190477,0.4358974358974359,22.0,47.0,-0.5952380952380952,0.5952380952380952,0.8017837257372732,25.0,0.0,0.5714285714285714,0.5319148936170213,70.0,125.0,-1.3095238095238095,1.3571428571428572,1.819209666180292,56.0,1.0,0.6904761904761905,0.456
mega,lunch,42.0,151.0,114.0,0.8809523809523809,1.2142857142857142,1.8322507626258087,7.0,44.0,0.09523809523809523,0.4473684210526316,97.0,117.0,-0.47619047619047616,0.8095238095238095,1.023532631438318,27.0,7.0,0.5952380952380952,0.2905982905982906,248.0,231.0,0.40476190476190477,1.2142857142857142,1.7113069358158484,17.0,34.0,0.2619047619047619,0.22077922077922077
mega,morning,42.0,139.0,109.0,0.7142857142857143,1.0,1.4474937289114918,6.0,36.0,0.07142857142857142,0.3853211009174312,91.0,118.0,-0.6428571428571429,0.8333333333333334,1.0578504710249077,31.0,4.0,0.6428571428571429,0.2966101694915254,230.0,227.0,0.07142857142857142,1.0238095238095237,1.300183137283433,20.0,23.0,0.35714285714285715,0.1894273127753304
mega,opening,42.0,58.0,3.0,1.3095238095238095,1.3095238095238095,1.7525491637693282,0.0,55.0,0.0,18.333333333333332,20.0,0.0,0.47619047619047616,0.47619047619047616,0.6900655593423543,0.0,20.0,0.0,,78.0,3.0,1.7857142857142858,1.7857142857142858,2.07593925959403,0.0,75.0,0.0,25.0
