business_group,location_id,segment,vehicle_type,slots_to_create,overcoverage_hours,location_name,predicted_orders
kfm,29,mega,auto,98,67,Украинский,786.5795785441877
kfm,99,mega,bike,72,97,Опен Аркус,828.2366711926634
kfm,69,mega,auto,62,33,Опен Мичуринский,1067.0920607371638
kfm,7,mega,auto,61,67,Белая Площадь,644.7463165480036
kfm,30,high,auto,54,29,Черёмушки,587.1541952369179
kfm,39,high,auto,53,39,Гребной,512.375948307562
kfm,21,high,auto,48,39,Горки-2,429.29428863894714
kfm,35,high,auto,45,32,Ленинский,538.7010466472211
kfm,17,medium,auto,37,68,Внуково,234.1646930706163
kfm,6,mega,auto,35,9,Неглинная,561.2245288076841
kfm,33,high,auto,35,22,Даниловский,443.54717788020275
kfm,126,high,bike,35,17,Опен Покровка,409.98328240287975
kfm,14,medium,auto,35,56,Метрополис,288.7669645586481
kfm,11,medium,auto,34,0,Кутузовский,264.01145378667036
kfm,2,high,bike,33,16,Кудринская,396.50787026791636
kfm,8,mega,bike,32,26,Усачева,700.3950483031546
kfm,69,mega,bike,31,10,Опен Мичуринский,1067.0920607371638
kfm,115,high,auto,31,16,Опен Символ,394.2047844025406
kfm,101,medium,auto,31,36,Алия,267.924486248229
kfm,9,medium,auto,29,26,КИНКИ,277.38679687131145
kfm,12,high,auto,28,27,Хорошо,432.7559512685
kfm,434,medium,auto,27,28,Сколково,278.30194088009455
kfm,18,medium,auto,27,20,Новая Рига,262.83122295201156
kfm,4,high,bike,26,21,Аврора,548.5153399323311
kfm,4,high,auto,22,7,Аврора,548.5153399323311
kfm,20,medium,auto,22,26,Павлово,184.36341917290235
kfm,128,medium,bike,21,18,Кофемания Лаки,420.2650081538921
kfm,123,medium,bike,18,16,Опен Нева,244.3637167163058
kfm,348,medium,auto,15,4,Рига Холл,99.10674873356648
kfm,7,mega,bike,14,0,Белая Площадь,644.7463165480036
kfm,6,mega,bike,14,0,Неглинная,561.2245288076841
kfm,33,high,bike,14,0,Даниловский,443.54717788020275
kfm,10,medium,bike,14,0,Якиманка,257.44009569356155
kfm,25,medium,bike,14,0,Весна,249.92255251973108
kfm,26,medium,bike,14,0,Тверская,230.5014042602874
kfm,16,medium,bike,14,0,Мосфильм,178.29788258430298
kfm,1,medium,bike,14,0,Wall Street,151.3456028276481
kfm,142,medium,bike,14,0,RED7,141.77238995407316
kfm,37,medium,bike,14,0,БТ Усачева,139.88636004396253
kfm,38,medium,bike,14,0,Нева,122.54948632645066
kfm,479,medium,auto,14,0,Покровка,98.89684433896456
kfm,34,medium,auto,14,0,Аркус,95.99236764720214
kfm,127,medium,bike,14,0,БТ Покровка,68.46995880062737
kfm,115,high,bike,13,0,Опен Символ,394.2047844025406
kfm,12,high,bike,12,0,Хорошо,432.7559512685
kfm,8,mega,auto,10,3,Усачева,700.3950483031546
kfm,30,high,bike,9,0,Черёмушки,587.1541952369179
kfm,29,mega,bike,7,0,Украинский,786.5795785441877
kfm,35,high,bike,7,0,Ленинский,538.7010466472211
