segment,time_segment,rows,actual_sum,pred_sum,mean_orders,mean_pred,raw_factor,calibration_factor,model_group
low,block_06_12,1578,101.0,571.3548293389246,0.06400506970849176,0.36207530376357705,0.1767728122939998,0.9,low_medium
low,block_12_18,2029,471.0,1233.1558635415727,0.23213405618531296,0.6077653344216721,0.3819468519148159,0.9,low_medium
low,block_18_24,1998,341.0,939.4292356970641,0.17067067067067068,0.47018480265118323,0.3629863613377704,0.9,low_medium
medium,block_00_06,181,1240.0,1370.723284339415,6.850828729281768,7.573056819554779,0.9046318933712331,0.9599498206501001,low_medium
medium,block_06_12,1920,9746.0,9910.144556900015,5.076041666666667,5.1615336233854245,0.9834367141712652,0.9853449268243453,low_medium
medium,block_12_18,2195,12936.0,12818.665994428386,5.893394077448747,5.839938949625688,1.0091533709999632,1.0082174434948545,low_medium
medium,block_18_24,2290,6941.0,6937.48066703454,3.031004366812227,3.0294675401897555,1.000507292651954,1.0004573622728248,low_medium
high,afternoon,938,10700.0,10943.079893986847,11.40724946695096,11.666396475465723,0.9777868848311692,0.9824613619289871,high_mega
high,deep_night,67,18.0,0.0,0.26865671641791045,0.0,18000000.0,1.0,high_mega
high,dinner,938,10277.0,10503.882564527577,10.956289978678038,11.198169045338568,0.9784001236558206,0.9829455521794274,high_mega
high,early_morning,833,3057.0,3038.811495780869,3.6698679471788718,3.648033008140299,1.0059854006227054,1.0046037291954881,high_mega
high,late_evening,938,4073.0,4291.4903429444785,4.342217484008529,4.575149619343794,0.9490875370828475,0.959801439211878,high_mega
high,lunch,938,19617.0,21581.804612276526,20.913646055437102,23.008320482171136,0.9089601334283754,0.9281183545082627,high_mega
high,morning,938,8712.0,9064.190107867083,9.287846481876333,9.663315680028873,0.9611448895404999,0.9693214700244015,high_mega
high,opening,201,521.0,513.6580709380465,2.5920398009950247,2.55551279073655,1.0142934171141234,1.0063702368956515,high_mega
mega,afternoon,469,8636.0,8942.428687934264,18.413646055437102,19.067012127791607,0.9657331695194038,0.9776479228158559,high_mega
mega,deep_night,134,900.0,874.0526255924194,6.7164179104477615,6.52278078800313,1.0296862839236869,1.01035927616087,high_mega
mega,dinner,469,8603.0,8840.380163712665,18.34328358208955,18.849424656103764,0.9731481950643881,0.9824847058208596,high_mega
mega,early_morning,469,3319.0,3430.262940150566,7.076759061833688,7.31399347580078,0.9675643115143581,0.9788423673160417,high_mega
mega,late_evening,469,3324.0,3591.885473646571,7.087420042643923,7.65860442142126,0.925419260827766,0.9513513676331325,high_mega
mega,lunch,469,16428.0,17762.85140359484,35.02771855010661,37.873883589754456,0.9248515132359497,0.9509810288006404,high_mega
mega,morning,469,7732.0,7965.167942339117,16.486140724946694,16.983300516714536,0.9707265503970475,0.9809050794662243,high_mega
mega,opening,335,2161.0,2055.6832670546546,6.450746268656716,6.136367961357178,1.0512319843398061,1.0293379739381796,high_mega
