feature_a,feature_b,abs_corr
lag_56seg,lag_same_segment_7d,1.0
lag_8seg,lag_same_segment_1d,1.0
rolling_mean_3seg,rolling_max_3seg,0.9838521650492341
location_std_orders,location_max_orders,0.9665207962741832
rolling_std_3seg,rolling_max_3seg,0.9650551092640712
location_mean_orders,location_std_orders,0.9647857030498272
rolling_same_segment_mean_3d,rolling_same_segment_max_7d,0.963301651318824
lag_same_segment_1d,rolling_same_segment_mean_3d,0.9593784377799642
lag_8seg,rolling_same_segment_mean_3d,0.9593784377799642
rolling_mean_7d,rolling_max_8seg,0.9576141501008146
location_mean_orders,location_max_orders,0.9433469506018208
lag_56seg,rolling_same_segment_max_7d,0.9304985790017356
lag_same_segment_7d,rolling_same_segment_max_7d,0.9304985790017356
rolling_mean_3seg,rolling_min_3seg,0.9297533761753405
lag_same_segment_1d,rolling_same_segment_max_7d,0.9249392407050918
lag_8seg,rolling_same_segment_max_7d,0.9249392407050918
lag_56seg,rolling_same_segment_mean_3d,0.9080663028539425
lag_same_segment_7d,rolling_same_segment_mean_3d,0.9080663028539425
rolling_mean_3seg,rolling_std_3seg,0.9063100685220333
lag_56seg,lag_same_segment_1d,0.8814217262294383
lag_8seg,lag_same_segment_7d,0.8814217262294382
lag_same_segment_1d,lag_same_segment_7d,0.8814217262294382
lag_8seg,lag_56seg,0.8814217262294382
rolling_max_3seg,rolling_min_3seg,0.8639651839097117
lag_2seg,rolling_mean_3seg,0.8411217902077849
lag_2seg,rolling_max_3seg,0.8159765852123763
lag_2seg,rolling_min_3seg,0.8002600904724146
rolling_std_3seg,surge_ratio,0.7654196897238676
rolling_max_3seg,surge_ratio,0.7398635489870485
lag_1seg,rolling_std_3seg,0.7381221970846708
lag_1seg,rolling_max_3seg,0.7366462924292286
rolling_same_segment_max_7d,location_mean_orders,0.7365201325967584
lag_2seg,rolling_std_3seg,0.7365187229054212
rolling_same_segment_mean_3d,location_mean_orders,0.7204798094580145
segment_rank,rolling_mean_3seg,0.7156194161614275
is_holiday,is_long_weekend,0.7145021429895411
lag_1seg,rolling_mean_3seg,0.7123573304824357
rolling_same_segment_max_7d,location_std_orders,0.7107260261855547
rolling_std_3seg,rolling_min_3seg,0.7038404701695948
rolling_mean_3seg,surge_ratio,0.7032841968195528
lag_1seg,surge_ratio,0.702214708570134
segment_rank,rolling_max_3seg,0.7014108870361769
rolling_same_segment_max_7d,location_max_orders,0.6987903561205857
lag_same_segment_1d,location_mean_orders,0.6957881910623308
lag_8seg,location_mean_orders,0.6957881910623308
rolling_same_segment_mean_3d,location_std_orders,0.6949686111774674
lag_same_segment_7d,location_mean_orders,0.6912063384874957
lag_56seg,location_mean_orders,0.6912063384874957
segment_rank,rolling_min_3seg,0.6836360761001411
rolling_same_segment_mean_3d,location_max_orders,0.6799571597103754
lag_8seg,location_std_orders,0.6712190491584643
lag_same_segment_1d,location_std_orders,0.6712190491584643
lag_same_segment_7d,location_std_orders,0.6668595004344713
lag_56seg,location_std_orders,0.6668595004344713
is_post_holiday,is_long_weekend,0.664374981011474
segment_rank,segment_sin,0.6583295742888823
lag_same_segment_1d,location_max_orders,0.6564841864069262
lag_8seg,location_max_orders,0.6564841864069262
prev_open_1seg,segment_sin,0.6559214839023059
lag_same_segment_7d,location_max_orders,0.6522884815456964
lag_56seg,location_max_orders,0.6522884815456964
segment_rank,rolling_std_3seg,0.6362051283916743
lag_1seg,lag_2seg,0.6320511370466645
lag_1seg,location_mean_orders,0.6286339667315266
lag_1seg,location_std_orders,0.6143329996349003
segment_rank,lag_2seg,0.607094233425144
lag_1seg,location_max_orders,0.6025372047850684
lag_1seg,rolling_same_segment_mean_3d,0.6024410933562906
lag_1seg,rolling_same_segment_max_7d,0.6004528321198579
lag_1seg,lag_same_segment_1d,0.586662511363854
lag_1seg,lag_8seg,0.586662511363854
lag_1seg,lag_56seg,0.5838021460411528
lag_1seg,lag_same_segment_7d,0.5838021460411528
segment_rank,lag_1seg,0.5813493943737393
is_pre_holiday,is_long_weekend,0.5806386000306127
lag_1seg,rolling_min_3seg,0.5747769887643683
rolling_mean_3seg,location_max_orders,0.5629937300063692
rolling_max_3seg,location_max_orders,0.558589724439292
lag_2seg,location_std_orders,0.5582941697077044
lag_2seg,location_mean_orders,0.5575906345147742
lag_2seg,location_max_orders,0.5553209050287152
segment_rank,surge_ratio,0.5510843708404727
rolling_max_3seg,location_std_orders,0.5494965113503493
rolling_mean_3seg,location_std_orders,0.549193287283121
rolling_min_3seg,surge_ratio,0.5343897482256972
rolling_std_3seg,location_max_orders,0.5250442357777974
rolling_std_3seg,location_std_orders,0.5218304040294663
segment_rank,prev_open_1seg,0.5172824246886384
rolling_mean_3seg,location_mean_orders,0.5171802554348638
rolling_max_3seg,location_mean_orders,0.5142032005860276
rolling_min_3seg,location_max_orders,0.5072704912116024
prev_open_2seg,segment_cos,0.49538838619592696
rolling_min_3seg,location_std_orders,0.4889346283000005
lag_2seg,surge_ratio,0.4860648064651704
is_holiday,is_post_holiday,0.4850306344300701
rolling_min_3seg,trend_3seg,0.48315220899183214
rolling_std_3seg,location_mean_orders,0.48147840363794014
surge_ratio,location_max_orders,0.4782345508838739
lag_1seg,trend_ratio,0.4757340532372594
is_payday_window,is_month_start,0.47466144131429316
is_holiday,is_pre_holiday,0.47135805563015054
rolling_min_3seg,location_mean_orders,0.4702932482928502
surge_ratio,location_std_orders,0.4554304362071358
segment_rank,location_std_orders,0.43396497231436776
open_hours,location_std_orders,0.4294295703424105
is_pre_holiday,is_post_holiday,0.42354410765073147
rolling_mean_3seg,trend_3seg,0.4207857390852308
segment_rank,location_max_orders,0.4190435614678391
segment_rank,location_mean_orders,0.4186384954352314
prev_open_2seg,rolling_open_count_3seg,0.41861328985786467
lag_2seg,prev_open_2seg,0.4171286697836255
trend_3seg,segment_cos,0.41188962885050495
open_hours,location_mean_orders,0.411322798835487
open_hours,location_max_orders,0.4110736876886118
surge_ratio,rolling_same_segment_mean_3d,0.4101141957112517
surge_ratio,location_mean_orders,0.408599057442408
surge_ratio,rolling_same_segment_max_7d,0.40563463534425637
lag_2seg,rolling_same_segment_mean_3d,0.40102440165825975
lag_2seg,rolling_same_segment_max_7d,0.3996766689290655
surge_ratio,lag_same_segment_1d,0.3968514902823522
lag_8seg,surge_ratio,0.3968514902823522
lag_1seg,prev_open_1seg,0.3967204207867746
lag_56seg,surge_ratio,0.3941796088743415
surge_ratio,lag_same_segment_7d,0.3941796088743415
open_hours,rolling_open_count_3seg,0.3887281205155525
lag_2seg,lag_8seg,0.3885536832450554
lag_2seg,lag_same_segment_1d,0.3885536832450554
lag_2seg,segment_sin,0.3884920117427524
rolling_mean_3seg,segment_sin,0.38622875625328057
lag_2seg,lag_56seg,0.3841341882388338
lag_2seg,lag_same_segment_7d,0.3841341882388338
rolling_max_3seg,segment_sin,0.3830697128791036
rolling_mean_3seg,trend_ratio,0.3809315029744915
open_hours,segment_cos,0.37982069374383604
rolling_std_3seg,rolling_same_segment_mean_3d,0.37915942781930057
rolling_max_3seg,trend_3seg,0.3763641902676976
rolling_max_3seg,rolling_same_segment_mean_3d,0.37388084309680486
lag_1seg,segment_sin,0.3731411335847377
rolling_std_3seg,rolling_same_segment_max_7d,0.37310803152506394
prev_open_2seg,surge_ratio,0.3713844437371136
rolling_max_3seg,trend_ratio,0.369756631307417
rolling_max_3seg,rolling_same_segment_max_7d,0.36921068036913457
lag_8seg,rolling_std_3seg,0.3681204909415558
rolling_std_3seg,lag_same_segment_1d,0.36812049094155574
trend_3seg,trend_ratio,0.3671924503770169
segment_rank,trend_ratio,0.36695583544411814
lag_56seg,rolling_std_3seg,0.3639394785603755
rolling_std_3seg,lag_same_segment_7d,0.3639394785603755
lag_8seg,rolling_max_3seg,0.3626856685192487
rolling_max_3seg,lag_same_segment_1d,0.36268566851924866
prev_open_2seg,rolling_mean_3seg,0.3614041941447511
prev_open_2seg,rolling_max_3seg,0.3611251974712575
rolling_min_3seg,trend_ratio,0.36061342299766636
rolling_mean_3seg,rolling_same_segment_mean_3d,0.358567299623188
rolling_max_3seg,lag_same_segment_7d,0.35856432552727574
lag_56seg,rolling_max_3seg,0.35856432552727574
rolling_min_3seg,segment_sin,0.3579498726883007
rolling_open_count_3seg,segment_cos,0.3567946609846483
rolling_mean_7d,surge_ratio,0.35620662343367754
rolling_std_3seg,segment_sin,0.35533738305598866
rolling_mean_3seg,rolling_same_segment_max_7d,0.35531009173437916
lag_2seg,trend_3seg,0.3541316593927181
rolling_max_8seg,surge_ratio,0.35386383777564556
lag_8seg,rolling_mean_3seg,0.3476069424158259
rolling_mean_3seg,lag_same_segment_1d,0.3476069424158259
prev_open_2seg,rolling_std_3seg,0.34544681179712516
lag_56seg,rolling_mean_3seg,0.34366350418760405
rolling_mean_3seg,lag_same_segment_7d,0.34366350418760394
rolling_min_3seg,segment_cos,0.3410006388858463
trend_ratio,surge_ratio,0.34061791302822975
segment_rank,rolling_same_segment_mean_3d,0.33849771178523763
segment_rank,rolling_same_segment_max_7d,0.3361859545553683
rolling_std_3seg,trend_ratio,0.3341814188222015
trend_ratio,segment_sin,0.3293838753217625
lag_8seg,trend_3seg,0.32890108053822414
trend_3seg,lag_same_segment_1d,0.32890108053822414
segment_rank,lag_same_segment_1d,0.3262621424778777
segment_rank,lag_8seg,0.3262621424778777
lag_2seg,trend_ratio,0.3253451928130355
segment_rank,lag_same_segment_7d,0.3239031409531481
segment_rank,lag_56seg,0.3239031409531481
segment_rank,trend_3seg,0.3226793705912121
prev_open_2seg,rolling_min_3seg,0.3170106995524386
prev_open_1seg,surge_ratio,0.30973966510622486
rolling_mean_7d,location_max_orders,0.3043939078484943
rolling_mean_3seg,rolling_mean_7d,0.3038037782430263
prev_open_1seg,trend_ratio,0.3026343420057233
prev_open_1seg,rolling_mean_3seg,0.301416001531883
prev_open_1seg,rolling_max_3seg,0.3011833145206968
rolling_mean_3seg,rolling_max_8seg,0.30067830932413625
open_hours,prev_open_2seg,0.299057228291402
lag_1seg,prev_open_2seg,0.29723549148660855
rolling_max_3seg,rolling_max_8seg,0.29567571076699795
rolling_mean_7d,rolling_max_3seg,0.29179524153409137
rolling_max_8seg,location_max_orders,0.29152966531991953
trend_3seg,rolling_same_segment_mean_3d,0.2907142203654955
surge_ratio,segment_sin,0.2899661218070395
prev_open_1seg,rolling_std_3seg,0.2881073281405351
rolling_std_3seg,rolling_max_8seg,0.2871214172521274
rolling_min_3seg,rolling_same_segment_mean_3d,0.28511050731662735
rolling_min_3seg,rolling_same_segment_max_7d,0.284095295722994
rolling_std_3seg,trend_3seg,0.2814068780628894
rolling_mean_7d,rolling_std_3seg,0.27704604759044144
segment_rank,prev_open_2seg,0.2765607686376539
rolling_min_3seg,lag_same_segment_1d,0.2759056586937199
lag_8seg,rolling_min_3seg,0.27590565869371986
rolling_mean_3seg,segment_cos,0.2748140730001878
lag_2seg,segment_cos,0.27363776439569554
lag_56seg,rolling_min_3seg,0.2726083227731921
rolling_min_3seg,lag_same_segment_7d,0.2726083227731921
prev_open_1seg,rolling_same_segment_max_7d,0.2686656723549702
rolling_open_count_3seg,rolling_same_segment_mean_3d,0.26680668641427463
rolling_same_segment_mean_3d,segment_cos,0.26528577682913557
prev_open_1seg,rolling_min_3seg,0.2643912247007545
rolling_open_count_3seg,rolling_same_segment_max_7d,0.2636445126865962
rolling_open_count_3seg,location_mean_orders,0.26223598148905264
prev_open_1seg,rolling_same_segment_mean_3d,0.26188745729101914
trend_ratio,location_std_orders,0.2614709923552108
rolling_mean_7d,rolling_min_3seg,0.26017744179641655
rolling_open_count_3seg,lag_same_segment_1d,0.2579765630716915
lag_8seg,rolling_open_count_3seg,0.2579765630716914
lag_56seg,rolling_open_count_3seg,0.2563474035443963
rolling_open_count_3seg,lag_same_segment_7d,0.2563474035443963
lag_8seg,segment_cos,0.25584737586254097
lag_same_segment_1d,segment_cos,0.25584737586254097
open_hours,segment_rank,0.2544464371388266
lag_same_segment_7d,segment_cos,0.2535913652822222
lag_56seg,segment_cos,0.2535913652822222
rolling_same_segment_max_7d,segment_cos,0.25272984730987086
rolling_max_8seg,rolling_min_3seg,0.2525920308620164
prev_open_1seg,lag_same_segment_1d,0.2519849442163526
lag_8seg,prev_open_1seg,0.2519849442163525
rolling_open_count_3seg,location_std_orders,0.2519522213799708
lag_56seg,trend_3seg,0.2511847126829343
trend_3seg,lag_same_segment_7d,0.2511847126829343
prev_open_1seg,lag_same_segment_7d,0.25012844848909294
lag_56seg,prev_open_1seg,0.25012844848909294
trend_ratio,location_mean_orders,0.24893434528739797
trend_3seg,rolling_same_segment_max_7d,0.24889127452048612
open_hours,rolling_mean_3seg,0.24332091005213694
trend_ratio,location_max_orders,0.24211751171064003
open_hours,rolling_max_3seg,0.23724473210188443
rolling_max_3seg,segment_cos,0.23182158597994074
open_hours,rolling_min_3seg,0.23130470001941963
lag_2seg,prev_open_1seg,0.22805243173216314
open_hours,lag_2seg,0.22345510026446017
prev_open_2seg,trend_ratio,0.2183931588113769
lag_2seg,rolling_mean_7d,0.21577311068841143
open_hours,rolling_std_3seg,0.21460269423016273
prev_open_2seg,rolling_mean_7d,0.2145182648399415
