business_group,date,vehicle_type,slots_to_create,overcoverage_hours
kfm,2026-09-28,auto,129,99
non_kfm,2026-09-28,auto,5,0
kfm,2026-09-28,bike,60,13
non_kfm,2026-09-28,bike,1,0
kfm,2026-09-29,auto,124,91
non_kfm,2026-09-29,auto,5,0
kfm,2026-09-29,bike,61,19
non_kfm,2026-09-29,bike,1,0
kfm,2026-09-30,auto,128,90
non_kfm,2026-09-30,auto,5,4
kfm,2026-09-30,bike,62,25
non_kfm,2026-09-30,bike,1,0
kfm,2026-10-01,auto,129,89
non_kfm,2026-10-01,auto,6,4
kfm,2026-10-01,bike,63,20
non_kfm,2026-10-01,bike,1,0
kfm,2026-10-02,auto,133,89
non_kfm,2026-10-02,auto,5,0
kfm,2026-10-02,bike,66,33
non_kfm,2026-10-02,bike,1,0
kfm,2026-10-03,auto,131,89
non_kfm,2026-10-03,auto,6,4
kfm,2026-10-03,bike,62,22
non_kfm,2026-10-03,bike,1,0
kfm,2026-10-04,auto,139,109
non_kfm,2026-10-04,auto,6,4
kfm,2026-10-04,bike,65,23
non_kfm,2026-10-04,bike,1,0
