merged_group,rows,mae,rmse,wape,mean_abs_pct_error,mean_orders,mean_pred
grp_102_125,604.0,1.1031403219327298,1.8929408440635855,0.6689726450274788,54.28829404344544,1.6490066225165563,1.0575689768017438
grp_122_131,452.0,0.569944699427732,0.9068694171867744,0.8792320960455114,60.22855364400377,0.6482300884955752,0.36037760819923137
grp_130_139,378.0,0.9568144283106212,1.4621204467587212,0.7728116536355017,59.94852232141168,1.2380952380952381,0.5375963482209354
grp_136_292,302.0,1.3524976639932988,2.3837711412316405,0.6876334924679735,51.66660738309419,1.966887417218543,1.2468160643457014
grp_187_296,376.0,0.7643713585569208,1.1235522170897136,0.912392478785404,45.18749380150005,0.8377659574468085,0.8025547965512171
grp_19_54,454.0,2.334480722222672,3.777502560905629,0.5177597693644812,52.736758187485336,4.508810572687224,2.8489683315754495
grp_288_424,299.0,0.8594480652283468,1.1224614764348735,0.7427022297782535,42.78392558917819,1.157190635451505,1.1121478289185678
grp_302_443,368.0,0.6565110627401851,2.5642962054255034,1.1785174199433568,79.55465648719073,0.5570652173913043,0.30218967724206924
grp_336_340,303.0,0.42032764045952953,0.6006656806359945,1.4151030562137494,70.69436905677365,0.297029702970297,0.28080406906332406
grp_341_347,386.0,0.18334126310452897,0.3097188457702691,2.021992215952805,85.40299143396257,0.09067357512953368,0.11831745716849795
grp_343_346,437.0,0.10206226689329005,0.15670888897178398,5.575151329045969,88.72087449299502,0.018306636155606407,0.08788528767388687
grp_420_481,368.0,0.24374755854918956,0.39927048364765927,1.6017696704661029,84.02103029727024,0.15217391304347827,0.13839514079732326
grp_62_140,378.0,0.8393276066892698,1.2587852589960944,0.8072922018538015,51.02391661560384,1.0396825396825398,0.6861410522874096
grp_71_94,302.0,0.7864120891766144,0.9602139151088086,1.0281231642049244,45.310505625928016,0.7649006622516556,0.8653537823519427
grp_98_298,449.0,0.820623298477098,1.405264829511151,0.5721426413295295,52.035540675359684,1.4342984409799555,1.133517121968039
