segment,time_segment,vehicle_type,orders,courier_equiv,location_count,orders_per_slot
high,afternoon,auto,8070.0,3082.6666666666665,23,2.617863321799308
high,afternoon,bike,8647.0,1632.6666666666667,15,5.296243364638627
high,dinner,auto,8159.0,2728.666666666667,23,2.9901050574150987
high,dinner,bike,7585.0,1282.3333333333333,16,5.914998700285937
high,early_morning,auto,1996.0,1745.5,12,1.1435118877112576
high,early_morning,bike,3077.0,1565.5,11,1.9655062280421591
high,late_evening,auto,4504.0,988.9166666666666,21,4.554478806775091
high,late_evening,bike,2619.0,533.8333333333333,14,4.906025600999064
high,lunch,auto,13714.0,3169.6875,21,4.32660948437346
high,lunch,bike,18325.0,1917.875,16,9.554845858046015
high,morning,auto,5681.0,2704.375,16,2.1006702103073724
high,morning,bike,8691.0,1793.0,14,4.8471834913552705
high,opening,auto,268.0,93.875,7,2.8548601864181093
high,opening,bike,470.0,129.625,8,3.6258437801350047
medium,block_00_06,auto,3203.0,599.25,5,5.345014601585315
medium,block_06_12,auto,7993.0,874.0,40,9.145308924485127
medium,block_06_12,bike,10177.0,396.875,26,25.642834645669293
medium,block_12_18,auto,12619.0,1470.1666666666665,43,8.583380569096475
medium,block_12_18,bike,12906.0,552.8333333333334,33,23.345191438046427
medium,block_18_24,auto,9801.0,1008.0,42,9.723214285714286
medium,block_18_24,bike,6139.0,311.75,33,19.69206094627105
mega,afternoon,auto,5184.0,2158.8333333333335,8,2.4012969968347098
mega,afternoon,bike,8961.0,1741.5,7,5.145564168819983
mega,deep_night,auto,1449.0,101.83333333333333,7,14.229132569558102
mega,dinner,auto,5589.0,2009.8333333333333,8,2.7808275976449126
mega,dinner,bike,8896.0,1375.8333333333335,7,6.465899454875832
mega,early_morning,auto,2421.0,2316.5,8,1.0451111590761926
mega,early_morning,bike,3491.0,1679.5,7,2.078594819886871
mega,late_evening,auto,3597.0,902.75,8,3.9844918305178623
mega,late_evening,bike,3038.0,462.3333333333333,7,6.5710165825522715
mega,lunch,auto,9888.0,2427.4375,8,4.073431344782306
mega,lunch,bike,17192.0,2019.75,7,8.511944547592524
mega,morning,auto,4763.0,2362.625,8,2.015977990582509
mega,morning,bike,8133.0,1936.75,7,4.1993029559829615
mega,opening,auto,2883.0,869.375,8,3.316175413371675
mega,opening,bike,1932.0,518.0,6,3.72972972972973
