segment,time_segment,vehicle_type,orders,total_orders,vehicle_share
high,afternoon,auto,8070,16717,0.4827421188012203
high,afternoon,bike,8647,16717,0.5172578811987797
high,deep_night,auto,68,107,0.6355140186915887
high,deep_night,bike,39,107,0.3644859813084112
high,dinner,auto,8159,15744,0.5182291666666666
high,dinner,bike,7585,15744,0.4817708333333333
high,early_morning,auto,1996,5073,0.3934555489848216
high,early_morning,bike,3077,5073,0.6065444510151784
high,late_evening,auto,4504,7123,0.6323178436052225
high,late_evening,bike,2619,7123,0.36768215639477747
high,lunch,auto,13714,32039,0.4280408252442336
high,lunch,bike,18325,32039,0.5719591747557664
high,morning,auto,5681,14372,0.39528249373782354
high,morning,bike,8691,14372,0.6047175062621765
high,opening,auto,268,738,0.36314363143631434
high,opening,bike,470,738,0.6368563685636857
low,block_00_06,auto,1,1,1.0
low,block_06_12,auto,348,396,0.8787878787878788
low,block_06_12,bike,48,396,0.12121212121212122
low,block_12_18,auto,517,706,0.7322946175637394
low,block_12_18,bike,189,706,0.26770538243626063
low,block_18_24,auto,293,438,0.6689497716894978
low,block_18_24,bike,145,438,0.3310502283105023
medium,block_00_06,auto,3203,3217,0.9956481193658688
medium,block_00_06,bike,14,3217,0.004351880634131178
medium,block_06_12,auto,7993,18170,0.4399009356081453
medium,block_06_12,bike,10177,18170,0.5600990643918548
medium,block_12_18,auto,12619,25525,0.49437806072477963
medium,block_12_18,bike,12906,25525,0.5056219392752204
medium,block_18_24,auto,9801,15940,0.6148682559598494
medium,block_18_24,bike,6139,15940,0.38513174404015055
mega,afternoon,auto,5184,14145,0.3664899257688229
mega,afternoon,bike,8961,14145,0.6335100742311771
mega,deep_night,auto,1449,1493,0.97052913596785
mega,deep_night,bike,44,1493,0.029470864032150032
mega,dinner,auto,5589,14485,0.3858474283741802
mega,dinner,bike,8896,14485,0.6141525716258198
mega,early_morning,auto,2421,5912,0.4095060893098782
mega,early_morning,bike,3491,5912,0.5904939106901218
mega,late_evening,auto,3597,6635,0.5421250941974378
mega,late_evening,bike,3038,6635,0.4578749058025622
mega,lunch,auto,9888,27080,0.36514032496307236
mega,lunch,bike,17192,27080,0.6348596750369276
mega,morning,auto,4763,12896,0.3693393300248139
mega,morning,bike,8133,12896,0.6306606699751861
mega,opening,auto,2883,4815,0.5987538940809969
mega,opening,bike,1932,4815,0.4012461059190031
