location_id,location_name,business_group,date,segment,vehicle_type,shift_start,shift_finish,open_intervals,slots_to_create
1,Wall Street,kfm,2026-06-29,medium,bike,08:00,23:00,08:00-23:00,1
10,Якиманка,kfm,2026-06-29,medium,bike,08:00,18:00,08:00-23:30,1
10,Якиманка,kfm,2026-06-29,medium,bike,08:00,23:00,08:00-23:30,1
100,Колбасный Цех / Магадан,non_kfm,2026-06-29,medium,auto,10:00,18:00,10:00-22:00,1
101,Алия,kfm,2026-06-29,high,auto,08:00,18:00,08:00-23:00,1
101,Алия,kfm,2026-06-29,high,auto,08:00,21:00,08:00-23:00,1
101,Алия,kfm,2026-06-29,high,auto,08:00,23:00,08:00-23:00,1
101,Алия,kfm,2026-06-29,high,bike,08:00,16:00,08:00-23:00,1
11,Кутузовский,kfm,2026-06-29,medium,auto,00:00,07:00,00:00-07:00,4
11,Кутузовский,kfm,2026-06-29,medium,auto,23:00,24:00,23:00-24:00,1
114,Bluefin Скаковая,non_kfm,2026-06-29,low,auto,10:00,12:00,10:00-22:00,1
115,Опен Символ,kfm,2026-06-29,high,auto,07:00,18:00,07:00-23:00,1
115,Опен Символ,kfm,2026-06-29,high,auto,07:00,21:00,07:00-23:00,1
115,Опен Символ,kfm,2026-06-29,high,auto,07:00,23:00,07:00-23:00,1
115,Опен Символ,kfm,2026-06-29,high,bike,07:00,11:00,07:00-23:00,1
115,Опен Символ,kfm,2026-06-29,high,bike,07:00,21:00,07:00-23:00,1
116,Корнер Дмитровка,non_kfm,2026-06-29,medium,auto,12:00,23:00,12:00-23:00,1
119,Bluefin Успенское,non_kfm,2026-06-29,medium,bike,11:00,22:00,11:00-22:00,1
12,Хорошо,kfm,2026-06-29,high,auto,08:00,22:00,08:00-22:00,2
12,Хорошо,kfm,2026-06-29,high,bike,08:00,18:00,08:00-22:00,1
12,Хорошо,kfm,2026-06-29,high,bike,08:00,22:00,08:00-22:00,1
121,Косяк Новая Рига,non_kfm,2026-06-29,medium,auto,10:00,22:00,10:00-22:00,1
123,Опен Нева,kfm,2026-06-29,high,auto,08:00,18:00,08:00-23:00,1
123,Опен Нева,kfm,2026-06-29,high,bike,08:00,21:00,08:00-23:00,3
124,ЦБ AVA Bistro,non_kfm,2026-06-29,medium,auto,09:00,18:00,09:00-22:30,1
126,Опен Покровка,kfm,2026-06-29,high,bike,07:00,16:00,07:00-23:00,1
126,Опен Покровка,kfm,2026-06-29,high,bike,07:00,21:00,07:00-23:00,1
126,Опен Покровка,kfm,2026-06-29,high,bike,07:00,23:00,07:00-23:00,1
127,БТ Покровка,kfm,2026-06-29,medium,bike,07:00,23:00,07:00-23:00,1
128,Кофемания Лаки,kfm,2026-06-29,high,bike,08:00,21:00,08:00-24:00,1
128,Кофемания Лаки,kfm,2026-06-29,high,bike,08:00,24:00,08:00-24:00,1
137,БТ Мясницкая,kfm,2026-06-29,medium,bike,08:00,23:00,08:00-23:00,1
138,БТ Таганка,kfm,2026-06-29,medium,bike,08:00,23:00,08:00-23:00,1
14,Метрополис,kfm,2026-06-29,high,auto,09:00,16:00,09:00-23:00,1
14,Метрополис,kfm,2026-06-29,high,auto,09:00,18:00,09:00-23:00,1
14,Метрополис,kfm,2026-06-29,high,auto,09:00,21:00,09:00-23:00,1
14,Метрополис,kfm,2026-06-29,high,bike,09:00,23:00,09:00-23:00,1
142,RED7,kfm,2026-06-29,medium,bike,08:00,23:00,08:00-23:59,1
146,Maestrello Покровка,non_kfm,2026-06-29,medium,auto,10:00,18:00,10:00-20:00,1
15,Комсомолка,kfm,2026-06-29,medium,auto,00:00,06:00,00:00-24:00,1
15,Комсомолка,kfm,2026-06-29,medium,bike,00:00,24:00,00:00-24:00,1
16,Мосфильм,kfm,2026-06-29,medium,bike,08:00,23:00,08:00-23:00,1
17,Внуково,kfm,2026-06-29,high,auto,08:00,18:00,08:00-22:00,1
17,Внуково,kfm,2026-06-29,high,auto,08:00,22:00,08:00-22:00,1
17,Внуково,kfm,2026-06-29,high,bike,08:00,22:00,08:00-22:00,1
18,Новая Рига,kfm,2026-06-29,medium,auto,08:00,18:00,08:00-22:00,1
18,Новая Рига,kfm,2026-06-29,medium,bike,08:00,22:00,08:00-22:00,1
182,Miss You,non_kfm,2026-06-29,medium,auto,09:00,23:00,09:00-23:00,1
2,Кудринская,kfm,2026-06-29,high,bike,07:00,18:00,07:00-24:00,1
2,Кудринская,kfm,2026-06-29,high,bike,07:00,21:00,07:00-24:00,1
2,Кудринская,kfm,2026-06-29,high,bike,07:00,24:00,07:00-24:00,1
20,Павлово,kfm,2026-06-29,medium,auto,08:00,18:00,08:00-22:00,1
20,Павлово,kfm,2026-06-29,medium,bike,08:00,22:00,08:00-22:00,1
21,Горки-2,kfm,2026-06-29,high,auto,08:00,21:00,08:00-23:00,1
21,Горки-2,kfm,2026-06-29,high,auto,08:00,23:00,08:00-23:00,1
21,Горки-2,kfm,2026-06-29,high,bike,08:00,23:00,08:00-23:00,1
222,Ирис Химки,non_kfm,2026-06-29,low,auto,06:00,12:00,06:00-23:59,1
25,Весна,kfm,2026-06-29,high,auto,08:00,16:00,08:00-24:00,1
25,Весна,kfm,2026-06-29,high,bike,08:00,11:00,08:00-24:00,1
25,Весна,kfm,2026-06-29,high,bike,08:00,24:00,08:00-24:00,1
26,Тверская,kfm,2026-06-29,medium,bike,08:00,18:00,08:00-23:00,1
26,Тверская,kfm,2026-06-29,medium,bike,08:00,23:00,08:00-23:00,1
27,4 Ветра,kfm,2026-06-29,medium,auto,08:00,23:00,08:00-23:30,1
27,4 Ветра,kfm,2026-06-29,medium,bike,08:00,12:00,08:00-23:30,1
28,Гранд,kfm,2026-06-29,medium,bike,08:00,18:00,08:00-23:00,1
29,Украинский,kfm,2026-06-29,mega,auto,07:00,16:00,07:00-23:00,2
29,Украинский,kfm,2026-06-29,mega,auto,07:00,18:00,07:00-23:00,1
29,Украинский,kfm,2026-06-29,mega,auto,07:00,21:00,07:00-23:00,2
29,Украинский,kfm,2026-06-29,mega,auto,07:00,23:00,07:00-23:00,1
29,Украинский,kfm,2026-06-29,mega,bike,07:00,21:00,07:00-23:00,1
29,Украинский,kfm,2026-06-29,mega,bike,07:00,23:00,07:00-23:00,1
30,Черёмушки,kfm,2026-06-29,mega,auto,08:00,16:00,08:00-24:00,1
30,Черёмушки,kfm,2026-06-29,mega,auto,08:00,21:00,08:00-24:00,1
30,Черёмушки,kfm,2026-06-29,mega,auto,08:00,24:00,08:00-24:00,1
30,Черёмушки,kfm,2026-06-29,mega,bike,08:00,18:00,08:00-24:00,1
30,Черёмушки,kfm,2026-06-29,mega,bike,08:00,24:00,08:00-24:00,1
301,Биродром и Панчетта Дежнева,non_kfm,2026-06-29,medium,auto,12:00,23:00,12:00-23:00,1
33,Даниловский,kfm,2026-06-29,high,auto,08:00,21:00,08:00-23:00,2
33,Даниловский,kfm,2026-06-29,high,bike,08:00,16:00,08:00-23:00,1
33,Даниловский,kfm,2026-06-29,high,bike,08:00,23:00,08:00-23:00,1
335,Кутузовский (Не использовать),kfm,2026-06-29,low,auto,00:00,06:00,00:00-24:00,1
335,Кутузовский (Не использовать),kfm,2026-06-29,low,auto,00:00,18:00,00:00-24:00,1
335,Кутузовский (Не использовать),kfm,2026-06-29,low,bike,00:00,24:00,00:00-24:00,1
34,Аркус,kfm,2026-06-29,medium,auto,08:00,24:00,08:00-24:00,1
34,Аркус,kfm,2026-06-29,medium,bike,08:00,12:00,08:00-24:00,1
348,Рига Холл,kfm,2026-06-29,medium,bike,09:00,22:00,09:00-22:00,1
35,Ленинский,kfm,2026-06-29,high,auto,08:00,21:00,08:00-23:00,2
35,Ленинский,kfm,2026-06-29,high,bike,08:00,16:00,08:00-23:00,1
35,Ленинский,kfm,2026-06-29,high,bike,08:00,23:00,08:00-23:00,1
36,Friends Forever Botanica,non_kfm,2026-06-29,medium,auto,08:00,18:00,08:00-23:00,1
37,БТ Усачева,kfm,2026-06-29,medium,bike,08:00,22:00,08:00-22:00,1
38,Нева,kfm,2026-06-29,medium,bike,08:00,23:00,08:00-23:00,1
39,Гребной,kfm,2026-06-29,mega,auto,08:00,21:00,08:00-23:00,2
39,Гребной,kfm,2026-06-29,mega,bike,08:00,18:00,08:00-23:00,1
39,Гребной,kfm,2026-06-29,mega,bike,08:00,23:00,08:00-23:00,1
4,Аврора,kfm,2026-06-29,high,auto,08:00,18:00,08:00-24:00,1
4,Аврора,kfm,2026-06-29,high,auto,08:00,24:00,08:00-24:00,1
4,Аврора,kfm,2026-06-29,high,bike,08:00,16:00,08:00-24:00,1
4,Аврора,kfm,2026-06-29,high,bike,08:00,21:00,08:00-24:00,1
4,Аврора,kfm,2026-06-29,high,bike,08:00,24:00,08:00-24:00,1
40,БТ Аркус,kfm,2026-06-29,medium,bike,09:00,19:00,09:00-19:00,1
434,Сколково,kfm,2026-06-29,medium,auto,08:00,18:00,08:00-22:00,1
434,Сколково,kfm,2026-06-29,medium,bike,08:00,22:00,08:00-22:00,1
46,БТ Павелецкая Плаза,kfm,2026-06-29,medium,bike,10:00,18:00,10:00-22:00,1
47,БТ Царская Площадь,kfm,2026-06-29,medium,bike,08:00,21:00,08:00-21:00,1
478,Сыроварня Метрополис,non_kfm,2026-06-29,medium,bike,11:00,22:00,10:30-22:30,1
479,Покровка,kfm,2026-06-29,medium,auto,00:00,06:00,00:00-24:00,1
479,Покровка,kfm,2026-06-29,medium,bike,00:00,24:00,00:00-24:00,1
480,Сыроварня Атриум,non_kfm,2026-06-29,low,auto,10:00,18:00,10:00-22:30,1
5,Покровка (не использовать),kfm,2026-06-29,medium,auto,00:00,06:00,00:00-24:00,1
5,Покровка (не использовать),kfm,2026-06-29,medium,bike,00:00,24:00,00:00-24:00,1
51,БТ Новинский,kfm,2026-06-29,medium,bike,08:00,22:00,08:00-22:00,1
516,La Raquette by Pinskiy&Co,non_kfm,2026-06-29,low,auto,09:00,18:00,09:00-22:00,1
58,Печорин Тишинка,non_kfm,2026-06-29,medium,auto,09:00,18:00,09:00-21:00,1
59,Печорин Шаболовка,non_kfm,2026-06-29,medium,auto,09:00,18:00,09:00-21:00,1
6,Неглинная,kfm,2026-06-29,mega,auto,00:00,18:00,00:00-24:00,1
6,Неглинная,kfm,2026-06-29,mega,auto,00:00,24:00,00:00-24:00,1
6,Неглинная,kfm,2026-06-29,mega,bike,00:00,16:00,00:00-24:00,1
6,Неглинная,kfm,2026-06-29,mega,bike,00:00,21:00,00:00-24:00,1
6,Неглинная,kfm,2026-06-29,mega,bike,00:00,24:00,00:00-24:00,1
60,Печорин Карбышева,non_kfm,2026-06-29,medium,auto,09:00,18:00,09:00-21:00,1
69,Опен Мичуринский,kfm,2026-06-29,mega,auto,08:00,16:00,08:00-23:00,1
69,Опен Мичуринский,kfm,2026-06-29,mega,auto,08:00,21:00,08:00-23:00,1
69,Опен Мичуринский,kfm,2026-06-29,mega,auto,08:00,23:00,08:00-23:00,1
69,Опен Мичуринский,kfm,2026-06-29,mega,bike,08:00,18:00,08:00-23:00,1
69,Опен Мичуринский,kfm,2026-06-29,mega,bike,08:00,21:00,08:00-23:00,1
69,Опен Мичуринский,kfm,2026-06-29,mega,bike,08:00,23:00,08:00-23:00,1
7,Белая Площадь,kfm,2026-06-29,mega,auto,00:00,16:00,00:00-24:00,1
7,Белая Площадь,kfm,2026-06-29,mega,auto,00:00,21:00,00:00-24:00,1
7,Белая Площадь,kfm,2026-06-29,mega,auto,00:00,24:00,00:00-24:00,1
7,Белая Площадь,kfm,2026-06-29,mega,bike,00:00,21:00,00:00-24:00,1
7,Белая Площадь,kfm,2026-06-29,mega,bike,00:00,24:00,00:00-24:00,1
72,КО Магадан,non_kfm,2026-06-29,medium,auto,12:00,23:00,12:00-23:59,1
8,Усачева,kfm,2026-06-29,mega,bike,08:00,18:00,07:30-23:30,1
8,Усачева,kfm,2026-06-29,mega,bike,08:00,21:00,07:30-23:30,1
8,Усачева,kfm,2026-06-29,mega,bike,08:00,23:00,07:30-23:30,1
9,КИНКИ,kfm,2026-06-29,high,auto,08:00,21:00,08:00-23:00,1
9,КИНКИ,kfm,2026-06-29,high,bike,08:00,23:00,08:00-23:00,1
99,Опен Аркус,kfm,2026-06-29,mega,bike,07:00,16:00,07:00-23:00,1
99,Опен Аркус,kfm,2026-06-29,mega,bike,07:00,18:00,07:00-23:00,1
99,Опен Аркус,kfm,2026-06-29,mega,bike,07:00,21:00,07:00-23:00,1
99,Опен Аркус,kfm,2026-06-29,mega,bike,07:00,23:00,07:00-23:00,2
grp_102_125,Мясо&Рыба Тверская + Meraki,non_kfm,2026-06-29,medium,auto,00:00,23:00,00:00-23:59,1
grp_122_131,Косяк Тишинка + EVA Б.Грузинская,non_kfm,2026-06-29,medium,bike,08:00,23:00,08:00-23:59,1
grp_130_139,EVA Хамовники + Клёво Усачева,non_kfm,2026-06-29,medium,auto,09:00,23:00,09:00-23:59,1
grp_136_292,Ikura + Узбекистан,non_kfm,2026-06-29,medium,auto,12:00,23:00,12:00-23:00,1
grp_187_296,Биродром и Панчетта Народное ополчение + Клево Авиапарк,non_kfm,2026-06-29,medium,auto,10:00,23:00,10:00-23:00,1
grp_19_54,Conversation Никитская + Maroon,non_kfm,2026-06-29,medium,auto,08:00,24:00,08:00-24:00,2
grp_288_424,Биродром и Ив.Дурдинъ Мичуринский + Корнер Ланового,non_kfm,2026-06-29,medium,auto,11:00,23:00,11:00-23:00,1
grp_302_443,Ribambelle Шелепиха + Пинский доставка,non_kfm,2026-06-29,medium,auto,10:00,22:00,10:00-22:00,1
grp_62_140,Печорин Новочеремушкинская  + Клёво Черемушки,non_kfm,2026-06-29,medium,auto,09:00,23:00,09:00-23:00,1
grp_71_94,КО Medusa + КО Высота 5642,non_kfm,2026-06-29,medium,auto,12:00,18:00,12:00-23:59,1
grp_71_94,КО Medusa + КО Высота 5642,non_kfm,2026-06-29,medium,bike,12:00,23:00,12:00-23:59,1
grp_98_298,Печорин Угрешская + Ив. Дурдинъ Волгоградский,non_kfm,2026-06-29,medium,auto,08:00,23:00,08:00-23:00,1
grp_98_298,Печорин Угрешская + Ив. Дурдинъ Волгоградский,non_kfm,2026-06-29,medium,bike,08:00,18:00,08:00-23:00,1
1,Wall Street,kfm,2026-06-30,medium,bike,08:00,23:00,08:00-23:00,1
10,Якиманка,kfm,2026-06-30,medium,bike,08:00,18:00,08:00-23:30,1
10,Якиманка,kfm,2026-06-30,medium,bike,08:00,23:00,08:00-23:30,1
100,Колбасный Цех / Магадан,non_kfm,2026-06-30,medium,auto,10:00,18:00,10:00-22:00,1
101,Алия,kfm,2026-06-30,high,auto,08:00,18:00,08:00-23:00,1
101,Алия,kfm,2026-06-30,high,auto,08:00,21:00,08:00-23:00,1
101,Алия,kfm,2026-06-30,high,auto,08:00,23:00,08:00-23:00,1
11,Кутузовский,kfm,2026-06-30,medium,auto,00:00,07:00,00:00-07:00,4
11,Кутузовский,kfm,2026-06-30,medium,auto,23:00,24:00,23:00-24:00,2
114,Bluefin Скаковая,non_kfm,2026-06-30,low,auto,10:00,12:00,10:00-22:00,1
115,Опен Символ,kfm,2026-06-30,high,auto,07:00,18:00,07:00-23:00,1
115,Опен Символ,kfm,2026-06-30,high,auto,07:00,21:00,07:00-23:00,1
115,Опен Символ,kfm,2026-06-30,high,auto,07:00,23:00,07:00-23:00,1
115,Опен Символ,kfm,2026-06-30,high,bike,07:00,11:00,07:00-23:00,1
115,Опен Символ,kfm,2026-06-30,high,bike,07:00,21:00,07:00-23:00,1
116,Корнер Дмитровка,non_kfm,2026-06-30,medium,auto,12:00,23:00,12:00-23:00,1
119,Bluefin Успенское,non_kfm,2026-06-30,medium,auto,11:00,22:00,11:00-22:00,1
119,Bluefin Успенское,non_kfm,2026-06-30,medium,bike,11:00,18:00,11:00-22:00,1
12,Хорошо,kfm,2026-06-30,high,auto,08:00,16:00,08:00-22:00,1
12,Хорошо,kfm,2026-06-30,high,auto,08:00,22:00,08:00-22:00,1
12,Хорошо,kfm,2026-06-30,high,bike,08:00,18:00,08:00-22:00,1
12,Хорошо,kfm,2026-06-30,high,bike,08:00,22:00,08:00-22:00,1
121,Косяк Новая Рига,non_kfm,2026-06-30,medium,auto,10:00,18:00,10:00-22:00,1
123,Опен Нева,kfm,2026-06-30,high,auto,08:00,18:00,08:00-23:00,1
123,Опен Нева,kfm,2026-06-30,high,bike,08:00,21:00,08:00-23:00,3
124,ЦБ AVA Bistro,non_kfm,2026-06-30,medium,auto,09:00,18:00,09:00-22:30,1
126,Опен Покровка,kfm,2026-06-30,high,bike,07:00,16:00,07:00-23:00,1
126,Опен Покровка,kfm,2026-06-30,high,bike,07:00,21:00,07:00-23:00,1
126,Опен Покровка,kfm,2026-06-30,high,bike,07:00,23:00,07:00-23:00,1
127,БТ Покровка,kfm,2026-06-30,medium,bike,07:00,23:00,07:00-23:00,1
128,Кофемания Лаки,kfm,2026-06-30,high,bike,08:00,16:00,08:00-24:00,1
128,Кофемания Лаки,kfm,2026-06-30,high,bike,08:00,21:00,08:00-24:00,1
128,Кофемания Лаки,kfm,2026-06-30,high,bike,08:00,24:00,08:00-24:00,1
137,БТ Мясницкая,kfm,2026-06-30,medium,bike,08:00,18:00,08:00-23:00,1
138,БТ Таганка,kfm,2026-06-30,medium,bike,08:00,18:00,08:00-23:00,1
14,Метрополис,kfm,2026-06-30,high,auto,09:00,16:00,09:00-23:00,1
14,Метрополис,kfm,2026-06-30,high,auto,09:00,18:00,09:00-23:00,1
14,Метрополис,kfm,2026-06-30,high,auto,09:00,21:00,09:00-23:00,1
14,Метрополис,kfm,2026-06-30,high,bike,09:00,23:00,09:00-23:00,1
142,RED7,kfm,2026-06-30,medium,bike,08:00,23:00,08:00-23:59,1
15,Комсомолка,kfm,2026-06-30,medium,auto,00:00,06:00,00:00-24:00,1
15,Комсомолка,kfm,2026-06-30,medium,bike,00:00,24:00,00:00-24:00,1
16,Мосфильм,kfm,2026-06-30,medium,bike,08:00,23:00,08:00-23:00,1
17,Внуково,kfm,2026-06-30,high,auto,08:00,18:00,08:00-22:00,1
17,Внуково,kfm,2026-06-30,high,auto,08:00,22:00,08:00-22:00,1
17,Внуково,kfm,2026-06-30,high,bike,08:00,22:00,08:00-22:00,1
18,Новая Рига,kfm,2026-06-30,medium,auto,08:00,18:00,08:00-22:00,1
18,Новая Рига,kfm,2026-06-30,medium,bike,08:00,22:00,08:00-22:00,1
182,Miss You,non_kfm,2026-06-30,medium,auto,09:00,23:00,09:00-23:00,1
2,Кудринская,kfm,2026-06-30,high,bike,07:00,18:00,07:00-24:00,1
2,Кудринская,kfm,2026-06-30,high,bike,07:00,21:00,07:00-24:00,1
2,Кудринская,kfm,2026-06-30,high,bike,07:00,24:00,07:00-24:00,1
20,Павлово,kfm,2026-06-30,medium,auto,08:00,18:00,08:00-22:00,1
20,Павлово,kfm,2026-06-30,medium,bike,08:00,22:00,08:00-22:00,1
21,Горки-2,kfm,2026-06-30,high,auto,08:00,21:00,08:00-23:00,1
21,Горки-2,kfm,2026-06-30,high,auto,08:00,23:00,08:00-23:00,1
21,Горки-2,kfm,2026-06-30,high,bike,08:00,23:00,08:00-23:00,1
22,Жажда Крови,kfm,2026-06-30,medium,auto,12:00,18:00,12:00-23:30,1
222,Ирис Химки,non_kfm,2026-06-30,low,auto,06:00,12:00,06:00-23:59,1
25,Весна,kfm,2026-06-30,high,auto,08:00,16:00,08:00-24:00,1
25,Весна,kfm,2026-06-30,high,bike,08:00,11:00,08:00-24:00,1
25,Весна,kfm,2026-06-30,high,bike,08:00,24:00,08:00-24:00,1
26,Тверская,kfm,2026-06-30,medium,bike,08:00,23:00,08:00-23:00,1
27,4 Ветра,kfm,2026-06-30,medium,auto,08:00,23:00,08:00-23:30,1
28,Гранд,kfm,2026-06-30,medium,bike,08:00,18:00,08:00-23:00,1
29,Украинский,kfm,2026-06-30,mega,auto,07:00,16:00,07:00-23:00,2
29,Украинский,kfm,2026-06-30,mega,auto,07:00,18:00,07:00-23:00,1
29,Украинский,kfm,2026-06-30,mega,auto,07:00,21:00,07:00-23:00,2
29,Украинский,kfm,2026-06-30,mega,auto,07:00,23:00,07:00-23:00,1
29,Украинский,kfm,2026-06-30,mega,bike,07:00,21:00,07:00-23:00,1
29,Украинский,kfm,2026-06-30,mega,bike,07:00,23:00,07:00-23:00,1
30,Черёмушки,kfm,2026-06-30,mega,auto,08:00,21:00,08:00-24:00,1
30,Черёмушки,kfm,2026-06-30,mega,auto,08:00,24:00,08:00-24:00,1
30,Черёмушки,kfm,2026-06-30,mega,bike,08:00,18:00,08:00-24:00,1
30,Черёмушки,kfm,2026-06-30,mega,bike,08:00,24:00,08:00-24:00,1
301,Биродром и Панчетта Дежнева,non_kfm,2026-06-30,medium,auto,12:00,23:00,12:00-23:00,1
33,Даниловский,kfm,2026-06-30,high,auto,08:00,21:00,08:00-23:00,2
33,Даниловский,kfm,2026-06-30,high,bike,08:00,16:00,08:00-23:00,1
33,Даниловский,kfm,2026-06-30,high,bike,08:00,23:00,08:00-23:00,1
335,Кутузовский (Не использовать),kfm,2026-06-30,low,auto,00:00,06:00,00:00-24:00,2
335,Кутузовский (Не использовать),kfm,2026-06-30,low,bike,00:00,24:00,00:00-24:00,1
34,Аркус,kfm,2026-06-30,medium,auto,08:00,24:00,08:00-24:00,1
34,Аркус,kfm,2026-06-30,medium,bike,08:00,12:00,08:00-24:00,1
348,Рига Холл,kfm,2026-06-30,medium,bike,09:00,22:00,09:00-22:00,1
35,Ленинский,kfm,2026-06-30,high,auto,08:00,21:00,08:00-23:00,2
35,Ленинский,kfm,2026-06-30,high,bike,08:00,16:00,08:00-23:00,1
35,Ленинский,kfm,2026-06-30,high,bike,08:00,23:00,08:00-23:00,1
36,Friends Forever Botanica,non_kfm,2026-06-30,medium,auto,08:00,18:00,08:00-23:00,1
37,БТ Усачева,kfm,2026-06-30,medium,bike,08:00,22:00,08:00-22:00,1
38,Нева,kfm,2026-06-30,medium,bike,08:00,23:00,08:00-23:00,1
39,Гребной,kfm,2026-06-30,mega,auto,08:00,21:00,08:00-23:00,2
39,Гребной,kfm,2026-06-30,mega,bike,08:00,18:00,08:00-23:00,1
39,Гребной,kfm,2026-06-30,mega,bike,08:00,23:00,08:00-23:00,1
4,Аврора,kfm,2026-06-30,high,auto,08:00,18:00,08:00-24:00,1
4,Аврора,kfm,2026-06-30,high,auto,08:00,24:00,08:00-24:00,1
4,Аврора,kfm,2026-06-30,high,bike,08:00,16:00,08:00-24:00,1
4,Аврора,kfm,2026-06-30,high,bike,08:00,21:00,08:00-24:00,1
4,Аврора,kfm,2026-06-30,high,bike,08:00,24:00,08:00-24:00,1
40,БТ Аркус,kfm,2026-06-30,medium,bike,09:00,19:00,09:00-19:00,1
434,Сколково,kfm,2026-06-30,medium,auto,08:00,18:00,08:00-22:00,1
434,Сколково,kfm,2026-06-30,medium,bike,08:00,22:00,08:00-22:00,1
46,БТ Павелецкая Плаза,kfm,2026-06-30,medium,bike,10:00,18:00,10:00-22:00,1
47,БТ Царская Площадь,kfm,2026-06-30,medium,bike,08:00,21:00,08:00-21:00,1
478,Сыроварня Метрополис,non_kfm,2026-06-30,medium,auto,11:00,22:00,10:30-22:30,1
478,Сыроварня Метрополис,non_kfm,2026-06-30,medium,bike,11:00,18:00,10:30-22:30,1
479,Покровка,kfm,2026-06-30,medium,auto,00:00,06:00,00:00-24:00,1
479,Покровка,kfm,2026-06-30,medium,bike,00:00,24:00,00:00-24:00,1
5,Покровка (не использовать),kfm,2026-06-30,medium,auto,00:00,06:00,00:00-24:00,1
5,Покровка (не использовать),kfm,2026-06-30,medium,bike,00:00,24:00,00:00-24:00,1
51,БТ Новинский,kfm,2026-06-30,medium,bike,08:00,22:00,08:00-22:00,1
516,La Raquette by Pinskiy&Co,non_kfm,2026-06-30,low,auto,09:00,18:00,09:00-22:00,1
58,Печорин Тишинка,non_kfm,2026-06-30,medium,auto,09:00,18:00,09:00-21:00,1
59,Печорин Шаболовка,non_kfm,2026-06-30,medium,auto,09:00,18:00,09:00-21:00,1
6,Неглинная,kfm,2026-06-30,mega,auto,00:00,21:00,00:00-24:00,1
6,Неглинная,kfm,2026-06-30,mega,auto,00:00,24:00,00:00-24:00,1
6,Неглинная,kfm,2026-06-30,mega,bike,00:00,16:00,00:00-24:00,1
6,Неглинная,kfm,2026-06-30,mega,bike,00:00,21:00,00:00-24:00,1
6,Неглинная,kfm,2026-06-30,mega,bike,00:00,24:00,00:00-24:00,1
69,Опен Мичуринский,kfm,2026-06-30,mega,auto,08:00,16:00,08:00-23:00,1
69,Опен Мичуринский,kfm,2026-06-30,mega,auto,08:00,21:00,08:00-23:00,1
69,Опен Мичуринский,kfm,2026-06-30,mega,auto,08:00,23:00,08:00-23:00,1
69,Опен Мичуринский,kfm,2026-06-30,mega,bike,08:00,18:00,08:00-23:00,1
69,Опен Мичуринский,kfm,2026-06-30,mega,bike,08:00,21:00,08:00-23:00,1
69,Опен Мичуринский,kfm,2026-06-30,mega,bike,08:00,23:00,08:00-23:00,1
7,Белая Площадь,kfm,2026-06-30,mega,auto,00:00,16:00,00:00-24:00,1
7,Белая Площадь,kfm,2026-06-30,mega,auto,00:00,21:00,00:00-24:00,1
7,Белая Площадь,kfm,2026-06-30,mega,auto,00:00,24:00,00:00-24:00,1
7,Белая Площадь,kfm,2026-06-30,mega,bike,00:00,21:00,00:00-24:00,1
7,Белая Площадь,kfm,2026-06-30,mega,bike,00:00,24:00,00:00-24:00,1
72,КО Магадан,non_kfm,2026-06-30,medium,auto,12:00,23:00,12:00-23:59,1
8,Усачева,kfm,2026-06-30,mega,bike,08:00,18:00,07:30-23:30,1
8,Усачева,kfm,2026-06-30,mega,bike,08:00,21:00,07:30-23:30,1
8,Усачева,kfm,2026-06-30,mega,bike,08:00,23:00,07:30-23:30,1
9,КИНКИ,kfm,2026-06-30,high,auto,08:00,21:00,08:00-23:00,1
9,КИНКИ,kfm,2026-06-30,high,bike,08:00,23:00,08:00-23:00,1
99,Опен Аркус,kfm,2026-06-30,mega,bike,07:00,16:00,07:00-23:00,1
99,Опен Аркус,kfm,2026-06-30,mega,bike,07:00,18:00,07:00-23:00,1
99,Опен Аркус,kfm,2026-06-30,mega,bike,07:00,21:00,07:00-23:00,1
99,Опен Аркус,kfm,2026-06-30,mega,bike,07:00,23:00,07:00-23:00,2
grp_102_125,Мясо&Рыба Тверская + Meraki,non_kfm,2026-06-30,medium,auto,00:00,23:00,00:00-23:59,1
grp_130_139,EVA Хамовники + Клёво Усачева,non_kfm,2026-06-30,medium,auto,09:00,23:00,09:00-23:59,1
grp_136_292,Ikura + Узбекистан,non_kfm,2026-06-30,medium,auto,12:00,23:00,12:00-23:00,1
grp_187_296,Биродром и Панчетта Народное ополчение + Клево Авиапарк,non_kfm,2026-06-30,medium,auto,10:00,23:00,10:00-23:00,1
grp_19_54,Conversation Никитская + Maroon,non_kfm,2026-06-30,medium,auto,08:00,18:00,08:00-24:00,1
grp_19_54,Conversation Никитская + Maroon,non_kfm,2026-06-30,medium,auto,08:00,24:00,08:00-24:00,1
grp_288_424,Биродром и Ив.Дурдинъ Мичуринский + Корнер Ланового,non_kfm,2026-06-30,medium,auto,11:00,23:00,11:00-23:00,1
grp_302_443,Ribambelle Шелепиха + Пинский доставка,non_kfm,2026-06-30,medium,auto,10:00,18:00,10:00-22:00,1
grp_62_140,Печорин Новочеремушкинская  + Клёво Черемушки,non_kfm,2026-06-30,medium,auto,09:00,23:00,09:00-23:00,1
grp_71_94,КО Medusa + КО Высота 5642,non_kfm,2026-06-30,medium,auto,12:00,23:00,12:00-23:59,1
grp_98_298,Печорин Угрешская + Ив. Дурдинъ Волгоградский,non_kfm,2026-06-30,medium,auto,08:00,23:00,08:00-23:00,1
1,Wall Street,kfm,2026-07-01,medium,bike,08:00,23:00,08:00-23:00,1
10,Якиманка,kfm,2026-07-01,medium,bike,08:00,18:00,08:00-23:30,1
10,Якиманка,kfm,2026-07-01,medium,bike,08:00,23:00,08:00-23:30,1
100,Колбасный Цех / Магадан,non_kfm,2026-07-01,medium,auto,10:00,18:00,10:00-22:00,1
101,Алия,kfm,2026-07-01,high,auto,08:00,18:00,08:00-23:00,1
101,Алия,kfm,2026-07-01,high,auto,08:00,21:00,08:00-23:00,1
101,Алия,kfm,2026-07-01,high,auto,08:00,23:00,08:00-23:00,1
101,Алия,kfm,2026-07-01,high,bike,08:00,16:00,08:00-23:00,1
11,Кутузовский,kfm,2026-07-01,medium,auto,00:00,07:00,00:00-07:00,4
11,Кутузовский,kfm,2026-07-01,medium,auto,23:00,24:00,23:00-24:00,1
115,Опен Символ,kfm,2026-07-01,high,auto,07:00,16:00,07:00-23:00,1
115,Опен Символ,kfm,2026-07-01,high,auto,07:00,21:00,07:00-23:00,1
115,Опен Символ,kfm,2026-07-01,high,auto,07:00,23:00,07:00-23:00,1
115,Опен Символ,kfm,2026-07-01,high,bike,07:00,11:00,07:00-23:00,1
115,Опен Символ,kfm,2026-07-01,high,bike,07:00,21:00,07:00-23:00,1
116,Корнер Дмитровка,non_kfm,2026-07-01,medium,auto,12:00,23:00,12:00-23:00,1
119,Bluefin Успенское,non_kfm,2026-07-01,medium,auto,11:00,22:00,11:00-22:00,1
119,Bluefin Успенское,non_kfm,2026-07-01,medium,bike,11:00,18:00,11:00-22:00,1
12,Хорошо,kfm,2026-07-01,high,auto,08:00,22:00,08:00-22:00,1
12,Хорошо,kfm,2026-07-01,high,bike,08:00,18:00,08:00-22:00,1
12,Хорошо,kfm,2026-07-01,high,bike,08:00,22:00,08:00-22:00,1
123,Опен Нева,kfm,2026-07-01,high,auto,08:00,18:00,08:00-23:00,1
123,Опен Нева,kfm,2026-07-01,high,bike,08:00,21:00,08:00-23:00,2
124,ЦБ AVA Bistro,non_kfm,2026-07-01,medium,auto,09:00,18:00,09:00-22:30,1
126,Опен Покровка,kfm,2026-07-01,high,bike,07:00,16:00,07:00-23:00,1
126,Опен Покровка,kfm,2026-07-01,high,bike,07:00,21:00,07:00-23:00,1
126,Опен Покровка,kfm,2026-07-01,high,bike,07:00,23:00,07:00-23:00,1
127,БТ Покровка,kfm,2026-07-01,medium,bike,07:00,23:00,07:00-23:00,1
128,Кофемания Лаки,kfm,2026-07-01,high,bike,08:00,21:00,08:00-24:00,1
128,Кофемания Лаки,kfm,2026-07-01,high,bike,08:00,24:00,08:00-24:00,1
137,БТ Мясницкая,kfm,2026-07-01,medium,bike,08:00,18:00,08:00-23:00,1
138,БТ Таганка,kfm,2026-07-01,medium,bike,08:00,23:00,08:00-23:00,1
14,Метрополис,kfm,2026-07-01,high,auto,09:00,16:00,09:00-23:00,1
14,Метрополис,kfm,2026-07-01,high,auto,09:00,18:00,09:00-23:00,1
14,Метрополис,kfm,2026-07-01,high,auto,09:00,21:00,09:00-23:00,1
14,Метрополис,kfm,2026-07-01,high,bike,09:00,23:00,09:00-23:00,1
142,RED7,kfm,2026-07-01,medium,bike,08:00,23:00,08:00-23:59,1
146,Maestrello Покровка,non_kfm,2026-07-01,medium,bike,10:00,18:00,10:00-20:00,1
15,Комсомолка,kfm,2026-07-01,medium,auto,00:00,06:00,00:00-24:00,1
15,Комсомолка,kfm,2026-07-01,medium,bike,00:00,24:00,00:00-24:00,1
16,Мосфильм,kfm,2026-07-01,medium,bike,08:00,23:00,08:00-23:00,1
17,Внуково,kfm,2026-07-01,high,auto,08:00,22:00,08:00-22:00,2
17,Внуково,kfm,2026-07-01,high,bike,08:00,22:00,08:00-22:00,1
18,Новая Рига,kfm,2026-07-01,medium,auto,08:00,18:00,08:00-22:00,1
18,Новая Рига,kfm,2026-07-01,medium,bike,08:00,22:00,08:00-22:00,1
182,Miss You,non_kfm,2026-07-01,medium,auto,09:00,23:00,09:00-23:00,1
2,Кудринская,kfm,2026-07-01,high,bike,07:00,16:00,07:00-24:00,1
2,Кудринская,kfm,2026-07-01,high,bike,07:00,21:00,07:00-24:00,1
2,Кудринская,kfm,2026-07-01,high,bike,07:00,24:00,07:00-24:00,1
20,Павлово,kfm,2026-07-01,medium,auto,08:00,18:00,08:00-22:00,1
20,Павлово,kfm,2026-07-01,medium,bike,08:00,22:00,08:00-22:00,1
21,Горки-2,kfm,2026-07-01,high,auto,08:00,21:00,08:00-23:00,1
21,Горки-2,kfm,2026-07-01,high,auto,08:00,23:00,08:00-23:00,1
21,Горки-2,kfm,2026-07-01,high,bike,08:00,23:00,08:00-23:00,1
222,Ирис Химки,non_kfm,2026-07-01,low,auto,06:00,12:00,06:00-23:59,1
25,Весна,kfm,2026-07-01,high,auto,08:00,16:00,08:00-24:00,1
25,Весна,kfm,2026-07-01,high,bike,08:00,11:00,08:00-24:00,1
25,Весна,kfm,2026-07-01,high,bike,08:00,24:00,08:00-24:00,1
26,Тверская,kfm,2026-07-01,medium,bike,08:00,23:00,08:00-23:00,1
27,4 Ветра,kfm,2026-07-01,medium,auto,08:00,23:00,08:00-23:30,1
28,Гранд,kfm,2026-07-01,medium,bike,08:00,18:00,08:00-23:00,1
29,Украинский,kfm,2026-07-01,mega,auto,07:00,16:00,07:00-23:00,2
29,Украинский,kfm,2026-07-01,mega,auto,07:00,18:00,07:00-23:00,1
29,Украинский,kfm,2026-07-01,mega,auto,07:00,21:00,07:00-23:00,2
29,Украинский,kfm,2026-07-01,mega,auto,07:00,23:00,07:00-23:00,1
29,Украинский,kfm,2026-07-01,mega,bike,07:00,21:00,07:00-23:00,1
29,Украинский,kfm,2026-07-01,mega,bike,07:00,23:00,07:00-23:00,1
30,Черёмушки,kfm,2026-07-01,mega,auto,08:00,21:00,08:00-24:00,1
30,Черёмушки,kfm,2026-07-01,mega,auto,08:00,24:00,08:00-24:00,1
30,Черёмушки,kfm,2026-07-01,mega,bike,08:00,18:00,08:00-24:00,1
30,Черёмушки,kfm,2026-07-01,mega,bike,08:00,24:00,08:00-24:00,1
301,Биродром и Панчетта Дежнева,non_kfm,2026-07-01,medium,auto,12:00,23:00,12:00-23:00,1
33,Даниловский,kfm,2026-07-01,high,auto,08:00,21:00,08:00-23:00,2
33,Даниловский,kfm,2026-07-01,high,bike,08:00,16:00,08:00-23:00,1
33,Даниловский,kfm,2026-07-01,high,bike,08:00,23:00,08:00-23:00,1
335,Кутузовский (Не использовать),kfm,2026-07-01,low,auto,00:00,06:00,00:00-24:00,1
335,Кутузовский (Не использовать),kfm,2026-07-01,low,auto,00:00,24:00,00:00-24:00,1
335,Кутузовский (Не использовать),kfm,2026-07-01,low,bike,00:00,12:00,00:00-24:00,1
34,Аркус,kfm,2026-07-01,medium,auto,08:00,12:00,08:00-24:00,1
34,Аркус,kfm,2026-07-01,medium,bike,08:00,24:00,08:00-24:00,1
348,Рига Холл,kfm,2026-07-01,medium,bike,09:00,22:00,09:00-22:00,1
35,Ленинский,kfm,2026-07-01,high,auto,08:00,21:00,08:00-23:00,2
35,Ленинский,kfm,2026-07-01,high,bike,08:00,16:00,08:00-23:00,1
35,Ленинский,kfm,2026-07-01,high,bike,08:00,23:00,08:00-23:00,1
36,Friends Forever Botanica,non_kfm,2026-07-01,medium,auto,08:00,18:00,08:00-23:00,1
37,БТ Усачева,kfm,2026-07-01,medium,bike,08:00,22:00,08:00-22:00,1
38,Нева,kfm,2026-07-01,medium,bike,08:00,23:00,08:00-23:00,1
39,Гребной,kfm,2026-07-01,mega,auto,08:00,21:00,08:00-23:00,2
39,Гребной,kfm,2026-07-01,mega,bike,08:00,16:00,08:00-23:00,1
39,Гребной,kfm,2026-07-01,mega,bike,08:00,23:00,08:00-23:00,1
4,Аврора,kfm,2026-07-01,high,auto,08:00,18:00,08:00-24:00,1
4,Аврора,kfm,2026-07-01,high,auto,08:00,24:00,08:00-24:00,1
4,Аврора,kfm,2026-07-01,high,bike,08:00,16:00,08:00-24:00,1
4,Аврора,kfm,2026-07-01,high,bike,08:00,21:00,08:00-24:00,1
4,Аврора,kfm,2026-07-01,high,bike,08:00,24:00,08:00-24:00,1
40,БТ Аркус,kfm,2026-07-01,medium,bike,09:00,19:00,09:00-19:00,1
434,Сколково,kfm,2026-07-01,medium,auto,08:00,22:00,08:00-22:00,1
434,Сколково,kfm,2026-07-01,medium,bike,08:00,22:00,08:00-22:00,1
46,БТ Павелецкая Плаза,kfm,2026-07-01,medium,bike,10:00,18:00,10:00-22:00,1
47,БТ Царская Площадь,kfm,2026-07-01,medium,bike,08:00,21:00,08:00-21:00,1
478,Сыроварня Метрополис,non_kfm,2026-07-01,medium,bike,11:00,22:00,10:30-22:30,1
479,Покровка,kfm,2026-07-01,medium,auto,00:00,06:00,00:00-24:00,1
479,Покровка,kfm,2026-07-01,medium,bike,00:00,24:00,00:00-24:00,1
5,Покровка (не использовать),kfm,2026-07-01,medium,auto,00:00,06:00,00:00-24:00,1
5,Покровка (не использовать),kfm,2026-07-01,medium,bike,00:00,24:00,00:00-24:00,1
51,БТ Новинский,kfm,2026-07-01,medium,bike,08:00,18:00,08:00-22:00,1
516,La Raquette by Pinskiy&Co,non_kfm,2026-07-01,low,auto,09:00,18:00,09:00-22:00,1
58,Печорин Тишинка,non_kfm,2026-07-01,medium,auto,09:00,18:00,09:00-21:00,1
59,Печорин Шаболовка,non_kfm,2026-07-01,medium,auto,09:00,18:00,09:00-21:00,1
6,Неглинная,kfm,2026-07-01,mega,auto,00:00,18:00,00:00-24:00,1
6,Неглинная,kfm,2026-07-01,mega,auto,00:00,24:00,00:00-24:00,1
6,Неглинная,kfm,2026-07-01,mega,bike,00:00,16:00,00:00-24:00,1
6,Неглинная,kfm,2026-07-01,mega,bike,00:00,21:00,00:00-24:00,1
6,Неглинная,kfm,2026-07-01,mega,bike,00:00,24:00,00:00-24:00,1
69,Опен Мичуринский,kfm,2026-07-01,mega,auto,08:00,16:00,08:00-23:00,1
69,Опен Мичуринский,kfm,2026-07-01,mega,auto,08:00,21:00,08:00-23:00,1
69,Опен Мичуринский,kfm,2026-07-01,mega,auto,08:00,23:00,08:00-23:00,1
69,Опен Мичуринский,kfm,2026-07-01,mega,bike,08:00,18:00,08:00-23:00,1
69,Опен Мичуринский,kfm,2026-07-01,mega,bike,08:00,21:00,08:00-23:00,1
69,Опен Мичуринский,kfm,2026-07-01,mega,bike,08:00,23:00,08:00-23:00,1
7,Белая Площадь,kfm,2026-07-01,mega,auto,00:00,16:00,00:00-24:00,1
7,Белая Площадь,kfm,2026-07-01,mega,auto,00:00,24:00,00:00-24:00,2
7,Белая Площадь,kfm,2026-07-01,mega,bike,00:00,21:00,00:00-24:00,1
7,Белая Площадь,kfm,2026-07-01,mega,bike,00:00,24:00,00:00-24:00,1
72,КО Магадан,non_kfm,2026-07-01,medium,auto,12:00,23:00,12:00-23:59,1
8,Усачева,kfm,2026-07-01,mega,bike,08:00,16:00,07:30-23:30,1
8,Усачева,kfm,2026-07-01,mega,bike,08:00,21:00,07:30-23:30,1
8,Усачева,kfm,2026-07-01,mega,bike,08:00,23:00,07:30-23:30,1
9,КИНКИ,kfm,2026-07-01,high,auto,08:00,21:00,08:00-23:00,1
9,КИНКИ,kfm,2026-07-01,high,bike,08:00,23:00,08:00-23:00,1
99,Опен Аркус,kfm,2026-07-01,mega,bike,07:00,16:00,07:00-23:00,1
99,Опен Аркус,kfm,2026-07-01,mega,bike,07:00,18:00,07:00-23:00,1
99,Опен Аркус,kfm,2026-07-01,mega,bike,07:00,21:00,07:00-23:00,1
99,Опен Аркус,kfm,2026-07-01,mega,bike,07:00,23:00,07:00-23:00,2
grp_102_125,Мясо&Рыба Тверская + Meraki,non_kfm,2026-07-01,medium,auto,00:00,23:00,00:00-23:59,1
grp_130_139,EVA Хамовники + Клёво Усачева,non_kfm,2026-07-01,medium,auto,09:00,23:00,09:00-23:59,1
grp_136_292,Ikura + Узбекистан,non_kfm,2026-07-01,medium,auto,12:00,23:00,12:00-23:00,1
grp_187_296,Биродром и Панчетта Народное ополчение + Клево Авиапарк,non_kfm,2026-07-01,medium,auto,10:00,23:00,10:00-23:00,1
grp_19_54,Conversation Никитская + Maroon,non_kfm,2026-07-01,medium,auto,08:00,18:00,08:00-24:00,1
grp_19_54,Conversation Никитская + Maroon,non_kfm,2026-07-01,medium,auto,08:00,24:00,08:00-24:00,1
grp_288_424,Биродром и Ив.Дурдинъ Мичуринский + Корнер Ланового,non_kfm,2026-07-01,medium,auto,11:00,23:00,11:00-23:00,1
grp_302_443,Ribambelle Шелепиха + Пинский доставка,non_kfm,2026-07-01,medium,auto,10:00,18:00,10:00-22:00,1
grp_62_140,Печорин Новочеремушкинская  + Клёво Черемушки,non_kfm,2026-07-01,medium,auto,09:00,23:00,09:00-23:00,1
grp_71_94,КО Medusa + КО Высота 5642,non_kfm,2026-07-01,medium,auto,12:00,23:00,12:00-23:59,1
grp_98_298,Печорин Угрешская + Ив. Дурдинъ Волгоградский,non_kfm,2026-07-01,medium,auto,08:00,23:00,08:00-23:00,1
1,Wall Street,kfm,2026-07-02,medium,bike,08:00,23:00,08:00-23:00,1
10,Якиманка,kfm,2026-07-02,medium,bike,08:00,18:00,08:00-23:30,1
10,Якиманка,kfm,2026-07-02,medium,bike,08:00,23:00,08:00-23:30,1
100,Колбасный Цех / Магадан,non_kfm,2026-07-02,medium,auto,10:00,18:00,10:00-22:00,1
101,Алия,kfm,2026-07-02,high,auto,08:00,18:00,08:00-23:00,1
101,Алия,kfm,2026-07-02,high,auto,08:00,21:00,08:00-23:00,1
101,Алия,kfm,2026-07-02,high,auto,08:00,23:00,08:00-23:00,1
11,Кутузовский,kfm,2026-07-02,medium,auto,00:00,07:00,00:00-07:00,4
11,Кутузовский,kfm,2026-07-02,medium,auto,23:00,24:00,23:00-24:00,1
115,Опен Символ,kfm,2026-07-02,high,auto,07:00,16:00,07:00-23:00,1
115,Опен Символ,kfm,2026-07-02,high,auto,07:00,21:00,07:00-23:00,1
115,Опен Символ,kfm,2026-07-02,high,auto,07:00,23:00,07:00-23:00,1
115,Опен Символ,kfm,2026-07-02,high,bike,07:00,21:00,07:00-23:00,1
116,Корнер Дмитровка,non_kfm,2026-07-02,medium,auto,12:00,23:00,12:00-23:00,1
119,Bluefin Успенское,non_kfm,2026-07-02,medium,auto,11:00,23:00,11:00-23:00,1
119,Bluefin Успенское,non_kfm,2026-07-02,medium,bike,11:00,18:00,11:00-23:00,1
12,Хорошо,kfm,2026-07-02,high,auto,08:00,22:00,08:00-22:00,1
12,Хорошо,kfm,2026-07-02,high,bike,08:00,18:00,08:00-22:00,1
12,Хорошо,kfm,2026-07-02,high,bike,08:00,22:00,08:00-22:00,1
123,Опен Нева,kfm,2026-07-02,high,auto,08:00,18:00,08:00-23:00,1
123,Опен Нева,kfm,2026-07-02,high,bike,08:00,21:00,08:00-23:00,2
124,ЦБ AVA Bistro,non_kfm,2026-07-02,medium,auto,09:00,18:00,09:00-22:30,1
126,Опен Покровка,kfm,2026-07-02,high,bike,07:00,16:00,07:00-23:00,1
126,Опен Покровка,kfm,2026-07-02,high,bike,07:00,21:00,07:00-23:00,1
126,Опен Покровка,kfm,2026-07-02,high,bike,07:00,23:00,07:00-23:00,1
127,БТ Покровка,kfm,2026-07-02,medium,bike,07:00,23:00,07:00-23:00,1
128,Кофемания Лаки,kfm,2026-07-02,high,bike,08:00,16:00,08:00-24:00,1
128,Кофемания Лаки,kfm,2026-07-02,high,bike,08:00,21:00,08:00-24:00,1
128,Кофемания Лаки,kfm,2026-07-02,high,bike,08:00,24:00,08:00-24:00,1
137,БТ Мясницкая,kfm,2026-07-02,medium,bike,08:00,23:00,08:00-23:00,1
138,БТ Таганка,kfm,2026-07-02,medium,bike,08:00,23:00,08:00-23:00,1
14,Метрополис,kfm,2026-07-02,high,auto,09:00,16:00,09:00-23:00,1
14,Метрополис,kfm,2026-07-02,high,auto,09:00,18:00,09:00-23:00,1
14,Метрополис,kfm,2026-07-02,high,auto,09:00,21:00,09:00-23:00,1
14,Метрополис,kfm,2026-07-02,high,bike,09:00,23:00,09:00-23:00,1
142,RED7,kfm,2026-07-02,medium,bike,08:00,23:00,08:00-23:59,1
15,Комсомолка,kfm,2026-07-02,medium,auto,00:00,06:00,00:00-24:00,1
15,Комсомолка,kfm,2026-07-02,medium,bike,00:00,24:00,00:00-24:00,1
16,Мосфильм,kfm,2026-07-02,medium,bike,08:00,23:00,08:00-23:00,1
17,Внуково,kfm,2026-07-02,high,auto,08:00,18:00,08:00-22:00,1
17,Внуково,kfm,2026-07-02,high,auto,08:00,22:00,08:00-22:00,1
17,Внуково,kfm,2026-07-02,high,bike,08:00,22:00,08:00-22:00,1
18,Новая Рига,kfm,2026-07-02,medium,auto,08:00,18:00,08:00-22:00,2
18,Новая Рига,kfm,2026-07-02,medium,bike,08:00,22:00,08:00-22:00,1
182,Miss You,non_kfm,2026-07-02,medium,auto,09:00,23:00,09:00-23:00,1
2,Кудринская,kfm,2026-07-02,high,bike,07:00,18:00,07:00-24:00,1
2,Кудринская,kfm,2026-07-02,high,bike,07:00,21:00,07:00-24:00,1
2,Кудринская,kfm,2026-07-02,high,bike,07:00,24:00,07:00-24:00,1
20,Павлово,kfm,2026-07-02,medium,auto,08:00,18:00,08:00-22:00,1
20,Павлово,kfm,2026-07-02,medium,bike,08:00,22:00,08:00-22:00,1
21,Горки-2,kfm,2026-07-02,high,auto,08:00,21:00,08:00-23:00,1
21,Горки-2,kfm,2026-07-02,high,auto,08:00,23:00,08:00-23:00,1
21,Горки-2,kfm,2026-07-02,high,bike,08:00,23:00,08:00-23:00,1
22,Жажда Крови,kfm,2026-07-02,medium,auto,12:00,18:00,12:00-23:30,1
222,Ирис Химки,non_kfm,2026-07-02,low,auto,06:00,12:00,06:00-23:59,1
25,Весна,kfm,2026-07-02,high,auto,08:00,16:00,08:00-24:00,1
25,Весна,kfm,2026-07-02,high,bike,08:00,11:00,08:00-24:00,1
25,Весна,kfm,2026-07-02,high,bike,08:00,24:00,08:00-24:00,1
26,Тверская,kfm,2026-07-02,medium,bike,08:00,23:00,08:00-23:00,1
27,4 Ветра,kfm,2026-07-02,medium,auto,08:00,23:00,08:00-23:30,1
28,Гранд,kfm,2026-07-02,medium,bike,08:00,18:00,08:00-23:00,1
29,Украинский,kfm,2026-07-02,mega,auto,07:00,16:00,07:00-23:00,2
29,Украинский,kfm,2026-07-02,mega,auto,07:00,18:00,07:00-23:00,1
29,Украинский,kfm,2026-07-02,mega,auto,07:00,21:00,07:00-23:00,2
29,Украинский,kfm,2026-07-02,mega,auto,07:00,23:00,07:00-23:00,1
29,Украинский,kfm,2026-07-02,mega,bike,07:00,21:00,07:00-23:00,1
29,Украинский,kfm,2026-07-02,mega,bike,07:00,23:00,07:00-23:00,1
30,Черёмушки,kfm,2026-07-02,mega,auto,08:00,21:00,08:00-24:00,1
30,Черёмушки,kfm,2026-07-02,mega,auto,08:00,24:00,08:00-24:00,1
30,Черёмушки,kfm,2026-07-02,mega,bike,08:00,18:00,08:00-24:00,1
30,Черёмушки,kfm,2026-07-02,mega,bike,08:00,24:00,08:00-24:00,1
301,Биродром и Панчетта Дежнева,non_kfm,2026-07-02,medium,auto,12:00,23:00,12:00-23:00,1
33,Даниловский,kfm,2026-07-02,high,auto,08:00,21:00,08:00-23:00,2
33,Даниловский,kfm,2026-07-02,high,bike,08:00,16:00,08:00-23:00,1
33,Даниловский,kfm,2026-07-02,high,bike,08:00,23:00,08:00-23:00,1
335,Кутузовский (Не использовать),kfm,2026-07-02,low,auto,00:00,06:00,00:00-24:00,1
335,Кутузовский (Не использовать),kfm,2026-07-02,low,auto,00:00,24:00,00:00-24:00,1
335,Кутузовский (Не использовать),kfm,2026-07-02,low,bike,00:00,12:00,00:00-24:00,1
34,Аркус,kfm,2026-07-02,medium,auto,08:00,24:00,08:00-24:00,1
34,Аркус,kfm,2026-07-02,medium,bike,08:00,12:00,08:00-24:00,1
348,Рига Холл,kfm,2026-07-02,medium,bike,09:00,22:00,09:00-22:00,1
35,Ленинский,kfm,2026-07-02,high,auto,08:00,21:00,08:00-23:00,2
35,Ленинский,kfm,2026-07-02,high,bike,08:00,16:00,08:00-23:00,1
35,Ленинский,kfm,2026-07-02,high,bike,08:00,23:00,08:00-23:00,1
36,Friends Forever Botanica,non_kfm,2026-07-02,medium,auto,08:00,18:00,08:00-23:00,1
37,БТ Усачева,kfm,2026-07-02,medium,bike,08:00,22:00,08:00-22:00,1
38,Нева,kfm,2026-07-02,medium,bike,08:00,23:00,08:00-23:00,1
39,Гребной,kfm,2026-07-02,mega,auto,08:00,21:00,08:00-23:00,2
39,Гребной,kfm,2026-07-02,mega,bike,08:00,16:00,08:00-23:00,1
39,Гребной,kfm,2026-07-02,mega,bike,08:00,23:00,08:00-23:00,1
4,Аврора,kfm,2026-07-02,high,auto,08:00,18:00,08:00-24:00,1
4,Аврора,kfm,2026-07-02,high,auto,08:00,24:00,08:00-24:00,1
4,Аврора,kfm,2026-07-02,high,bike,08:00,16:00,08:00-24:00,1
4,Аврора,kfm,2026-07-02,high,bike,08:00,21:00,08:00-24:00,1
4,Аврора,kfm,2026-07-02,high,bike,08:00,24:00,08:00-24:00,1
40,БТ Аркус,kfm,2026-07-02,medium,bike,09:00,19:00,09:00-19:00,1
434,Сколково,kfm,2026-07-02,medium,auto,08:00,22:00,08:00-22:00,1
434,Сколково,kfm,2026-07-02,medium,bike,08:00,22:00,08:00-22:00,1
46,БТ Павелецкая Плаза,kfm,2026-07-02,medium,bike,10:00,18:00,10:00-22:00,1
47,БТ Царская Площадь,kfm,2026-07-02,medium,bike,08:00,21:00,08:00-21:00,1
478,Сыроварня Метрополис,non_kfm,2026-07-02,medium,bike,11:00,22:00,10:30-22:30,1
479,Покровка,kfm,2026-07-02,medium,auto,00:00,06:00,00:00-24:00,1
479,Покровка,kfm,2026-07-02,medium,bike,00:00,24:00,00:00-24:00,1
5,Покровка (не использовать),kfm,2026-07-02,medium,auto,00:00,06:00,00:00-24:00,1
5,Покровка (не использовать),kfm,2026-07-02,medium,bike,00:00,24:00,00:00-24:00,1
51,БТ Новинский,kfm,2026-07-02,medium,bike,08:00,18:00,08:00-22:00,1
516,La Raquette by Pinskiy&Co,non_kfm,2026-07-02,low,auto,09:00,18:00,09:00-22:00,1
58,Печорин Тишинка,non_kfm,2026-07-02,medium,auto,09:00,18:00,09:00-21:00,1
59,Печорин Шаболовка,non_kfm,2026-07-02,medium,auto,09:00,18:00,09:00-21:00,1
6,Неглинная,kfm,2026-07-02,mega,auto,00:00,18:00,00:00-24:00,1
6,Неглинная,kfm,2026-07-02,mega,auto,00:00,24:00,00:00-24:00,1
6,Неглинная,kfm,2026-07-02,mega,bike,00:00,16:00,00:00-24:00,1
6,Неглинная,kfm,2026-07-02,mega,bike,00:00,21:00,00:00-24:00,1
6,Неглинная,kfm,2026-07-02,mega,bike,00:00,24:00,00:00-24:00,1
69,Опен Мичуринский,kfm,2026-07-02,mega,auto,08:00,16:00,08:00-23:00,1
69,Опен Мичуринский,kfm,2026-07-02,mega,auto,08:00,21:00,08:00-23:00,1
69,Опен Мичуринский,kfm,2026-07-02,mega,auto,08:00,23:00,08:00-23:00,1
69,Опен Мичуринский,kfm,2026-07-02,mega,bike,08:00,18:00,08:00-23:00,1
69,Опен Мичуринский,kfm,2026-07-02,mega,bike,08:00,21:00,08:00-23:00,1
69,Опен Мичуринский,kfm,2026-07-02,mega,bike,08:00,23:00,08:00-23:00,1
7,Белая Площадь,kfm,2026-07-02,mega,auto,00:00,21:00,00:00-24:00,1
7,Белая Площадь,kfm,2026-07-02,mega,auto,00:00,24:00,00:00-24:00,1
7,Белая Площадь,kfm,2026-07-02,mega,bike,00:00,21:00,00:00-24:00,1
7,Белая Площадь,kfm,2026-07-02,mega,bike,00:00,24:00,00:00-24:00,1
72,КО Магадан,non_kfm,2026-07-02,medium,auto,12:00,23:00,12:00-23:59,1
8,Усачева,kfm,2026-07-02,mega,bike,08:00,18:00,07:30-23:30,1
8,Усачева,kfm,2026-07-02,mega,bike,08:00,21:00,07:30-23:30,1
8,Усачева,kfm,2026-07-02,mega,bike,08:00,23:00,07:30-23:30,1
9,КИНКИ,kfm,2026-07-02,high,auto,08:00,24:00,08:00-24:00,1
9,КИНКИ,kfm,2026-07-02,high,bike,08:00,24:00,08:00-24:00,1
99,Опен Аркус,kfm,2026-07-02,mega,bike,07:00,16:00,07:00-23:00,1
99,Опен Аркус,kfm,2026-07-02,mega,bike,07:00,18:00,07:00-23:00,1
99,Опен Аркус,kfm,2026-07-02,mega,bike,07:00,21:00,07:00-23:00,1
99,Опен Аркус,kfm,2026-07-02,mega,bike,07:00,23:00,07:00-23:00,2
grp_102_125,Мясо&Рыба Тверская + Meraki,non_kfm,2026-07-02,medium,auto,00:00,23:00,00:00-23:59,1
grp_122_131,Косяк Тишинка + EVA Б.Грузинская,non_kfm,2026-07-02,medium,bike,08:00,23:00,08:00-23:59,1
grp_130_139,EVA Хамовники + Клёво Усачева,non_kfm,2026-07-02,medium,auto,09:00,23:00,09:00-23:59,1
grp_136_292,Ikura + Узбекистан,non_kfm,2026-07-02,medium,auto,12:00,23:00,12:00-23:00,1
grp_187_296,Биродром и Панчетта Народное ополчение + Клево Авиапарк,non_kfm,2026-07-02,medium,auto,10:00,23:00,10:00-23:00,1
grp_19_54,Conversation Никитская + Maroon,non_kfm,2026-07-02,medium,auto,08:00,24:00,08:00-24:00,2
grp_288_424,Биродром и Ив.Дурдинъ Мичуринский + Корнер Ланового,non_kfm,2026-07-02,medium,auto,11:00,23:00,11:00-23:00,1
grp_302_443,Ribambelle Шелепиха + Пинский доставка,non_kfm,2026-07-02,medium,auto,10:00,18:00,10:00-22:00,1
grp_62_140,Печорин Новочеремушкинская  + Клёво Черемушки,non_kfm,2026-07-02,medium,auto,09:00,23:00,09:00-23:00,1
grp_71_94,КО Medusa + КО Высота 5642,non_kfm,2026-07-02,medium,auto,12:00,23:00,12:00-23:59,1
grp_98_298,Печорин Угрешская + Ив. Дурдинъ Волгоградский,non_kfm,2026-07-02,medium,auto,08:00,23:00,08:00-23:00,1
1,Wall Street,kfm,2026-07-03,medium,bike,08:00,23:00,08:00-23:00,1
10,Якиманка,kfm,2026-07-03,medium,bike,08:00,18:00,08:00-23:30,1
10,Якиманка,kfm,2026-07-03,medium,bike,08:00,23:00,08:00-23:30,1
100,Колбасный Цех / Магадан,non_kfm,2026-07-03,medium,auto,10:00,18:00,10:00-23:00,1
101,Алия,kfm,2026-07-03,high,auto,08:00,18:00,08:00-23:00,1
101,Алия,kfm,2026-07-03,high,auto,08:00,21:00,08:00-23:00,1
101,Алия,kfm,2026-07-03,high,auto,08:00,23:00,08:00-23:00,1
101,Алия,kfm,2026-07-03,high,bike,08:00,16:00,08:00-23:00,1
11,Кутузовский,kfm,2026-07-03,medium,auto,00:00,07:00,00:00-07:00,4
11,Кутузовский,kfm,2026-07-03,medium,auto,23:00,24:00,23:00-24:00,1
115,Опен Символ,kfm,2026-07-03,high,auto,07:00,16:00,07:00-23:00,1
115,Опен Символ,kfm,2026-07-03,high,auto,07:00,21:00,07:00-23:00,1
115,Опен Символ,kfm,2026-07-03,high,auto,07:00,23:00,07:00-23:00,1
115,Опен Символ,kfm,2026-07-03,high,bike,07:00,21:00,07:00-23:00,1
116,Корнер Дмитровка,non_kfm,2026-07-03,medium,auto,12:00,23:00,12:00-23:00,1
119,Bluefin Успенское,non_kfm,2026-07-03,medium,auto,11:00,23:00,11:00-23:00,1
119,Bluefin Успенское,non_kfm,2026-07-03,medium,bike,11:00,18:00,11:00-23:00,1
12,Хорошо,kfm,2026-07-03,high,auto,08:00,22:00,08:00-22:00,1
12,Хорошо,kfm,2026-07-03,high,bike,08:00,18:00,08:00-22:00,1
12,Хорошо,kfm,2026-07-03,high,bike,08:00,22:00,08:00-22:00,1
121,Косяк Новая Рига,non_kfm,2026-07-03,medium,auto,10:00,18:00,10:00-22:00,1
123,Опен Нева,kfm,2026-07-03,high,bike,08:00,21:00,08:00-23:00,2
124,ЦБ AVA Bistro,non_kfm,2026-07-03,medium,auto,09:00,18:00,09:00-22:30,1
126,Опен Покровка,kfm,2026-07-03,high,bike,07:00,16:00,07:00-23:00,1
126,Опен Покровка,kfm,2026-07-03,high,bike,07:00,21:00,07:00-23:00,1
126,Опен Покровка,kfm,2026-07-03,high,bike,07:00,23:00,07:00-23:00,1
127,БТ Покровка,kfm,2026-07-03,medium,bike,07:00,23:00,07:00-23:00,1
128,Кофемания Лаки,kfm,2026-07-03,high,bike,08:00,18:00,08:00-24:00,1
128,Кофемания Лаки,kfm,2026-07-03,high,bike,08:00,24:00,08:00-24:00,1
137,БТ Мясницкая,kfm,2026-07-03,medium,bike,08:00,18:00,08:00-23:59,1
138,БТ Таганка,kfm,2026-07-03,medium,bike,08:00,23:00,08:00-23:00,1
14,Метрополис,kfm,2026-07-03,high,auto,09:00,11:00,09:00-23:00,1
14,Метрополис,kfm,2026-07-03,high,auto,09:00,16:00,09:00-23:00,1
14,Метрополис,kfm,2026-07-03,high,auto,09:00,18:00,09:00-23:00,1
14,Метрополис,kfm,2026-07-03,high,auto,09:00,21:00,09:00-23:00,1
14,Метрополис,kfm,2026-07-03,high,bike,09:00,23:00,09:00-23:00,1
142,RED7,kfm,2026-07-03,medium,bike,08:00,23:00,08:00-23:59,1
15,Комсомолка,kfm,2026-07-03,medium,auto,00:00,06:00,00:00-24:00,1
15,Комсомолка,kfm,2026-07-03,medium,bike,00:00,24:00,00:00-24:00,1
16,Мосфильм,kfm,2026-07-03,medium,bike,08:00,23:00,08:00-23:00,1
17,Внуково,kfm,2026-07-03,high,auto,08:00,22:00,08:00-22:00,2
17,Внуково,kfm,2026-07-03,high,bike,08:00,22:00,08:00-22:00,1
18,Новая Рига,kfm,2026-07-03,medium,auto,08:00,18:00,08:00-22:00,1
18,Новая Рига,kfm,2026-07-03,medium,bike,08:00,22:00,08:00-22:00,1
182,Miss You,non_kfm,2026-07-03,medium,auto,09:00,23:00,09:00-23:00,1
2,Кудринская,kfm,2026-07-03,high,bike,07:00,18:00,07:00-24:00,1
2,Кудринская,kfm,2026-07-03,high,bike,07:00,21:00,07:00-24:00,1
2,Кудринская,kfm,2026-07-03,high,bike,07:00,24:00,07:00-24:00,1
20,Павлово,kfm,2026-07-03,medium,auto,08:00,18:00,08:00-22:00,1
20,Павлово,kfm,2026-07-03,medium,bike,08:00,22:00,08:00-22:00,1
21,Горки-2,kfm,2026-07-03,high,auto,08:00,21:00,08:00-23:00,1
21,Горки-2,kfm,2026-07-03,high,auto,08:00,23:00,08:00-23:00,1
21,Горки-2,kfm,2026-07-03,high,bike,08:00,23:00,08:00-23:00,1
22,Жажда Крови,kfm,2026-07-03,medium,auto,12:00,18:00,12:00-24:00,1
222,Ирис Химки,non_kfm,2026-07-03,low,auto,06:00,12:00,06:00-23:59,1
25,Весна,kfm,2026-07-03,high,auto,08:00,16:00,08:00-24:00,1
25,Весна,kfm,2026-07-03,high,bike,08:00,11:00,08:00-24:00,1
25,Весна,kfm,2026-07-03,high,bike,08:00,24:00,08:00-24:00,1
26,Тверская,kfm,2026-07-03,medium,bike,08:00,23:00,08:00-23:00,1
27,4 Ветра,kfm,2026-07-03,medium,auto,08:00,23:00,08:00-23:30,1
28,Гранд,kfm,2026-07-03,medium,bike,08:00,18:00,08:00-23:00,1
29,Украинский,kfm,2026-07-03,mega,auto,07:00,16:00,07:00-23:00,2
29,Украинский,kfm,2026-07-03,mega,auto,07:00,18:00,07:00-23:00,1
29,Украинский,kfm,2026-07-03,mega,auto,07:00,21:00,07:00-23:00,2
29,Украинский,kfm,2026-07-03,mega,auto,07:00,23:00,07:00-23:00,1
29,Украинский,kfm,2026-07-03,mega,bike,07:00,18:00,07:00-23:00,1
29,Украинский,kfm,2026-07-03,mega,bike,07:00,23:00,07:00-23:00,1
30,Черёмушки,kfm,2026-07-03,mega,auto,08:00,21:00,08:00-24:00,1
30,Черёмушки,kfm,2026-07-03,mega,auto,08:00,24:00,08:00-24:00,1
30,Черёмушки,kfm,2026-07-03,mega,bike,08:00,18:00,08:00-24:00,1
30,Черёмушки,kfm,2026-07-03,mega,bike,08:00,24:00,08:00-24:00,1
301,Биродром и Панчетта Дежнева,non_kfm,2026-07-03,medium,auto,12:00,23:00,12:00-23:00,1
33,Даниловский,kfm,2026-07-03,high,auto,08:00,21:00,08:00-23:00,2
33,Даниловский,kfm,2026-07-03,high,bike,08:00,16:00,08:00-23:00,1
33,Даниловский,kfm,2026-07-03,high,bike,08:00,23:00,08:00-23:00,1
335,Кутузовский (Не использовать),kfm,2026-07-03,low,auto,00:00,06:00,00:00-24:00,1
335,Кутузовский (Не использовать),kfm,2026-07-03,low,auto,00:00,24:00,00:00-24:00,1
335,Кутузовский (Не использовать),kfm,2026-07-03,low,bike,00:00,12:00,00:00-24:00,1
34,Аркус,kfm,2026-07-03,medium,auto,08:00,24:00,08:00-24:00,1
34,Аркус,kfm,2026-07-03,medium,bike,08:00,18:00,08:00-24:00,1
348,Рига Холл,kfm,2026-07-03,medium,bike,09:00,22:00,09:00-22:00,1
35,Ленинский,kfm,2026-07-03,high,auto,08:00,21:00,08:00-23:00,2
35,Ленинский,kfm,2026-07-03,high,bike,08:00,16:00,08:00-23:00,1
35,Ленинский,kfm,2026-07-03,high,bike,08:00,23:00,08:00-23:00,1
36,Friends Forever Botanica,non_kfm,2026-07-03,medium,bike,08:00,18:00,08:00-23:00,1
37,БТ Усачева,kfm,2026-07-03,medium,bike,08:00,22:00,08:00-22:00,1
38,Нева,kfm,2026-07-03,medium,bike,08:00,23:00,08:00-23:00,1
39,Гребной,kfm,2026-07-03,mega,auto,08:00,21:00,08:00-23:00,2
39,Гребной,kfm,2026-07-03,mega,bike,08:00,16:00,08:00-23:00,1
39,Гребной,kfm,2026-07-03,mega,bike,08:00,23:00,08:00-23:00,1
4,Аврора,kfm,2026-07-03,high,auto,08:00,18:00,08:00-24:00,1
4,Аврора,kfm,2026-07-03,high,auto,08:00,24:00,08:00-24:00,1
4,Аврора,kfm,2026-07-03,high,bike,08:00,16:00,08:00-24:00,1
4,Аврора,kfm,2026-07-03,high,bike,08:00,21:00,08:00-24:00,1
4,Аврора,kfm,2026-07-03,high,bike,08:00,24:00,08:00-24:00,1
40,БТ Аркус,kfm,2026-07-03,medium,bike,09:00,19:00,09:00-19:00,1
434,Сколково,kfm,2026-07-03,medium,auto,08:00,18:00,08:00-22:00,1
434,Сколково,kfm,2026-07-03,medium,bike,08:00,22:00,08:00-22:00,1
46,БТ Павелецкая Плаза,kfm,2026-07-03,medium,bike,10:00,18:00,10:00-22:00,1
47,БТ Царская Площадь,kfm,2026-07-03,medium,bike,08:00,21:00,08:00-21:00,1
478,Сыроварня Метрополис,non_kfm,2026-07-03,medium,bike,11:00,22:00,10:30-22:30,1
479,Покровка,kfm,2026-07-03,medium,auto,00:00,06:00,00:00-24:00,1
479,Покровка,kfm,2026-07-03,medium,bike,00:00,24:00,00:00-24:00,1
5,Покровка (не использовать),kfm,2026-07-03,medium,auto,00:00,06:00,00:00-24:00,1
5,Покровка (не использовать),kfm,2026-07-03,medium,bike,00:00,24:00,00:00-24:00,1
51,БТ Новинский,kfm,2026-07-03,medium,bike,08:00,22:00,08:00-22:00,1
516,La Raquette by Pinskiy&Co,non_kfm,2026-07-03,low,auto,09:00,18:00,09:00-22:00,1
58,Печорин Тишинка,non_kfm,2026-07-03,medium,auto,09:00,18:00,09:00-21:00,1
59,Печорин Шаболовка,non_kfm,2026-07-03,medium,auto,09:00,18:00,09:00-21:00,1
6,Неглинная,kfm,2026-07-03,mega,auto,00:00,21:00,00:00-24:00,1
6,Неглинная,kfm,2026-07-03,mega,auto,00:00,24:00,00:00-24:00,1
6,Неглинная,kfm,2026-07-03,mega,bike,00:00,21:00,00:00-24:00,1
6,Неглинная,kfm,2026-07-03,mega,bike,00:00,24:00,00:00-24:00,1
69,Опен Мичуринский,kfm,2026-07-03,mega,auto,08:00,16:00,08:00-23:00,1
69,Опен Мичуринский,kfm,2026-07-03,mega,auto,08:00,21:00,08:00-23:00,1
69,Опен Мичуринский,kfm,2026-07-03,mega,auto,08:00,23:00,08:00-23:00,1
69,Опен Мичуринский,kfm,2026-07-03,mega,bike,08:00,18:00,08:00-23:00,1
69,Опен Мичуринский,kfm,2026-07-03,mega,bike,08:00,21:00,08:00-23:00,1
69,Опен Мичуринский,kfm,2026-07-03,mega,bike,08:00,23:00,08:00-23:00,1
7,Белая Площадь,kfm,2026-07-03,mega,auto,00:00,24:00,00:00-24:00,2
7,Белая Площадь,kfm,2026-07-03,mega,bike,00:00,21:00,00:00-24:00,1
7,Белая Площадь,kfm,2026-07-03,mega,bike,00:00,24:00,00:00-24:00,1
72,КО Магадан,non_kfm,2026-07-03,medium,auto,12:00,24:00,12:00-24:00,1
8,Усачева,kfm,2026-07-03,mega,bike,08:00,18:00,07:30-23:30,1
8,Усачева,kfm,2026-07-03,mega,bike,08:00,21:00,07:30-23:30,1
8,Усачева,kfm,2026-07-03,mega,bike,08:00,23:00,07:30-23:30,1
9,КИНКИ,kfm,2026-07-03,high,auto,08:00,21:00,08:00-24:00,1
9,КИНКИ,kfm,2026-07-03,high,bike,08:00,24:00,08:00-24:00,1
99,Опен Аркус,kfm,2026-07-03,mega,bike,07:00,16:00,07:00-23:00,1
99,Опен Аркус,kfm,2026-07-03,mega,bike,07:00,18:00,07:00-23:00,1
99,Опен Аркус,kfm,2026-07-03,mega,bike,07:00,21:00,07:00-23:00,1
99,Опен Аркус,kfm,2026-07-03,mega,bike,07:00,23:00,07:00-23:00,2
grp_102_125,Мясо&Рыба Тверская + Meraki,non_kfm,2026-07-03,medium,auto,00:00,23:00,00:00-23:59,1
grp_102_125,Мясо&Рыба Тверская + Meraki,non_kfm,2026-07-03,medium,bike,00:00,18:00,00:00-23:59,1
grp_122_131,Косяк Тишинка + EVA Б.Грузинская,non_kfm,2026-07-03,medium,bike,08:00,23:00,08:00-23:59,1
grp_130_139,EVA Хамовники + Клёво Усачева,non_kfm,2026-07-03,medium,auto,09:00,23:00,09:00-23:59,1
grp_136_292,Ikura + Узбекистан,non_kfm,2026-07-03,medium,auto,12:00,23:00,12:00-23:00,1
grp_187_296,Биродром и Панчетта Народное ополчение + Клево Авиапарк,non_kfm,2026-07-03,medium,auto,10:00,23:00,10:00-23:00,1
grp_19_54,Conversation Никитская + Maroon,non_kfm,2026-07-03,medium,auto,08:00,24:00,08:00-24:00,2
grp_288_424,Биродром и Ив.Дурдинъ Мичуринский + Корнер Ланового,non_kfm,2026-07-03,medium,auto,11:00,23:00,11:00-23:00,1
grp_302_443,Ribambelle Шелепиха + Пинский доставка,non_kfm,2026-07-03,medium,auto,10:00,18:00,10:00-22:00,1
grp_62_140,Печорин Новочеремушкинская  + Клёво Черемушки,non_kfm,2026-07-03,medium,auto,09:00,23:00,09:00-23:00,1
grp_71_94,КО Medusa + КО Высота 5642,non_kfm,2026-07-03,medium,auto,12:00,23:00,12:00-23:59,1
grp_98_298,Печорин Угрешская + Ив. Дурдинъ Волгоградский,non_kfm,2026-07-03,medium,auto,08:00,23:00,08:00-23:00,1
grp_98_298,Печорин Угрешская + Ив. Дурдинъ Волгоградский,non_kfm,2026-07-03,medium,bike,08:00,18:00,08:00-23:00,1
1,Wall Street,kfm,2026-07-04,medium,bike,09:00,23:00,09:00-23:00,1
10,Якиманка,kfm,2026-07-04,medium,bike,08:00,23:00,08:00-23:30,1
100,Колбасный Цех / Магадан,non_kfm,2026-07-04,medium,auto,10:00,18:00,10:00-23:00,1
101,Алия,kfm,2026-07-04,high,auto,08:00,16:00,08:00-23:00,1
101,Алия,kfm,2026-07-04,high,auto,08:00,21:00,08:00-23:00,1
101,Алия,kfm,2026-07-04,high,auto,08:00,23:00,08:00-23:00,1
11,Кутузовский,kfm,2026-07-04,medium,auto,00:00,07:00,00:00-07:00,5
11,Кутузовский,kfm,2026-07-04,medium,auto,23:00,24:00,23:00-24:00,1
115,Опен Символ,kfm,2026-07-04,high,auto,07:00,21:00,07:00-23:00,1
115,Опен Символ,kfm,2026-07-04,high,auto,07:00,23:00,07:00-23:00,1
115,Опен Символ,kfm,2026-07-04,high,bike,07:00,11:00,07:00-23:00,1
115,Опен Символ,kfm,2026-07-04,high,bike,07:00,21:00,07:00-23:00,1
116,Корнер Дмитровка,non_kfm,2026-07-04,medium,auto,12:00,23:00,12:00-23:00,1
119,Bluefin Успенское,non_kfm,2026-07-04,medium,auto,11:00,23:00,11:00-23:00,1
119,Bluefin Успенское,non_kfm,2026-07-04,medium,bike,11:00,18:00,11:00-23:00,1
12,Хорошо,kfm,2026-07-04,high,auto,09:00,22:00,09:00-22:00,1
12,Хорошо,kfm,2026-07-04,high,bike,09:00,18:00,09:00-22:00,1
12,Хорошо,kfm,2026-07-04,high,bike,09:00,22:00,09:00-22:00,1
121,Косяк Новая Рига,non_kfm,2026-07-04,medium,auto,10:00,18:00,10:00-22:00,1
123,Опен Нева,kfm,2026-07-04,high,bike,08:00,21:00,08:00-23:00,1
124,ЦБ AVA Bistro,non_kfm,2026-07-04,medium,auto,09:00,18:00,09:00-22:30,1
126,Опен Покровка,kfm,2026-07-04,high,bike,07:00,18:00,07:00-23:00,1
126,Опен Покровка,kfm,2026-07-04,high,bike,07:00,23:00,07:00-23:00,1
127,БТ Покровка,kfm,2026-07-04,medium,bike,07:00,23:00,07:00-23:00,1
128,Кофемания Лаки,kfm,2026-07-04,high,bike,08:00,18:00,08:00-24:00,1
128,Кофемания Лаки,kfm,2026-07-04,high,bike,08:00,24:00,08:00-24:00,1
137,БТ Мясницкая,kfm,2026-07-04,medium,bike,08:00,23:00,08:00-23:59,1
138,БТ Таганка,kfm,2026-07-04,medium,bike,08:00,18:00,08:00-23:00,1
14,Метрополис,kfm,2026-07-04,high,auto,09:00,11:00,09:00-23:00,1
14,Метрополис,kfm,2026-07-04,high,auto,09:00,16:00,09:00-23:00,2
14,Метрополис,kfm,2026-07-04,high,auto,09:00,21:00,09:00-23:00,1
14,Метрополис,kfm,2026-07-04,high,bike,09:00,23:00,09:00-23:00,1
142,RED7,kfm,2026-07-04,medium,bike,08:00,23:00,08:00-23:59,1
15,Комсомолка,kfm,2026-07-04,medium,auto,00:00,06:00,00:00-24:00,1
15,Комсомолка,kfm,2026-07-04,medium,bike,00:00,24:00,00:00-24:00,1
16,Мосфильм,kfm,2026-07-04,medium,bike,08:00,23:00,08:00-23:00,1
17,Внуково,kfm,2026-07-04,high,auto,08:00,18:00,08:00-22:00,1
17,Внуково,kfm,2026-07-04,high,auto,08:00,22:00,08:00-22:00,1
17,Внуково,kfm,2026-07-04,high,bike,08:00,22:00,08:00-22:00,1
18,Новая Рига,kfm,2026-07-04,medium,auto,08:00,18:00,08:00-22:00,1
18,Новая Рига,kfm,2026-07-04,medium,bike,08:00,22:00,08:00-22:00,1
182,Miss You,non_kfm,2026-07-04,medium,auto,09:00,23:00,09:00-23:00,1
2,Кудринская,kfm,2026-07-04,high,bike,07:00,21:00,07:00-24:00,1
2,Кудринская,kfm,2026-07-04,high,bike,07:00,24:00,07:00-24:00,1
20,Павлово,kfm,2026-07-04,medium,auto,09:00,18:00,09:00-22:00,1
20,Павлово,kfm,2026-07-04,medium,bike,09:00,22:00,09:00-22:00,1
21,Горки-2,kfm,2026-07-04,high,auto,08:00,16:00,08:00-23:00,1
21,Горки-2,kfm,2026-07-04,high,auto,08:00,21:00,08:00-23:00,1
21,Горки-2,kfm,2026-07-04,high,auto,08:00,23:00,08:00-23:00,1
21,Горки-2,kfm,2026-07-04,high,bike,08:00,23:00,08:00-23:00,1
222,Ирис Химки,non_kfm,2026-07-04,low,auto,06:00,12:00,06:00-23:59,1
25,Весна,kfm,2026-07-04,high,auto,08:00,16:00,08:00-24:00,1
25,Весна,kfm,2026-07-04,high,bike,08:00,11:00,08:00-24:00,1
25,Весна,kfm,2026-07-04,high,bike,08:00,24:00,08:00-24:00,1
26,Тверская,kfm,2026-07-04,medium,bike,08:00,23:00,08:00-23:00,1
27,4 Ветра,kfm,2026-07-04,medium,auto,08:00,23:00,08:00-23:30,1
28,Гранд,kfm,2026-07-04,medium,bike,10:00,18:00,10:00-23:00,1
29,Украинский,kfm,2026-07-04,mega,auto,07:00,16:00,07:00-23:00,3
29,Украинский,kfm,2026-07-04,mega,auto,07:00,21:00,07:00-23:00,3
29,Украинский,kfm,2026-07-04,mega,bike,07:00,18:00,07:00-23:00,1
29,Украинский,kfm,2026-07-04,mega,bike,07:00,23:00,07:00-23:00,1
30,Черёмушки,kfm,2026-07-04,mega,auto,08:00,21:00,08:00-24:00,1
30,Черёмушки,kfm,2026-07-04,mega,auto,08:00,24:00,08:00-24:00,1
30,Черёмушки,kfm,2026-07-04,mega,bike,08:00,16:00,08:00-24:00,1
30,Черёмушки,kfm,2026-07-04,mega,bike,08:00,24:00,08:00-24:00,1
301,Биродром и Панчетта Дежнева,non_kfm,2026-07-04,medium,auto,12:00,23:00,12:00-23:00,1
33,Даниловский,kfm,2026-07-04,high,auto,08:00,21:00,08:00-23:00,2
33,Даниловский,kfm,2026-07-04,high,bike,08:00,16:00,08:00-23:00,1
33,Даниловский,kfm,2026-07-04,high,bike,08:00,23:00,08:00-23:00,1
335,Кутузовский (Не использовать),kfm,2026-07-04,low,auto,00:00,06:00,00:00-24:00,1
335,Кутузовский (Не использовать),kfm,2026-07-04,low,auto,00:00,24:00,00:00-24:00,1
335,Кутузовский (Не использовать),kfm,2026-07-04,low,bike,00:00,12:00,00:00-24:00,1
34,Аркус,kfm,2026-07-04,medium,auto,08:00,24:00,08:00-24:00,1
34,Аркус,kfm,2026-07-04,medium,bike,08:00,18:00,08:00-24:00,1
348,Рига Холл,kfm,2026-07-04,medium,bike,09:00,22:00,09:00-22:00,1
35,Ленинский,kfm,2026-07-04,high,auto,08:00,18:00,08:00-23:00,1
35,Ленинский,kfm,2026-07-04,high,auto,08:00,21:00,08:00-23:00,1
35,Ленинский,kfm,2026-07-04,high,bike,08:00,16:00,08:00-23:00,1
35,Ленинский,kfm,2026-07-04,high,bike,08:00,23:00,08:00-23:00,1
36,Friends Forever Botanica,non_kfm,2026-07-04,medium,auto,08:00,18:00,08:00-23:00,1
37,БТ Усачева,kfm,2026-07-04,medium,bike,08:00,22:00,08:00-22:00,1
38,Нева,kfm,2026-07-04,medium,bike,08:00,23:00,08:00-23:00,1
39,Гребной,kfm,2026-07-04,mega,auto,08:00,21:00,08:00-23:00,2
39,Гребной,kfm,2026-07-04,mega,bike,08:00,11:00,08:00-23:00,1
39,Гребной,kfm,2026-07-04,mega,bike,08:00,23:00,08:00-23:00,1
4,Аврора,kfm,2026-07-04,high,auto,10:00,24:00,10:00-24:00,1
4,Аврора,kfm,2026-07-04,high,bike,10:00,16:00,10:00-24:00,1
4,Аврора,kfm,2026-07-04,high,bike,10:00,21:00,10:00-24:00,1
4,Аврора,kfm,2026-07-04,high,bike,10:00,24:00,10:00-24:00,1
40,БТ Аркус,kfm,2026-07-04,medium,bike,09:00,19:00,09:00-19:00,1
434,Сколково,kfm,2026-07-04,medium,auto,08:00,18:00,08:00-22:00,1
434,Сколково,kfm,2026-07-04,medium,bike,08:00,22:00,08:00-22:00,1
46,БТ Павелецкая Плаза,kfm,2026-07-04,medium,bike,10:00,18:00,10:00-22:00,1
47,БТ Царская Площадь,kfm,2026-07-04,medium,bike,08:00,21:00,08:00-21:00,1
478,Сыроварня Метрополис,non_kfm,2026-07-04,medium,bike,11:00,22:00,10:30-22:30,1
479,Покровка,kfm,2026-07-04,medium,auto,00:00,06:00,00:00-24:00,1
479,Покровка,kfm,2026-07-04,medium,bike,00:00,24:00,00:00-24:00,1
5,Покровка (не использовать),kfm,2026-07-04,medium,auto,00:00,06:00,00:00-24:00,1
5,Покровка (не использовать),kfm,2026-07-04,medium,bike,00:00,24:00,00:00-24:00,1
51,БТ Новинский,kfm,2026-07-04,medium,bike,08:00,18:00,08:00-22:00,1
516,La Raquette by Pinskiy&Co,non_kfm,2026-07-04,low,auto,09:00,18:00,09:00-22:00,1
58,Печорин Тишинка,non_kfm,2026-07-04,medium,auto,09:00,18:00,09:00-21:00,1
59,Печорин Шаболовка,non_kfm,2026-07-04,medium,auto,09:00,18:00,09:00-21:00,1
6,Неглинная,kfm,2026-07-04,mega,auto,00:00,11:00,00:00-24:00,1
6,Неглинная,kfm,2026-07-04,mega,auto,00:00,24:00,00:00-24:00,1
6,Неглинная,kfm,2026-07-04,mega,bike,00:00,21:00,00:00-24:00,1
6,Неглинная,kfm,2026-07-04,mega,bike,00:00,24:00,00:00-24:00,1
60,Печорин Карбышева,non_kfm,2026-07-04,medium,auto,09:00,12:00,09:00-21:00,1
69,Опен Мичуринский,kfm,2026-07-04,mega,auto,08:00,16:00,08:00-23:00,1
69,Опен Мичуринский,kfm,2026-07-04,mega,auto,08:00,21:00,08:00-23:00,2
69,Опен Мичуринский,kfm,2026-07-04,mega,bike,08:00,18:00,08:00-23:00,1
69,Опен Мичуринский,kfm,2026-07-04,mega,bike,08:00,21:00,08:00-23:00,1
69,Опен Мичуринский,kfm,2026-07-04,mega,bike,08:00,23:00,08:00-23:00,1
7,Белая Площадь,kfm,2026-07-04,mega,auto,00:00,21:00,00:00-24:00,1
7,Белая Площадь,kfm,2026-07-04,mega,auto,00:00,24:00,00:00-24:00,1
7,Белая Площадь,kfm,2026-07-04,mega,bike,00:00,18:00,00:00-24:00,1
7,Белая Площадь,kfm,2026-07-04,mega,bike,00:00,24:00,00:00-24:00,1
72,КО Магадан,non_kfm,2026-07-04,medium,auto,12:00,24:00,12:00-24:00,1
8,Усачева,kfm,2026-07-04,mega,bike,08:00,16:00,07:30-23:30,1
8,Усачева,kfm,2026-07-04,mega,bike,08:00,21:00,07:30-23:30,1
8,Усачева,kfm,2026-07-04,mega,bike,08:00,23:00,07:30-23:30,1
9,КИНКИ,kfm,2026-07-04,high,auto,08:00,24:00,08:00-24:00,1
9,КИНКИ,kfm,2026-07-04,high,bike,08:00,24:00,08:00-24:00,1
99,Опен Аркус,kfm,2026-07-04,mega,bike,07:00,11:00,07:00-23:00,1
99,Опен Аркус,kfm,2026-07-04,mega,bike,07:00,18:00,07:00-23:00,1
99,Опен Аркус,kfm,2026-07-04,mega,bike,07:00,21:00,07:00-23:00,1
99,Опен Аркус,kfm,2026-07-04,mega,bike,07:00,23:00,07:00-23:00,2
grp_102_125,Мясо&Рыба Тверская + Meraki,non_kfm,2026-07-04,medium,auto,00:00,23:00,00:00-23:59,1
grp_122_131,Косяк Тишинка + EVA Б.Грузинская,non_kfm,2026-07-04,medium,bike,08:00,23:00,08:00-23:59,1
grp_130_139,EVA Хамовники + Клёво Усачева,non_kfm,2026-07-04,medium,auto,09:00,23:00,09:00-23:59,1
grp_136_292,Ikura + Узбекистан,non_kfm,2026-07-04,medium,auto,12:00,23:00,12:00-23:00,1
grp_187_296,Биродром и Панчетта Народное ополчение + Клево Авиапарк,non_kfm,2026-07-04,medium,auto,10:00,23:00,10:00-23:00,1
grp_19_54,Conversation Никитская + Maroon,non_kfm,2026-07-04,medium,auto,08:00,18:00,08:00-24:00,1
grp_19_54,Conversation Никитская + Maroon,non_kfm,2026-07-04,medium,auto,08:00,24:00,08:00-24:00,1
grp_288_424,Биродром и Ив.Дурдинъ Мичуринский + Корнер Ланового,non_kfm,2026-07-04,medium,auto,11:00,23:00,11:00-23:00,1
grp_302_443,Ribambelle Шелепиха + Пинский доставка,non_kfm,2026-07-04,medium,auto,10:00,18:00,10:00-22:00,1
grp_62_140,Печорин Новочеремушкинская  + Клёво Черемушки,non_kfm,2026-07-04,medium,auto,09:00,23:00,09:00-23:00,1
grp_71_94,КО Medusa + КО Высота 5642,non_kfm,2026-07-04,medium,auto,12:00,23:00,12:00-23:59,1
grp_98_298,Печорин Угрешская + Ив. Дурдинъ Волгоградский,non_kfm,2026-07-04,medium,auto,08:00,23:00,08:00-23:00,1
1,Wall Street,kfm,2026-07-05,medium,bike,09:00,23:00,09:00-23:00,1
10,Якиманка,kfm,2026-07-05,medium,bike,08:00,23:00,08:00-23:30,1
100,Колбасный Цех / Магадан,non_kfm,2026-07-05,medium,auto,10:00,18:00,10:00-22:00,1
101,Алия,kfm,2026-07-05,high,auto,08:00,18:00,08:00-23:00,1
101,Алия,kfm,2026-07-05,high,auto,08:00,21:00,08:00-23:00,1
101,Алия,kfm,2026-07-05,high,auto,08:00,23:00,08:00-23:00,1
11,Кутузовский,kfm,2026-07-05,medium,auto,00:00,07:00,00:00-07:00,4
11,Кутузовский,kfm,2026-07-05,medium,auto,23:00,24:00,23:00-24:00,1
115,Опен Символ,kfm,2026-07-05,high,auto,07:00,21:00,07:00-23:00,1
115,Опен Символ,kfm,2026-07-05,high,auto,07:00,23:00,07:00-23:00,1
115,Опен Символ,kfm,2026-07-05,high,bike,07:00,11:00,07:00-23:00,1
115,Опен Символ,kfm,2026-07-05,high,bike,07:00,21:00,07:00-23:00,1
116,Корнер Дмитровка,non_kfm,2026-07-05,medium,auto,12:00,23:00,12:00-23:00,1
119,Bluefin Успенское,non_kfm,2026-07-05,medium,auto,11:00,23:00,11:00-23:00,1
119,Bluefin Успенское,non_kfm,2026-07-05,medium,bike,11:00,18:00,11:00-23:00,1
12,Хорошо,kfm,2026-07-05,high,auto,09:00,22:00,09:00-22:00,1
12,Хорошо,kfm,2026-07-05,high,bike,09:00,16:00,09:00-22:00,1
12,Хорошо,kfm,2026-07-05,high,bike,09:00,22:00,09:00-22:00,1
123,Опен Нева,kfm,2026-07-05,high,bike,08:00,21:00,08:00-23:00,1
124,ЦБ AVA Bistro,non_kfm,2026-07-05,medium,auto,09:00,18:00,09:00-22:30,1
126,Опен Покровка,kfm,2026-07-05,high,bike,07:00,18:00,07:00-23:00,1
126,Опен Покровка,kfm,2026-07-05,high,bike,07:00,23:00,07:00-23:00,1
127,БТ Покровка,kfm,2026-07-05,medium,bike,07:00,23:00,07:00-23:00,1
128,Кофемания Лаки,kfm,2026-07-05,high,bike,08:00,18:00,08:00-24:00,1
128,Кофемания Лаки,kfm,2026-07-05,high,bike,08:00,24:00,08:00-24:00,1
137,БТ Мясницкая,kfm,2026-07-05,medium,bike,08:00,18:00,08:00-23:00,1
138,БТ Таганка,kfm,2026-07-05,medium,bike,08:00,18:00,08:00-23:00,1
14,Метрополис,kfm,2026-07-05,high,auto,09:00,16:00,09:00-23:00,2
14,Метрополис,kfm,2026-07-05,high,auto,09:00,21:00,09:00-23:00,1
14,Метрополис,kfm,2026-07-05,high,bike,09:00,23:00,09:00-23:00,1
142,RED7,kfm,2026-07-05,medium,bike,08:00,23:00,08:00-23:59,1
15,Комсомолка,kfm,2026-07-05,medium,auto,00:00,06:00,00:00-24:00,1
15,Комсомолка,kfm,2026-07-05,medium,bike,00:00,24:00,00:00-24:00,1
16,Мосфильм,kfm,2026-07-05,medium,bike,08:00,23:00,08:00-23:00,1
17,Внуково,kfm,2026-07-05,high,auto,08:00,18:00,08:00-22:00,1
17,Внуково,kfm,2026-07-05,high,auto,08:00,22:00,08:00-22:00,1
17,Внуково,kfm,2026-07-05,high,bike,08:00,22:00,08:00-22:00,1
18,Новая Рига,kfm,2026-07-05,medium,auto,08:00,18:00,08:00-22:00,2
18,Новая Рига,kfm,2026-07-05,medium,bike,08:00,22:00,08:00-22:00,1
182,Miss You,non_kfm,2026-07-05,medium,auto,09:00,23:00,09:00-23:00,1
2,Кудринская,kfm,2026-07-05,high,bike,07:00,21:00,07:00-24:00,1
2,Кудринская,kfm,2026-07-05,high,bike,07:00,24:00,07:00-24:00,1
20,Павлово,kfm,2026-07-05,medium,auto,09:00,18:00,09:00-22:00,1
20,Павлово,kfm,2026-07-05,medium,bike,09:00,22:00,09:00-22:00,1
21,Горки-2,kfm,2026-07-05,high,auto,08:00,21:00,08:00-23:00,1
21,Горки-2,kfm,2026-07-05,high,auto,08:00,23:00,08:00-23:00,1
21,Горки-2,kfm,2026-07-05,high,bike,08:00,23:00,08:00-23:00,1
222,Ирис Химки,non_kfm,2026-07-05,low,auto,06:00,12:00,06:00-23:59,1
25,Весна,kfm,2026-07-05,high,auto,08:00,16:00,08:00-24:00,1
25,Весна,kfm,2026-07-05,high,bike,08:00,11:00,08:00-24:00,1
25,Весна,kfm,2026-07-05,high,bike,08:00,24:00,08:00-24:00,1
26,Тверская,kfm,2026-07-05,medium,bike,08:00,23:00,08:00-23:00,1
27,4 Ветра,kfm,2026-07-05,medium,auto,08:00,23:00,08:00-23:30,1
28,Гранд,kfm,2026-07-05,medium,bike,10:00,18:00,10:00-23:00,1
29,Украинский,kfm,2026-07-05,mega,auto,07:00,16:00,07:00-23:00,2
29,Украинский,kfm,2026-07-05,mega,auto,07:00,21:00,07:00-23:00,2
29,Украинский,kfm,2026-07-05,mega,auto,07:00,23:00,07:00-23:00,1
29,Украинский,kfm,2026-07-05,mega,bike,07:00,18:00,07:00-23:00,1
29,Украинский,kfm,2026-07-05,mega,bike,07:00,23:00,07:00-23:00,1
30,Черёмушки,kfm,2026-07-05,mega,auto,08:00,21:00,08:00-24:00,1
30,Черёмушки,kfm,2026-07-05,mega,auto,08:00,24:00,08:00-24:00,1
30,Черёмушки,kfm,2026-07-05,mega,bike,08:00,16:00,08:00-24:00,1
30,Черёмушки,kfm,2026-07-05,mega,bike,08:00,24:00,08:00-24:00,1
301,Биродром и Панчетта Дежнева,non_kfm,2026-07-05,medium,auto,12:00,23:00,12:00-23:00,1
33,Даниловский,kfm,2026-07-05,high,auto,08:00,21:00,08:00-23:00,2
33,Даниловский,kfm,2026-07-05,high,bike,08:00,16:00,08:00-23:00,1
33,Даниловский,kfm,2026-07-05,high,bike,08:00,23:00,08:00-23:00,1
335,Кутузовский (Не использовать),kfm,2026-07-05,low,auto,00:00,06:00,00:00-24:00,1
335,Кутузовский (Не использовать),kfm,2026-07-05,low,auto,00:00,24:00,00:00-24:00,1
335,Кутузовский (Не использовать),kfm,2026-07-05,low,bike,00:00,12:00,00:00-24:00,1
34,Аркус,kfm,2026-07-05,medium,auto,08:00,24:00,08:00-24:00,1
34,Аркус,kfm,2026-07-05,medium,bike,08:00,18:00,08:00-24:00,1
348,Рига Холл,kfm,2026-07-05,medium,bike,09:00,22:00,09:00-22:00,1
35,Ленинский,kfm,2026-07-05,high,auto,08:00,18:00,08:00-23:00,1
35,Ленинский,kfm,2026-07-05,high,auto,08:00,21:00,08:00-23:00,1
35,Ленинский,kfm,2026-07-05,high,bike,08:00,23:00,08:00-23:00,1
37,БТ Усачева,kfm,2026-07-05,medium,bike,08:00,22:00,08:00-22:00,1
38,Нева,kfm,2026-07-05,medium,bike,08:00,23:00,08:00-23:00,1
39,Гребной,kfm,2026-07-05,mega,auto,08:00,21:00,08:00-23:00,2
39,Гребной,kfm,2026-07-05,mega,bike,08:00,11:00,08:00-23:00,1
39,Гребной,kfm,2026-07-05,mega,bike,08:00,23:00,08:00-23:00,1
4,Аврора,kfm,2026-07-05,high,auto,10:00,24:00,10:00-24:00,1
4,Аврора,kfm,2026-07-05,high,bike,10:00,16:00,10:00-24:00,1
4,Аврора,kfm,2026-07-05,high,bike,10:00,21:00,10:00-24:00,1
4,Аврора,kfm,2026-07-05,high,bike,10:00,24:00,10:00-24:00,1
40,БТ Аркус,kfm,2026-07-05,medium,bike,09:00,19:00,09:00-19:00,1
434,Сколково,kfm,2026-07-05,medium,auto,08:00,18:00,08:00-22:00,1
434,Сколково,kfm,2026-07-05,medium,bike,08:00,22:00,08:00-22:00,1
46,БТ Павелецкая Плаза,kfm,2026-07-05,medium,bike,10:00,18:00,10:00-22:00,1
47,БТ Царская Площадь,kfm,2026-07-05,medium,bike,08:00,21:00,08:00-21:00,1
478,Сыроварня Метрополис,non_kfm,2026-07-05,medium,bike,11:00,22:00,10:30-22:30,1
479,Покровка,kfm,2026-07-05,medium,auto,00:00,06:00,00:00-24:00,1
479,Покровка,kfm,2026-07-05,medium,bike,00:00,24:00,00:00-24:00,1
5,Покровка (не использовать),kfm,2026-07-05,medium,auto,00:00,06:00,00:00-24:00,1
5,Покровка (не использовать),kfm,2026-07-05,medium,bike,00:00,24:00,00:00-24:00,1
51,БТ Новинский,kfm,2026-07-05,medium,bike,08:00,18:00,08:00-22:00,1
516,La Raquette by Pinskiy&Co,non_kfm,2026-07-05,low,auto,09:00,18:00,09:00-22:00,1
58,Печорин Тишинка,non_kfm,2026-07-05,medium,auto,09:00,18:00,09:00-21:00,1
59,Печорин Шаболовка,non_kfm,2026-07-05,medium,auto,09:00,18:00,09:00-21:00,1
6,Неглинная,kfm,2026-07-05,mega,auto,00:00,24:00,00:00-24:00,1
6,Неглинная,kfm,2026-07-05,mega,bike,00:00,21:00,00:00-24:00,1
6,Неглинная,kfm,2026-07-05,mega,bike,00:00,24:00,00:00-24:00,1
69,Опен Мичуринский,kfm,2026-07-05,mega,auto,08:00,16:00,08:00-23:00,1
69,Опен Мичуринский,kfm,2026-07-05,mega,auto,08:00,21:00,08:00-23:00,2
69,Опен Мичуринский,kfm,2026-07-05,mega,bike,08:00,18:00,08:00-23:00,1
69,Опен Мичуринский,kfm,2026-07-05,mega,bike,08:00,21:00,08:00-23:00,1
69,Опен Мичуринский,kfm,2026-07-05,mega,bike,08:00,23:00,08:00-23:00,1
7,Белая Площадь,kfm,2026-07-05,mega,auto,00:00,21:00,00:00-24:00,1
7,Белая Площадь,kfm,2026-07-05,mega,auto,00:00,24:00,00:00-24:00,1
7,Белая Площадь,kfm,2026-07-05,mega,bike,00:00,18:00,00:00-24:00,1
7,Белая Площадь,kfm,2026-07-05,mega,bike,00:00,24:00,00:00-24:00,1
72,КО Магадан,non_kfm,2026-07-05,medium,auto,12:00,23:00,12:00-23:59,1
8,Усачева,kfm,2026-07-05,mega,bike,08:00,16:00,07:30-23:30,1
8,Усачева,kfm,2026-07-05,mega,bike,08:00,21:00,07:30-23:30,1
8,Усачева,kfm,2026-07-05,mega,bike,08:00,23:00,07:30-23:30,1
9,КИНКИ,kfm,2026-07-05,high,auto,08:00,21:00,08:00-23:00,1
9,КИНКИ,kfm,2026-07-05,high,bike,08:00,23:00,08:00-23:00,1
99,Опен Аркус,kfm,2026-07-05,mega,bike,07:00,16:00,07:00-23:00,2
99,Опен Аркус,kfm,2026-07-05,mega,bike,07:00,21:00,07:00-23:00,1
99,Опен Аркус,kfm,2026-07-05,mega,bike,07:00,23:00,07:00-23:00,2
grp_102_125,Мясо&Рыба Тверская + Meraki,non_kfm,2026-07-05,medium,auto,00:00,23:00,00:00-23:59,1
grp_122_131,Косяк Тишинка + EVA Б.Грузинская,non_kfm,2026-07-05,medium,bike,08:00,23:00,08:00-23:59,1
grp_130_139,EVA Хамовники + Клёво Усачева,non_kfm,2026-07-05,medium,auto,09:00,23:00,09:00-23:59,1
grp_136_292,Ikura + Узбекистан,non_kfm,2026-07-05,medium,auto,12:00,23:00,12:00-23:00,1
grp_187_296,Биродром и Панчетта Народное ополчение + Клево Авиапарк,non_kfm,2026-07-05,medium,auto,10:00,23:00,10:00-23:00,1
grp_19_54,Conversation Никитская + Maroon,non_kfm,2026-07-05,medium,auto,08:00,24:00,08:00-24:00,2
grp_288_424,Биродром и Ив.Дурдинъ Мичуринский + Корнер Ланового,non_kfm,2026-07-05,medium,auto,11:00,23:00,11:00-23:00,1
grp_302_443,Ribambelle Шелепиха + Пинский доставка,non_kfm,2026-07-05,medium,auto,10:00,22:00,10:00-22:00,1
grp_62_140,Печорин Новочеремушкинская  + Клёво Черемушки,non_kfm,2026-07-05,medium,auto,09:00,23:00,09:00-23:00,1
grp_71_94,КО Medusa + КО Высота 5642,non_kfm,2026-07-05,medium,auto,12:00,23:00,12:00-23:59,1
grp_98_298,Печорин Угрешская + Ив. Дурдинъ Волгоградский,non_kfm,2026-07-05,medium,auto,08:00,23:00,08:00-23:00,1
