merged_group,time_segment,rows,mae,rmse,wape,mean_abs_pct_error,rows_nonzero_orders,mean_orders,mean_pred,acceptance_applicable,acceptance_passed
grp_102_125,block_00_06,76.0,0.8026315789473685,1.1062026082623,0.7625,30.43333333333333,50.0,1.0526315789473684,1.25,False,False
grp_102_125,block_06_12,76.0,1.263157894736842,1.67803142809788,0.8205128205128205,52.81818181818182,55.0,1.5394736842105263,1.6973684210526316,False,False
grp_102_125,block_12_18,76.0,2.5657894736842106,3.541111927659238,0.4721549636803874,62.131599631599634,74.0,5.434210526315789,4.552631578947368,False,False
grp_102_125,block_18_24,77.0,2.857142857142857,3.9542842128966447,0.5011389521640092,74.31216095117696,76.0,5.701298701298701,4.662337662337662,False,False
grp_122_131,block_06_12,76.0,0.21052631578947367,0.45883146774112354,1.7777777777777777,77.77777777777779,9.0,0.11842105263157894,0.14473684210526316,False,False
grp_122_131,block_12_18,76.0,1.0789473684210527,1.4142135623730951,0.6259541984732825,40.98360655737705,61.0,1.7236842105263157,1.3289473684210527,False,False
grp_122_131,block_18_24,77.0,1.3116883116883118,1.769143897445917,0.6601307189542484,52.86616161616161,66.0,1.9870129870129871,1.4285714285714286,False,False
grp_130_139,block_06_12,76.0,0.2894736842105263,0.5619514869490163,2.0,61.111111111111114,9.0,0.14473684210526316,0.25,False,False
grp_130_139,block_12_18,76.0,1.2763157894736843,1.838906998020406,0.354014598540146,36.30639097744361,76.0,3.6052631578947367,2.8289473684210527,False,False
grp_130_139,block_18_24,77.0,1.2077922077922079,1.9306145983268455,0.5027027027027027,44.01789032223815,69.0,2.4025974025974026,1.948051948051948,False,False
grp_136_292,block_12_18,76.0,2.776315789473684,4.549436055276811,0.5523560209424084,65.53555048346715,72.0,5.026315789473684,4.197368421052632,False,False
grp_136_292,block_18_24,76.0,1.8026315789473684,2.262392771521245,0.5684647302904564,72.95664983164983,72.0,3.1710526315789473,3.289473684210526,False,False
grp_187_296,block_06_12,74.0,0.47297297297297297,0.6877303054053769,2.6923076923076925,54.54545454545454,11.0,0.17567567567567569,0.4594594594594595,False,False
grp_187_296,block_12_18,76.0,1.4473684210526316,1.9867985355975657,0.6832298136645962,51.04605776736925,61.0,2.1184210526315788,2.25,False,False
grp_187_296,block_18_24,77.0,1.6103896103896105,2.0576117791668658,0.8266666666666667,67.40968801313629,58.0,1.948051948051948,1.948051948051948,False,False
grp_19_54,block_06_12,76.0,1.736842105263158,2.3841582427170787,0.676923076923077,71.38059701492536,67.0,2.5657894736842106,2.513157894736842,False,False
grp_19_54,block_12_18,76.0,5.0131578947368425,6.746344039162015,0.381,40.60275935304191,76.0,13.157894736842104,9.855263157894736,False,False
grp_19_54,block_18_24,77.0,4.363636363636363,5.80640040940045,0.3888888888888889,51.008940041146225,77.0,11.220779220779221,8.7012987012987,False,False
grp_288_424,block_06_12,75.0,0.04,0.2,3.0,100.0,1.0,0.013333333333333334,0.02666666666666667,False,False
grp_288_424,block_12_18,75.0,1.4,1.893849694845572,0.5675675675675675,57.12153518123666,67.0,2.466666666666667,2.4266666666666667,False,False
grp_288_424,block_18_24,76.0,1.2105263157894737,1.459992790176863,0.5575757575757576,58.930348258706466,67.0,2.1710526315789473,2.013157894736842,False,False
grp_302_443,block_06_12,74.0,0.581081081081081,1.465826950444236,1.72,49.20634920634921,9.0,0.33783783783783783,0.4594594594594595,False,False
grp_302_443,block_12_18,74.0,2.391891891891892,6.479698024328486,1.1419354838709677,65.49411162314385,31.0,2.0945945945945947,1.7297297297297298,False,False
grp_302_443,block_18_24,75.0,0.9333333333333333,1.0583005244258363,2.6923076923076925,32.08333333333333,16.0,0.3466666666666667,0.9866666666666667,False,False
grp_336_340,block_12_18,76.0,0.618421052631579,1.006557447310804,1.0,100.0,37.0,0.618421052631579,0.02631578947368421,False,False
grp_336_340,block_18_24,77.0,0.7142857142857143,1.2842704735960604,1.0784313725490196,100.0,32.0,0.6623376623376623,0.1038961038961039,False,False
grp_341_347,block_06_12,46.0,0.021739130434782608,0.14744195615489714,1.0,100.0,1.0,0.021739130434782608,0.0,False,False
grp_341_347,block_12_18,74.0,0.1891891891891892,0.46499055497527714,1.0,100.0,13.0,0.1891891891891892,0.0,False,False
grp_341_347,block_18_24,75.0,0.28,0.621825270205921,1.0,100.0,17.0,0.28,0.0,False,False
grp_343_346,block_06_12,74.0,0.05405405405405406,0.23249527748763857,1.0,100.0,4.0,0.05405405405405406,0.0,False,False
grp_343_346,block_12_18,73.0,0.0410958904109589,0.2027212135198458,1.0,100.0,3.0,0.0410958904109589,0.0,False,False
grp_343_346,block_18_24,74.0,0.013513513513513514,0.11624763874381928,1.0,100.0,1.0,0.013513513513513514,0.0,False,False
grp_420_481,block_06_12,68.0,0.014705882352941176,0.12126781251816648,1.0,100.0,1.0,0.014705882352941176,0.0,False,False
grp_420_481,block_12_18,76.0,0.35526315789473684,0.7163503994113789,1.0,100.0,22.0,0.35526315789473684,0.0,False,False
grp_420_481,block_18_24,76.0,0.3815789473684211,0.835085876453812,1.0,100.0,20.0,0.3815789473684211,0.0,False,False
grp_62_140,block_06_12,76.0,0.9342105263157895,1.4734492293862544,0.461038961038961,38.311403508771924,76.0,2.026315789473684,1.381578947368421,False,False
grp_62_140,block_12_18,76.0,1.868421052631579,2.5495097567963922,0.6311111111111111,63.53970242029943,67.0,2.960526315789474,2.723684210526316,False,False
grp_62_140,block_18_24,77.0,0.935064935064935,1.2587357087234732,0.7912087912087912,42.36694677871149,51.0,1.1818181818181819,1.2337662337662338,False,False
grp_71_94,block_12_18,76.0,1.1973684210526316,1.5517392618742702,0.7054263565891473,50.47222222222222,60.0,1.6973684210526316,1.6578947368421053,False,False
grp_71_94,block_18_24,76.0,1.0394736842105263,1.2824729401064425,0.7596153846153846,42.13836477987421,53.0,1.368421052631579,1.3289473684210527,False,False
grp_98_298,block_06_12,76.0,0.3815789473684211,0.6177207681213422,7.25,75.0,4.0,0.05263157894736842,0.35526315789473684,False,False
grp_98_298,block_12_18,76.0,2.6447368421052633,3.2383394055075754,0.4231578947368421,54.59520209520209,74.0,6.25,5.421052631578948,False,False
grp_98_298,block_18_24,77.0,1.4675324675324675,1.9035169091386144,0.6807228915662651,52.195767195767196,63.0,2.155844155844156,2.220779220779221,False,False
